# Transcript gerado a partir de .\rt18_read_with_password_from_radio.pcapng
# OUT (direction=0) = APP->RADIO (host envia)
# IN  (direction=1) = RADIO->APP (dispositivo responde)

[2.652012000] dev=8 RADIO->APP (10 bytes)
    a1 20 00 00 00 00 02 00 82 1e                    |. ........|
[2.781303000] dev=8 APP->RADIO (8 bytes)
    02 4a 53 4f 47 52 41 50                          |.JSOGRAP|
[2.791067000] dev=8 RADIO->APP (1 bytes)
    06                                               |.|
[2.797285000] dev=8 APP->RADIO (1 bytes)
    02                                               |.|
[2.800841000] dev=8 RADIO->APP (1 bytes)
    06                                               |.|
[2.802035000] dev=8 RADIO->APP (1 bytes)
    03                                               |.|
[2.803185000] dev=8 RADIO->APP (1 bytes)
    e8                                               |.|
[2.804314000] dev=8 RADIO->APP (1 bytes)
    08                                               |.|
[2.805439000] dev=8 RADIO->APP (1 bytes)
    ff                                               |.|
[2.806567000] dev=8 RADIO->APP (1 bytes)
    ff                                               |.|
[2.807614000] dev=8 RADIO->APP (1 bytes)
    ff                                               |.|
[2.808810000] dev=8 RADIO->APP (1 bytes)
    ff                                               |.|
[2.828247000] dev=8 APP->RADIO (1 bytes)
    06                                               |.|
[2.830715000] dev=8 RADIO->APP (1 bytes)
    06                                               |.|
[2.844120000] dev=8 APP->RADIO (1 bytes)
    05                                               |.|
[2.846313000] dev=8 RADIO->APP (1 bytes)
    01                                               |.|
[2.847440000] dev=8 RADIO->APP (1 bytes)
    02                                               |.|
[2.848563000] dev=8 RADIO->APP (1 bytes)
    03                                               |.|
[2.849616000] dev=8 RADIO->APP (1 bytes)
    04                                               |.|
[2.850816000] dev=8 RADIO->APP (1 bytes)
    05                                               |.|
[2.851938000] dev=8 RADIO->APP (1 bytes)
    06                                               |.|
[2.874787000] dev=8 APP->RADIO (1 bytes)
    06                                               |.|
[2.877236000] dev=8 RADIO->APP (1 bytes)
    06                                               |.|
[2.890336000] dev=8 APP->RADIO (4 bytes)
    52 00 00 08                                      |R...|
[2.895716000] dev=8 RADIO->APP (1 bytes)
    57                                               |W|
[2.896764000] dev=8 RADIO->APP (1 bytes)
    00                                               |.|
[2.897884000] dev=8 RADIO->APP (1 bytes)
    00                                               |.|
[2.899033000] dev=8 RADIO->APP (1 bytes)
    08                                               |.|
[2.900133000] dev=8 RADIO->APP (1 bytes)
    00                                               |.|
[2.901260000] dev=8 RADIO->APP (1 bytes)
    25                                               |%|
[2.902383000] dev=8 RADIO->APP (1 bytes)
    27                                               |'|
[2.903509000] dev=8 RADIO->APP (1 bytes)
    46                                               |F|
[2.904631000] dev=8 RADIO->APP (1 bytes)
    00                                               |.|
[2.905735000] dev=8 RADIO->APP (1 bytes)
    25                                               |%|
[2.906969000] dev=8 RADIO->APP (1 bytes)
    27                                               |'|
[2.908113000] dev=8 RADIO->APP (1 bytes)
    46                                               |F|
[2.936660000] dev=8 APP->RADIO (4 bytes)
    52 00 08 08                                      |R...|
[2.942114000] dev=8 RADIO->APP (1 bytes)
    57                                               |W|
[2.943163000] dev=8 RADIO->APP (1 bytes)
    00                                               |.|
[2.944316000] dev=8 RADIO->APP (1 bytes)
    08                                               |.|
[2.945361000] dev=8 RADIO->APP (1 bytes)
    08                                               |.|
[2.946563000] dev=8 RADIO->APP (1 bytes)
    54                                               |T|
[2.947686000] dev=8 RADIO->APP (1 bytes)
    c7                                               |.|
[2.948813000] dev=8 RADIO->APP (1 bytes)
    54                                               |T|
[2.949940000] dev=8 RADIO->APP (1 bytes)
    c7                                               |.|
[2.951112000] dev=8 RADIO->APP (1 bytes)
    ec                                               |.|
[2.952185000] dev=8 RADIO->APP (1 bytes)
    00                                               |.|
[2.953235000] dev=8 RADIO->APP (1 bytes)
    05                                               |.|
[2.954362000] dev=8 RADIO->APP (1 bytes)
    ff                                               |.|
[2.983356000] dev=8 APP->RADIO (4 bytes)
    52 00 10 08                                      |R...|
[2.988738000] dev=8 RADIO->APP (1 bytes)
    57                                               |W|
[2.989787000] dev=8 RADIO->APP (1 bytes)
    00                                               |.|
[2.990986000] dev=8 RADIO->APP (1 bytes)
    10                                               |.|
[2.992113000] dev=8 RADIO->APP (1 bytes)
    08                                               |.|
[2.993238000] dev=8 RADIO->APP (1 bytes)
    50                                               |P|
[2.994362000] dev=8 RADIO->APP (1 bytes)
    62                                               |b|
[2.995408000] dev=8 RADIO->APP (1 bytes)
    25                                               |%|
[2.996611000] dev=8 RADIO->APP (1 bytes)
    46                                               |F|
[2.997737000] dev=8 RADIO->APP (1 bytes)
    50                                               |P|
[2.998810000] dev=8 RADIO->APP (1 bytes)
    62                                               |b|
[2.999987000] dev=8 RADIO->APP (1 bytes)
    25                                               |%|
[3.001138000] dev=8 RADIO->APP (1 bytes)
    46                                               |F|
[3.030578000] dev=8 APP->RADIO (4 bytes)
    52 00 18 08                                      |R...|
[3.035964000] dev=8 RADIO->APP (1 bytes)
    57                                               |W|
[3.037112000] dev=8 RADIO->APP (1 bytes)
    00                                               |.|
[3.038236000] dev=8 RADIO->APP (1 bytes)
    18                                               |.|
[3.039368000] dev=8 RADIO->APP (1 bytes)
    08                                               |.|
[3.040485000] dev=8 RADIO->APP (1 bytes)
    54                                               |T|
[3.041609000] dev=8 RADIO->APP (1 bytes)
    c7                                               |.|
[3.042658000] dev=8 RADIO->APP (1 bytes)
    54                                               |T|
[3.043861000] dev=8 RADIO->APP (1 bytes)
    c7                                               |.|
[3.044891000] dev=8 RADIO->APP (1 bytes)
    ec                                               |.|
[3.046037000] dev=8 RADIO->APP (1 bytes)
    50                                               |P|
[3.047158000] dev=8 RADIO->APP (1 bytes)
    87                                               |.|
[3.048363000] dev=8 RADIO->APP (1 bytes)
    25                                               |%|
[3.076652000] dev=8 APP->RADIO (4 bytes)
    52 00 20 08                                      |R. .|
[3.082119000] dev=8 RADIO->APP (1 bytes)
    57                                               |W|
[3.083164000] dev=8 RADIO->APP (1 bytes)
    00                                               |.|
[3.084288000] dev=8 RADIO->APP (1 bytes)
    20                                               | |
[3.085336000] dev=8 RADIO->APP (1 bytes)
    08                                               |.|
[3.086539000] dev=8 RADIO->APP (1 bytes)
    50                                               |P|
[3.087662000] dev=8 RADIO->APP (1 bytes)
    87                                               |.|
[3.088788000] dev=8 RADIO->APP (1 bytes)
    25                                               |%|
[3.089914000] dev=8 RADIO->APP (1 bytes)
    46                                               |F|
[3.091114000] dev=8 RADIO->APP (1 bytes)
    50                                               |P|
[3.092159000] dev=8 RADIO->APP (1 bytes)
    87                                               |.|
[3.093209000] dev=8 RADIO->APP (1 bytes)
    25                                               |%|
[3.094376000] dev=8 RADIO->APP (1 bytes)
    46                                               |F|
[3.123241000] dev=8 APP->RADIO (4 bytes)
    52 00 28 08                                      |R.(.|
[3.128542000] dev=8 RADIO->APP (1 bytes)
    57                                               |W|
[3.129660000] dev=8 RADIO->APP (1 bytes)
    00                                               |.|
[3.130782000] dev=8 RADIO->APP (1 bytes)
    28                                               |(|
[3.131910000] dev=8 RADIO->APP (1 bytes)
    08                                               |.|
[3.133034000] dev=8 RADIO->APP (1 bytes)
    54                                               |T|
[3.134183000] dev=8 RADIO->APP (1 bytes)
    c7                                               |.|
[3.135388000] dev=8 RADIO->APP (1 bytes)
    54                                               |T|
[3.136511000] dev=8 RADIO->APP (1 bytes)
    c7                                               |.|
[3.137620000] dev=8 RADIO->APP (1 bytes)
    ec                                               |.|
[3.138696000] dev=8 RADIO->APP (1 bytes)
    50                                               |P|
[3.139885000] dev=8 RADIO->APP (1 bytes)
    12                                               |.|
[3.141010000] dev=8 RADIO->APP (1 bytes)
    26                                               |&|
[3.170705000] dev=8 APP->RADIO (4 bytes)
    52 00 30 08                                      |R.0.|
[3.176113000] dev=8 RADIO->APP (1 bytes)
    57                                               |W|
[3.177237000] dev=8 RADIO->APP (1 bytes)
    00                                               |.|
[3.178292000] dev=8 RADIO->APP (1 bytes)
    30                                               |0|
[3.179412000] dev=8 RADIO->APP (1 bytes)
    08                                               |.|
[3.180610000] dev=8 RADIO->APP (1 bytes)
    50                                               |P|
[3.181736000] dev=8 RADIO->APP (1 bytes)
    12                                               |.|
[3.182859000] dev=8 RADIO->APP (1 bytes)
    26                                               |&|
[3.183987000] dev=8 RADIO->APP (1 bytes)
    46                                               |F|
[3.185112000] dev=8 RADIO->APP (1 bytes)
    50                                               |P|
[3.186237000] dev=8 RADIO->APP (1 bytes)
    12                                               |.|
[3.187286000] dev=8 RADIO->APP (1 bytes)
    26                                               |&|
[3.188410000] dev=8 RADIO->APP (1 bytes)
    46                                               |F|
[3.217661000] dev=8 APP->RADIO (4 bytes)
    52 00 38 08                                      |R.8.|
[3.223112000] dev=8 RADIO->APP (1 bytes)
    57                                               |W|
[3.224148000] dev=8 RADIO->APP (1 bytes)
    00                                               |.|
[3.225285000] dev=8 RADIO->APP (1 bytes)
    38                                               |8|
[3.226411000] dev=8 RADIO->APP (1 bytes)
    08                                               |.|
[3.227535000] dev=8 RADIO->APP (1 bytes)
    54                                               |T|
[3.228566000] dev=8 RADIO->APP (1 bytes)
    c7                                               |.|
[3.229789000] dev=8 RADIO->APP (1 bytes)
    54                                               |T|
[3.230913000] dev=8 RADIO->APP (1 bytes)
    c7                                               |.|
[3.232112000] dev=8 RADIO->APP (1 bytes)
    ec                                               |.|
[3.233242000] dev=8 RADIO->APP (1 bytes)
    50                                               |P|
[3.234313000] dev=8 RADIO->APP (1 bytes)
    37                                               |7|
[3.235436000] dev=8 RADIO->APP (1 bytes)
    26                                               |&|
[3.264074000] dev=8 APP->RADIO (4 bytes)
    52 00 40 08                                      |R.@.|
[3.269441000] dev=8 RADIO->APP (1 bytes)
    57                                               |W|
[3.270560000] dev=8 RADIO->APP (1 bytes)
    00                                               |.|
[3.271669000] dev=8 RADIO->APP (1 bytes)
    40                                               |@|
[3.272761000] dev=8 RADIO->APP (1 bytes)
    08                                               |.|
[3.273938000] dev=8 RADIO->APP (1 bytes)
    50                                               |P|
[3.275108000] dev=8 RADIO->APP (1 bytes)
    37                                               |7|
[3.276183000] dev=8 RADIO->APP (1 bytes)
    26                                               |&|
[3.277309000] dev=8 RADIO->APP (1 bytes)
    46                                               |F|
[3.278343000] dev=8 RADIO->APP (1 bytes)
    50                                               |P|
[3.279626000] dev=8 RADIO->APP (1 bytes)
    37                                               |7|
[3.280668000] dev=8 RADIO->APP (1 bytes)
    26                                               |&|
[3.281807000] dev=8 RADIO->APP (1 bytes)
    46                                               |F|
[3.311244000] dev=8 APP->RADIO (4 bytes)
    52 00 48 08                                      |R.H.|
[3.316543000] dev=8 RADIO->APP (1 bytes)
    57                                               |W|
[3.317663000] dev=8 RADIO->APP (1 bytes)
    00                                               |.|
[3.318812000] dev=8 RADIO->APP (1 bytes)
    48                                               |H|
[3.319930000] dev=8 RADIO->APP (1 bytes)
    08                                               |.|
[3.321060000] dev=8 RADIO->APP (1 bytes)
    54                                               |T|
[3.322161000] dev=8 RADIO->APP (1 bytes)
    c7                                               |.|
[3.323284000] dev=8 RADIO->APP (1 bytes)
    54                                               |T|
[3.324409000] dev=8 RADIO->APP (1 bytes)
    c7                                               |.|
[3.325536000] dev=8 RADIO->APP (1 bytes)
    ec                                               |.|
[3.326661000] dev=8 RADIO->APP (1 bytes)
    50                                               |P|
[3.327786000] dev=8 RADIO->APP (1 bytes)
    62                                               |b|
[3.328933000] dev=8 RADIO->APP (1 bytes)
    26                                               |&|
[3.357756000] dev=8 APP->RADIO (4 bytes)
    52 00 50 08                                      |R.P.|
[3.363139000] dev=8 RADIO->APP (1 bytes)
    57                                               |W|
[3.364262000] dev=8 RADIO->APP (1 bytes)
    00                                               |.|
[3.365371000] dev=8 RADIO->APP (1 bytes)
    50                                               |P|
[3.366497000] dev=8 RADIO->APP (1 bytes)
    08                                               |.|
[3.367660000] dev=8 RADIO->APP (1 bytes)
    50                                               |P|
[3.368787000] dev=8 RADIO->APP (1 bytes)
    62                                               |b|
[3.369908000] dev=8 RADIO->APP (1 bytes)
    26                                               |&|
[3.371111000] dev=8 RADIO->APP (1 bytes)
    46                                               |F|
[3.372160000] dev=8 RADIO->APP (1 bytes)
    50                                               |P|
[3.373342000] dev=8 RADIO->APP (1 bytes)
    62                                               |b|
[3.374337000] dev=8 RADIO->APP (1 bytes)
    26                                               |&|
[3.375537000] dev=8 RADIO->APP (1 bytes)
    46                                               |F|
[3.405210000] dev=8 APP->RADIO (4 bytes)
    52 00 58 08                                      |R.X.|
[3.410583000] dev=8 RADIO->APP (1 bytes)
    57                                               |W|
[3.411637000] dev=8 RADIO->APP (1 bytes)
    00                                               |.|
[3.412830000] dev=8 RADIO->APP (1 bytes)
    58                                               |X|
[3.413955000] dev=8 RADIO->APP (1 bytes)
    08                                               |.|
[3.415107000] dev=8 RADIO->APP (1 bytes)
    54                                               |T|
[3.416204000] dev=8 RADIO->APP (1 bytes)
    c7                                               |.|
[3.417356000] dev=8 RADIO->APP (1 bytes)
    54                                               |T|
[3.418480000] dev=8 RADIO->APP (1 bytes)
    c7                                               |.|
[3.419610000] dev=8 RADIO->APP (1 bytes)
    ec                                               |.|
[3.420709000] dev=8 RADIO->APP (1 bytes)
    00                                               |.|
[3.421859000] dev=8 RADIO->APP (1 bytes)
    25                                               |%|
[3.422980000] dev=8 RADIO->APP (1 bytes)
    26                                               |&|
[3.451963000] dev=8 APP->RADIO (4 bytes)
    52 00 60 08                                      |R.`.|
[3.457292000] dev=8 RADIO->APP (1 bytes)
    57                                               |W|
[3.458408000] dev=8 RADIO->APP (1 bytes)
    00                                               |.|
[3.459533000] dev=8 RADIO->APP (1 bytes)
    60                                               |`|
[3.460660000] dev=8 RADIO->APP (1 bytes)
    08                                               |.|
[3.461785000] dev=8 RADIO->APP (1 bytes)
    00                                               |.|
[3.462910000] dev=8 RADIO->APP (1 bytes)
    25                                               |%|
[3.464034000] dev=8 RADIO->APP (1 bytes)
    26                                               |&|
[3.465234000] dev=8 RADIO->APP (1 bytes)
    46                                               |F|
[3.466360000] dev=8 RADIO->APP (1 bytes)
    00                                               |.|
[3.467483000] dev=8 RADIO->APP (1 bytes)
    25                                               |%|
[3.468606000] dev=8 RADIO->APP (1 bytes)
    26                                               |&|
[3.469731000] dev=8 RADIO->APP (1 bytes)
    46                                               |F|
[3.498290000] dev=8 APP->RADIO (4 bytes)
    52 00 68 08                                      |R.h.|
[3.503616000] dev=8 RADIO->APP (1 bytes)
    57                                               |W|
[3.504814000] dev=8 RADIO->APP (1 bytes)
    00                                               |.|
[3.505942000] dev=8 RADIO->APP (1 bytes)
    68                                               |h|
[3.507109000] dev=8 RADIO->APP (1 bytes)
    08                                               |.|
[3.508184000] dev=8 RADIO->APP (1 bytes)
    54                                               |T|
[3.509234000] dev=8 RADIO->APP (1 bytes)
    c7                                               |.|
[3.510438000] dev=8 RADIO->APP (1 bytes)
    54                                               |T|
[3.511514000] dev=8 RADIO->APP (1 bytes)
    c7                                               |.|
[3.512612000] dev=8 RADIO->APP (1 bytes)
    ec                                               |.|
[3.513714000] dev=8 RADIO->APP (1 bytes)
    00                                               |.|
[3.514961000] dev=8 RADIO->APP (1 bytes)
    25                                               |%|
[3.516112000] dev=8 RADIO->APP (1 bytes)
    27                                               |'|
[3.544060000] dev=8 APP->RADIO (4 bytes)
    52 00 70 08                                      |R.p.|
[3.549440000] dev=8 RADIO->APP (1 bytes)
    57                                               |W|
[3.550494000] dev=8 RADIO->APP (1 bytes)
    00                                               |.|
[3.551610000] dev=8 RADIO->APP (1 bytes)
    70                                               |p|
[3.552733000] dev=8 RADIO->APP (1 bytes)
    08                                               |.|
[3.553858000] dev=8 RADIO->APP (1 bytes)
    00                                               |.|
[3.555034000] dev=8 RADIO->APP (1 bytes)
    25                                               |%|
[3.556107000] dev=8 RADIO->APP (1 bytes)
    27                                               |'|
[3.557232000] dev=8 RADIO->APP (1 bytes)
    46                                               |F|
[3.558386000] dev=8 RADIO->APP (1 bytes)
    00                                               |.|
[3.559488000] dev=8 RADIO->APP (1 bytes)
    25                                               |%|
[3.560646000] dev=8 RADIO->APP (1 bytes)
    27                                               |'|
[3.561758000] dev=8 RADIO->APP (1 bytes)
    46                                               |F|
[3.590286000] dev=8 APP->RADIO (4 bytes)
    52 00 78 08                                      |R.x.|
[3.595614000] dev=8 RADIO->APP (1 bytes)
    57                                               |W|
[3.596736000] dev=8 RADIO->APP (1 bytes)
    00                                               |.|
[3.597861000] dev=8 RADIO->APP (1 bytes)
    78                                               |x|
[3.599033000] dev=8 RADIO->APP (1 bytes)
    08                                               |.|
[3.600108000] dev=8 RADIO->APP (1 bytes)
    54                                               |T|
[3.601233000] dev=8 RADIO->APP (1 bytes)
    c7                                               |.|
[3.602359000] dev=8 RADIO->APP (1 bytes)
    54                                               |T|
[3.603487000] dev=8 RADIO->APP (1 bytes)
    c7                                               |.|
[3.604608000] dev=8 RADIO->APP (1 bytes)
    ec                                               |.|
[3.605734000] dev=8 RADIO->APP (1 bytes)
    50                                               |P|
[3.606843000] dev=8 RADIO->APP (1 bytes)
    87                                               |.|
[3.608036000] dev=8 RADIO->APP (1 bytes)
    26                                               |&|
[3.637408000] dev=8 APP->RADIO (4 bytes)
    52 00 80 08                                      |R...|
[3.642773000] dev=8 RADIO->APP (1 bytes)
    57                                               |W|
[3.643837000] dev=8 RADIO->APP (1 bytes)
    00                                               |.|
[3.645035000] dev=8 RADIO->APP (1 bytes)
    80                                               |.|
[3.646198000] dev=8 RADIO->APP (1 bytes)
    08                                               |.|
[3.647248000] dev=8 RADIO->APP (1 bytes)
    50                                               |P|
[3.648338000] dev=8 RADIO->APP (1 bytes)
    87                                               |.|
[3.649486000] dev=8 RADIO->APP (1 bytes)
    26                                               |&|
[3.650644000] dev=8 RADIO->APP (1 bytes)
    46                                               |F|
[3.651755000] dev=8 RADIO->APP (1 bytes)
    50                                               |P|
[3.652859000] dev=8 RADIO->APP (1 bytes)
    87                                               |.|
[3.654048000] dev=8 RADIO->APP (1 bytes)
    26                                               |&|
[3.655107000] dev=8 RADIO->APP (1 bytes)
    46                                               |F|
[3.684083000] dev=8 APP->RADIO (4 bytes)
    52 00 88 08                                      |R...|
[3.689387000] dev=8 RADIO->APP (1 bytes)
    57                                               |W|
[3.690509000] dev=8 RADIO->APP (1 bytes)
    00                                               |.|
[3.691635000] dev=8 RADIO->APP (1 bytes)
    88                                               |.|
[3.692760000] dev=8 RADIO->APP (1 bytes)
    08                                               |.|
[3.693891000] dev=8 RADIO->APP (1 bytes)
    54                                               |T|
[3.695033000] dev=8 RADIO->APP (1 bytes)
    c7                                               |.|
[3.696136000] dev=8 RADIO->APP (1 bytes)
    54                                               |T|
[3.697366000] dev=8 RADIO->APP (1 bytes)
    c7                                               |.|
[3.698487000] dev=8 RADIO->APP (1 bytes)
    ec                                               |.|
[3.699536000] dev=8 RADIO->APP (1 bytes)
    50                                               |P|
[3.700634000] dev=8 RADIO->APP (1 bytes)
    12                                               |.|
[3.701759000] dev=8 RADIO->APP (1 bytes)
    27                                               |'|
[3.730494000] dev=8 APP->RADIO (4 bytes)
    52 00 90 08                                      |R...|
[3.735826000] dev=8 RADIO->APP (1 bytes)
    57                                               |W|
[3.737010000] dev=8 RADIO->APP (1 bytes)
    00                                               |.|
[3.738136000] dev=8 RADIO->APP (1 bytes)
    90                                               |.|
[3.739264000] dev=8 RADIO->APP (1 bytes)
    08                                               |.|
[3.740386000] dev=8 RADIO->APP (1 bytes)
    50                                               |P|
[3.741512000] dev=8 RADIO->APP (1 bytes)
    12                                               |.|
[3.742636000] dev=8 RADIO->APP (1 bytes)
    27                                               |'|
[3.743761000] dev=8 RADIO->APP (1 bytes)
    46                                               |F|
[3.744854000] dev=8 RADIO->APP (1 bytes)
    50                                               |P|
[3.746013000] dev=8 RADIO->APP (1 bytes)
    12                                               |.|
[3.747139000] dev=8 RADIO->APP (1 bytes)
    27                                               |'|
[3.748264000] dev=8 RADIO->APP (1 bytes)
    46                                               |F|
[3.776635000] dev=8 APP->RADIO (4 bytes)
    52 00 98 08                                      |R...|
[3.782021000] dev=8 RADIO->APP (1 bytes)
    57                                               |W|
[3.783060000] dev=8 RADIO->APP (1 bytes)
    00                                               |.|
[3.784185000] dev=8 RADIO->APP (1 bytes)
    98                                               |.|
[3.785309000] dev=8 RADIO->APP (1 bytes)
    08                                               |.|
[3.786434000] dev=8 RADIO->APP (1 bytes)
    54                                               |T|
[3.787560000] dev=8 RADIO->APP (1 bytes)
    c7                                               |.|
[3.788683000] dev=8 RADIO->APP (1 bytes)
    54                                               |T|
[3.789807000] dev=8 RADIO->APP (1 bytes)
    c7                                               |.|
[3.790932000] dev=8 RADIO->APP (1 bytes)
    ec                                               |.|
[3.792062000] dev=8 RADIO->APP (1 bytes)
    00                                               |.|
[3.793256000] dev=8 RADIO->APP (1 bytes)
    50                                               |P|
[3.794310000] dev=8 RADIO->APP (1 bytes)
    25                                               |%|
[3.823391000] dev=8 APP->RADIO (4 bytes)
    52 00 a0 08                                      |R...|
[3.828719000] dev=8 RADIO->APP (1 bytes)
    57                                               |W|
[3.829912000] dev=8 RADIO->APP (1 bytes)
    00                                               |.|
[3.831115000] dev=8 RADIO->APP (1 bytes)
    a0                                               |.|
[3.832162000] dev=8 RADIO->APP (1 bytes)
    08                                               |.|
[3.833285000] dev=8 RADIO->APP (1 bytes)
    00                                               |.|
[3.834410000] dev=8 RADIO->APP (1 bytes)
    50                                               |P|
[3.835540000] dev=8 RADIO->APP (1 bytes)
    25                                               |%|
[3.836604000] dev=8 RADIO->APP (1 bytes)
    46                                               |F|
[3.837786000] dev=8 RADIO->APP (1 bytes)
    00                                               |.|
[3.838813000] dev=8 RADIO->APP (1 bytes)
    50                                               |P|
[3.840036000] dev=8 RADIO->APP (1 bytes)
    25                                               |%|
[3.841085000] dev=8 RADIO->APP (1 bytes)
    46                                               |F|
[3.869623000] dev=8 APP->RADIO (4 bytes)
    52 00 a8 08                                      |R...|
[3.875012000] dev=8 RADIO->APP (1 bytes)
    57                                               |W|
[3.876137000] dev=8 RADIO->APP (1 bytes)
    00                                               |.|
[3.877184000] dev=8 RADIO->APP (1 bytes)
    a8                                               |.|
[3.878306000] dev=8 RADIO->APP (1 bytes)
    08                                               |.|
[3.879513000] dev=8 RADIO->APP (1 bytes)
    54                                               |T|
[3.880637000] dev=8 RADIO->APP (1 bytes)
    c7                                               |.|
[3.881761000] dev=8 RADIO->APP (1 bytes)
    54                                               |T|
[3.882887000] dev=8 RADIO->APP (1 bytes)
    c7                                               |.|
[3.884016000] dev=8 RADIO->APP (1 bytes)
    ec                                               |.|
[3.885136000] dev=8 RADIO->APP (1 bytes)
    00                                               |.|
[3.886261000] dev=8 RADIO->APP (1 bytes)
    75                                               |u|
[3.887385000] dev=8 RADIO->APP (1 bytes)
    25                                               |%|
[3.915413000] dev=8 APP->RADIO (4 bytes)
    52 00 b0 08                                      |R...|
[3.920736000] dev=8 RADIO->APP (1 bytes)
    57                                               |W|
[3.921860000] dev=8 RADIO->APP (1 bytes)
    00                                               |.|
[3.923035000] dev=8 RADIO->APP (1 bytes)
    b0                                               |.|
[3.924108000] dev=8 RADIO->APP (1 bytes)
    08                                               |.|
[3.925236000] dev=8 RADIO->APP (1 bytes)
    00                                               |.|
[3.926361000] dev=8 RADIO->APP (1 bytes)
    75                                               |u|
[3.927487000] dev=8 RADIO->APP (1 bytes)
    25                                               |%|
[3.928611000] dev=8 RADIO->APP (1 bytes)
    46                                               |F|
[3.929710000] dev=8 RADIO->APP (1 bytes)
    00                                               |.|
[3.930902000] dev=8 RADIO->APP (1 bytes)
    75                                               |u|
[3.932037000] dev=8 RADIO->APP (1 bytes)
    25                                               |%|
[3.933188000] dev=8 RADIO->APP (1 bytes)
    46                                               |F|
[3.961409000] dev=8 APP->RADIO (4 bytes)
    52 00 b8 08                                      |R...|
[3.966792000] dev=8 RADIO->APP (1 bytes)
    57                                               |W|
[3.967912000] dev=8 RADIO->APP (1 bytes)
    00                                               |.|
[3.969109000] dev=8 RADIO->APP (1 bytes)
    b8                                               |.|
[3.970162000] dev=8 RADIO->APP (1 bytes)
    08                                               |.|
[3.971271000] dev=8 RADIO->APP (1 bytes)
    54                                               |T|
[3.972378000] dev=8 RADIO->APP (1 bytes)
    c7                                               |.|
[3.973459000] dev=8 RADIO->APP (1 bytes)
    54                                               |T|
[3.974661000] dev=8 RADIO->APP (1 bytes)
    c7                                               |.|
[3.975728000] dev=8 RADIO->APP (1 bytes)
    ec                                               |.|
[3.976810000] dev=8 RADIO->APP (1 bytes)
    00                                               |.|
[3.978151000] dev=8 RADIO->APP (1 bytes)
    00                                               |.|
[3.979086000] dev=8 RADIO->APP (1 bytes)
    26                                               |&|
[4.008259000] dev=8 APP->RADIO (4 bytes)
    52 00 c0 08                                      |R...|
[4.013638000] dev=8 RADIO->APP (1 bytes)
    57                                               |W|
[4.014761000] dev=8 RADIO->APP (1 bytes)
    00                                               |.|
[4.015871000] dev=8 RADIO->APP (1 bytes)
    c0                                               |.|
[4.016958000] dev=8 RADIO->APP (1 bytes)
    08                                               |.|
[4.018057000] dev=8 RADIO->APP (1 bytes)
    00                                               |.|
[4.019182000] dev=8 RADIO->APP (1 bytes)
    00                                               |.|
[4.020306000] dev=8 RADIO->APP (1 bytes)
    26                                               |&|
[4.021432000] dev=8 RADIO->APP (1 bytes)
    46                                               |F|
[4.022558000] dev=8 RADIO->APP (1 bytes)
    00                                               |.|
[4.023683000] dev=8 RADIO->APP (1 bytes)
    00                                               |.|
[4.024796000] dev=8 RADIO->APP (1 bytes)
    26                                               |&|
[4.025932000] dev=8 RADIO->APP (1 bytes)
    46                                               |F|
[4.054842000] dev=8 APP->RADIO (4 bytes)
    52 00 c8 08                                      |R...|
[4.060239000] dev=8 RADIO->APP (1 bytes)
    57                                               |W|
[4.061362000] dev=8 RADIO->APP (1 bytes)
    00                                               |.|
[4.062409000] dev=8 RADIO->APP (1 bytes)
    c8                                               |.|
[4.063534000] dev=8 RADIO->APP (1 bytes)
    08                                               |.|
[4.064737000] dev=8 RADIO->APP (1 bytes)
    54                                               |T|
[4.065863000] dev=8 RADIO->APP (1 bytes)
    c7                                               |.|
[4.066972000] dev=8 RADIO->APP (1 bytes)
    54                                               |T|
[4.068079000] dev=8 RADIO->APP (1 bytes)
    c7                                               |.|
[4.069235000] dev=8 RADIO->APP (1 bytes)
    ec                                               |.|
[4.070314000] dev=8 RADIO->APP (1 bytes)
    00                                               |.|
[4.071487000] dev=8 RADIO->APP (1 bytes)
    50                                               |P|
[4.072611000] dev=8 RADIO->APP (1 bytes)
    26                                               |&|
[4.100903000] dev=8 APP->RADIO (4 bytes)
    52 00 d0 08                                      |R...|
[4.106233000] dev=8 RADIO->APP (1 bytes)
    57                                               |W|
[4.107357000] dev=8 RADIO->APP (1 bytes)
    00                                               |.|
[4.108481000] dev=8 RADIO->APP (1 bytes)
    d0                                               |.|
[4.109607000] dev=8 RADIO->APP (1 bytes)
    08                                               |.|
[4.110734000] dev=8 RADIO->APP (1 bytes)
    00                                               |.|
[4.111857000] dev=8 RADIO->APP (1 bytes)
    50                                               |P|
[4.113007000] dev=8 RADIO->APP (1 bytes)
    26                                               |&|
[4.114106000] dev=8 RADIO->APP (1 bytes)
    46                                               |F|
[4.115234000] dev=8 RADIO->APP (1 bytes)
    00                                               |.|
[4.116381000] dev=8 RADIO->APP (1 bytes)
    50                                               |P|
[4.117511000] dev=8 RADIO->APP (1 bytes)
    26                                               |&|
[4.118659000] dev=8 RADIO->APP (1 bytes)
    46                                               |F|
[4.147063000] dev=8 APP->RADIO (4 bytes)
    52 00 d8 08                                      |R...|
[4.152361000] dev=8 RADIO->APP (1 bytes)
    57                                               |W|
[4.153485000] dev=8 RADIO->APP (1 bytes)
    00                                               |.|
[4.154607000] dev=8 RADIO->APP (1 bytes)
    d8                                               |.|
[4.155736000] dev=8 RADIO->APP (1 bytes)
    08                                               |.|
[4.156857000] dev=8 RADIO->APP (1 bytes)
    54                                               |T|
[4.158036000] dev=8 RADIO->APP (1 bytes)
    c7                                               |.|
[4.159110000] dev=8 RADIO->APP (1 bytes)
    54                                               |T|
[4.160309000] dev=8 RADIO->APP (1 bytes)
    c7                                               |.|
[4.161464000] dev=8 RADIO->APP (1 bytes)
    ec                                               |.|
[4.162459000] dev=8 RADIO->APP (1 bytes)
    00                                               |.|
[4.163689000] dev=8 RADIO->APP (1 bytes)
    75                                               |u|
[4.164815000] dev=8 RADIO->APP (1 bytes)
    26                                               |&|
[4.187349000] dev=8 APP->RADIO (4 bytes)
    52 00 e0 08                                      |R...|
[4.192639000] dev=8 RADIO->APP (1 bytes)
    57                                               |W|
[4.193757000] dev=8 RADIO->APP (1 bytes)
    00                                               |.|
[4.194894000] dev=8 RADIO->APP (1 bytes)
    e0                                               |.|
[4.196009000] dev=8 RADIO->APP (1 bytes)
    08                                               |.|
[4.197132000] dev=8 RADIO->APP (1 bytes)
    00                                               |.|
[4.198262000] dev=8 RADIO->APP (1 bytes)
    75                                               |u|
[4.199394000] dev=8 RADIO->APP (1 bytes)
    26                                               |&|
[4.200508000] dev=8 RADIO->APP (1 bytes)
    46                                               |F|
[4.201667000] dev=8 RADIO->APP (1 bytes)
    00                                               |.|
[4.202785000] dev=8 RADIO->APP (1 bytes)
    75                                               |u|
[4.203914000] dev=8 RADIO->APP (1 bytes)
    26                                               |&|
[4.205035000] dev=8 RADIO->APP (1 bytes)
    46                                               |F|
[4.234444000] dev=8 APP->RADIO (4 bytes)
    52 00 e8 08                                      |R...|
[4.239839000] dev=8 RADIO->APP (1 bytes)
    57                                               |W|
[4.240962000] dev=8 RADIO->APP (1 bytes)
    00                                               |.|
[4.242127000] dev=8 RADIO->APP (1 bytes)
    e8                                               |.|
[4.243171000] dev=8 RADIO->APP (1 bytes)
    08                                               |.|
[4.244285000] dev=8 RADIO->APP (1 bytes)
    54                                               |T|
[4.245409000] dev=8 RADIO->APP (1 bytes)
    c7                                               |.|
[4.246552000] dev=8 RADIO->APP (1 bytes)
    54                                               |T|
[4.247738000] dev=8 RADIO->APP (1 bytes)
    c7                                               |.|
[4.248860000] dev=8 RADIO->APP (1 bytes)
    ec                                               |.|
[4.249889000] dev=8 RADIO->APP (1 bytes)
    00                                               |.|
[4.251031000] dev=8 RADIO->APP (1 bytes)
    00                                               |.|
[4.252238000] dev=8 RADIO->APP (1 bytes)
    27                                               |'|
[4.281465000] dev=8 APP->RADIO (4 bytes)
    52 00 f0 08                                      |R...|
[4.286864000] dev=8 RADIO->APP (1 bytes)
    57                                               |W|
[4.287987000] dev=8 RADIO->APP (1 bytes)
    00                                               |.|
[4.289113000] dev=8 RADIO->APP (1 bytes)
    f0                                               |.|
[4.290221000] dev=8 RADIO->APP (1 bytes)
    08                                               |.|
[4.291319000] dev=8 RADIO->APP (1 bytes)
    00                                               |.|
[4.292485000] dev=8 RADIO->APP (1 bytes)
    00                                               |.|
[4.293610000] dev=8 RADIO->APP (1 bytes)
    27                                               |'|
[4.294735000] dev=8 RADIO->APP (1 bytes)
    46                                               |F|
[4.295776000] dev=8 RADIO->APP (1 bytes)
    00                                               |.|
[4.296984000] dev=8 RADIO->APP (1 bytes)
    00                                               |.|
[4.298114000] dev=8 RADIO->APP (1 bytes)
    27                                               |'|
[4.299219000] dev=8 RADIO->APP (1 bytes)
    46                                               |F|
[4.329061000] dev=8 APP->RADIO (4 bytes)
    52 00 f8 08                                      |R...|
[4.334439000] dev=8 RADIO->APP (1 bytes)
    57                                               |W|
[4.335562000] dev=8 RADIO->APP (1 bytes)
    00                                               |.|
[4.336686000] dev=8 RADIO->APP (1 bytes)
    f8                                               |.|
[4.337795000] dev=8 RADIO->APP (1 bytes)
    08                                               |.|
[4.338892000] dev=8 RADIO->APP (1 bytes)
    54                                               |T|
[4.340109000] dev=8 RADIO->APP (1 bytes)
    c7                                               |.|
[4.341184000] dev=8 RADIO->APP (1 bytes)
    54                                               |T|
[4.342312000] dev=8 RADIO->APP (1 bytes)
    c7                                               |.|
[4.343434000] dev=8 RADIO->APP (1 bytes)
    ec                                               |.|
[4.344565000] dev=8 RADIO->APP (1 bytes)
    00                                               |.|
[4.345611000] dev=8 RADIO->APP (1 bytes)
    25                                               |%|
[4.346794000] dev=8 RADIO->APP (1 bytes)
    27                                               |'|
[4.375947000] dev=8 APP->RADIO (4 bytes)
    52 01 00 08                                      |R...|
[4.381265000] dev=8 RADIO->APP (1 bytes)
    57                                               |W|
[4.382386000] dev=8 RADIO->APP (1 bytes)
    01                                               |.|
[4.383510000] dev=8 RADIO->APP (1 bytes)
    00                                               |.|
[4.384632000] dev=8 RADIO->APP (1 bytes)
    08                                               |.|
[4.385758000] dev=8 RADIO->APP (1 bytes)
    00                                               |.|
[4.386888000] dev=8 RADIO->APP (1 bytes)
    25                                               |%|
[4.388110000] dev=8 RADIO->APP (1 bytes)
    27                                               |'|
[4.389213000] dev=8 RADIO->APP (1 bytes)
    46                                               |F|
[4.390335000] dev=8 RADIO->APP (1 bytes)
    00                                               |.|
[4.391391000] dev=8 RADIO->APP (1 bytes)
    25                                               |%|
[4.392588000] dev=8 RADIO->APP (1 bytes)
    27                                               |'|
[4.393698000] dev=8 RADIO->APP (1 bytes)
    46                                               |F|
[4.422634000] dev=8 APP->RADIO (4 bytes)
    52 01 08 08                                      |R...|
[4.428014000] dev=8 RADIO->APP (1 bytes)
    57                                               |W|
[4.429074000] dev=8 RADIO->APP (1 bytes)
    01                                               |.|
[4.430263000] dev=8 RADIO->APP (1 bytes)
    08                                               |.|
[4.431386000] dev=8 RADIO->APP (1 bytes)
    08                                               |.|
[4.432511000] dev=8 RADIO->APP (1 bytes)
    54                                               |T|
[4.433587000] dev=8 RADIO->APP (1 bytes)
    c7                                               |.|
[4.434685000] dev=8 RADIO->APP (1 bytes)
    54                                               |T|
[4.435824000] dev=8 RADIO->APP (1 bytes)
    c7                                               |.|
[4.437010000] dev=8 RADIO->APP (1 bytes)
    ec                                               |.|
[4.438062000] dev=8 RADIO->APP (1 bytes)
    00                                               |.|
[4.439262000] dev=8 RADIO->APP (1 bytes)
    05                                               |.|
[4.440385000] dev=8 RADIO->APP (1 bytes)
    ff                                               |.|
[4.469632000] dev=8 APP->RADIO (4 bytes)
    52 01 10 08                                      |R...|
[4.474962000] dev=8 RADIO->APP (1 bytes)
    57                                               |W|
[4.476112000] dev=8 RADIO->APP (1 bytes)
    01                                               |.|
[4.477135000] dev=8 RADIO->APP (1 bytes)
    10                                               |.|
[4.478258000] dev=8 RADIO->APP (1 bytes)
    08                                               |.|
[4.479459000] dev=8 RADIO->APP (1 bytes)
    ff                                               |.|
[4.480585000] dev=8 RADIO->APP (1 bytes)
    ff                                               |.|
[4.481709000] dev=8 RADIO->APP (1 bytes)
    ff                                               |.|
[4.482835000] dev=8 RADIO->APP (1 bytes)
    ff                                               |.|
[4.483966000] dev=8 RADIO->APP (1 bytes)
    ff                                               |.|
[4.485065000] dev=8 RADIO->APP (1 bytes)
    ff                                               |.|
[4.486234000] dev=8 RADIO->APP (1 bytes)
    ff                                               |.|
[4.487285000] dev=8 RADIO->APP (1 bytes)
    ff                                               |.|
[4.514865000] dev=8 APP->RADIO (4 bytes)
    52 01 18 08                                      |R...|
[4.520193000] dev=8 RADIO->APP (1 bytes)
    57                                               |W|
[4.521311000] dev=8 RADIO->APP (1 bytes)
    01                                               |.|
[4.522435000] dev=8 RADIO->APP (1 bytes)
    18                                               |.|
[4.523559000] dev=8 RADIO->APP (1 bytes)
    08                                               |.|
[4.524688000] dev=8 RADIO->APP (1 bytes)
    ff                                               |.|
[4.525781000] dev=8 RADIO->APP (1 bytes)
    ff                                               |.|
[4.526944000] dev=8 RADIO->APP (1 bytes)
    ff                                               |.|
[4.528143000] dev=8 RADIO->APP (1 bytes)
    ff                                               |.|
[4.529160000] dev=8 RADIO->APP (1 bytes)
    ff                                               |.|
[4.530335000] dev=8 RADIO->APP (1 bytes)
    ff                                               |.|
[4.531460000] dev=8 RADIO->APP (1 bytes)
    ff                                               |.|
[4.532588000] dev=8 RADIO->APP (1 bytes)
    ff                                               |.|
[4.548066000] dev=8 APP->RADIO (4 bytes)
    52 01 20 08                                      |R. .|
[4.553388000] dev=8 RADIO->APP (1 bytes)
    57                                               |W|
[4.554537000] dev=8 RADIO->APP (1 bytes)
    01                                               |.|
[4.555663000] dev=8 RADIO->APP (1 bytes)
    20                                               | |
[4.556786000] dev=8 RADIO->APP (1 bytes)
    08                                               |.|
[4.557911000] dev=8 RADIO->APP (1 bytes)
    ff                                               |.|
[4.559110000] dev=8 RADIO->APP (1 bytes)
    ff                                               |.|
[4.560155000] dev=8 RADIO->APP (1 bytes)
    ff                                               |.|
[4.561235000] dev=8 RADIO->APP (1 bytes)
    ff                                               |.|
[4.562412000] dev=8 RADIO->APP (1 bytes)
    ff                                               |.|
[4.563464000] dev=8 RADIO->APP (1 bytes)
    ff                                               |.|
[4.564646000] dev=8 RADIO->APP (1 bytes)
    ff                                               |.|
[4.565788000] dev=8 RADIO->APP (1 bytes)
    ff                                               |.|
[4.594234000] dev=8 APP->RADIO (4 bytes)
    52 01 28 08                                      |R.(.|
[4.599568000] dev=8 RADIO->APP (1 bytes)
    57                                               |W|
[4.600613000] dev=8 RADIO->APP (1 bytes)
    01                                               |.|
[4.601732000] dev=8 RADIO->APP (1 bytes)
    28                                               |(|
[4.602858000] dev=8 RADIO->APP (1 bytes)
    08                                               |.|
[4.604035000] dev=8 RADIO->APP (1 bytes)
    ff                                               |.|
[4.605108000] dev=8 RADIO->APP (1 bytes)
    ff                                               |.|
[4.606232000] dev=8 RADIO->APP (1 bytes)
    ff                                               |.|
[4.607358000] dev=8 RADIO->APP (1 bytes)
    ff                                               |.|
[4.608483000] dev=8 RADIO->APP (1 bytes)
    ff                                               |.|
[4.609611000] dev=8 RADIO->APP (1 bytes)
    ff                                               |.|
[4.610795000] dev=8 RADIO->APP (1 bytes)
    ff                                               |.|
[4.611858000] dev=8 RADIO->APP (1 bytes)
    ff                                               |.|
[4.640213000] dev=8 APP->RADIO (4 bytes)
    52 01 30 08                                      |R.0.|
[4.645475000] dev=8 RADIO->APP (1 bytes)
    57                                               |W|
[4.646661000] dev=8 RADIO->APP (1 bytes)
    01                                               |.|
[4.647786000] dev=8 RADIO->APP (1 bytes)
    30                                               |0|
[4.648893000] dev=8 RADIO->APP (1 bytes)
    08                                               |.|
[4.650110000] dev=8 RADIO->APP (1 bytes)
    ff                                               |.|
[4.651184000] dev=8 RADIO->APP (1 bytes)
    ff                                               |.|
[4.652310000] dev=8 RADIO->APP (1 bytes)
    ff                                               |.|
[4.653438000] dev=8 RADIO->APP (1 bytes)
    ff                                               |.|
[4.654560000] dev=8 RADIO->APP (1 bytes)
    ff                                               |.|
[4.655688000] dev=8 RADIO->APP (1 bytes)
    ff                                               |.|
[4.656709000] dev=8 RADIO->APP (1 bytes)
    ff                                               |.|
[4.657892000] dev=8 RADIO->APP (1 bytes)
    ff                                               |.|
[4.686601000] dev=8 APP->RADIO (4 bytes)
    52 01 38 08                                      |R.8.|
[4.691912000] dev=8 RADIO->APP (1 bytes)
    57                                               |W|
[4.693023000] dev=8 RADIO->APP (1 bytes)
    01                                               |.|
[4.694159000] dev=8 RADIO->APP (1 bytes)
    38                                               |8|
[4.695209000] dev=8 RADIO->APP (1 bytes)
    08                                               |.|
[4.696449000] dev=8 RADIO->APP (1 bytes)
    ff                                               |.|
[4.697483000] dev=8 RADIO->APP (1 bytes)
    ff                                               |.|
[4.698686000] dev=8 RADIO->APP (1 bytes)
    ff                                               |.|
[4.699814000] dev=8 RADIO->APP (1 bytes)
    ff                                               |.|
[4.700936000] dev=8 RADIO->APP (1 bytes)
    ff                                               |.|
[4.702111000] dev=8 RADIO->APP (1 bytes)
    ff                                               |.|
[4.703186000] dev=8 RADIO->APP (1 bytes)
    ff                                               |.|
[4.704242000] dev=8 RADIO->APP (1 bytes)
    ff                                               |.|
[4.732478000] dev=8 APP->RADIO (4 bytes)
    52 01 40 08                                      |R.@.|
[4.737738000] dev=8 RADIO->APP (1 bytes)
    57                                               |W|
[4.738945000] dev=8 RADIO->APP (1 bytes)
    01                                               |.|
[4.740111000] dev=8 RADIO->APP (1 bytes)
    40                                               |@|
[4.741112000] dev=8 RADIO->APP (1 bytes)
    08                                               |.|
[4.742316000] dev=8 RADIO->APP (1 bytes)
    ff                                               |.|
[4.743437000] dev=8 RADIO->APP (1 bytes)
    ff                                               |.|
[4.744570000] dev=8 RADIO->APP (1 bytes)
    ff                                               |.|
[4.745616000] dev=8 RADIO->APP (1 bytes)
    ff                                               |.|
[4.746811000] dev=8 RADIO->APP (1 bytes)
    ff                                               |.|
[4.747940000] dev=8 RADIO->APP (1 bytes)
    ff                                               |.|
[4.749039000] dev=8 RADIO->APP (1 bytes)
    ff                                               |.|
[4.750135000] dev=8 RADIO->APP (1 bytes)
    ff                                               |.|
[4.779507000] dev=8 APP->RADIO (4 bytes)
    52 01 48 08                                      |R.H.|
[4.784841000] dev=8 RADIO->APP (1 bytes)
    57                                               |W|
[4.785945000] dev=8 RADIO->APP (1 bytes)
    01                                               |.|
[4.787078000] dev=8 RADIO->APP (1 bytes)
    48                                               |H|
[4.788210000] dev=8 RADIO->APP (1 bytes)
    08                                               |.|
[4.789335000] dev=8 RADIO->APP (1 bytes)
    ff                                               |.|
[4.790460000] dev=8 RADIO->APP (1 bytes)
    ff                                               |.|
[4.791589000] dev=8 RADIO->APP (1 bytes)
    ff                                               |.|
[4.792711000] dev=8 RADIO->APP (1 bytes)
    ff                                               |.|
[4.793837000] dev=8 RADIO->APP (1 bytes)
    ff                                               |.|
[4.794910000] dev=8 RADIO->APP (1 bytes)
    ff                                               |.|
[4.796082000] dev=8 RADIO->APP (1 bytes)
    ff                                               |.|
[4.797210000] dev=8 RADIO->APP (1 bytes)
    ff                                               |.|
[4.826317000] dev=8 APP->RADIO (4 bytes)
    52 01 50 08                                      |R.P.|
[4.831567000] dev=8 RADIO->APP (1 bytes)
    57                                               |W|
[4.832686000] dev=8 RADIO->APP (1 bytes)
    01                                               |.|
[4.833810000] dev=8 RADIO->APP (1 bytes)
    50                                               |P|
[4.834935000] dev=8 RADIO->APP (1 bytes)
    08                                               |.|
[4.836060000] dev=8 RADIO->APP (1 bytes)
    ff                                               |.|
[4.837183000] dev=8 RADIO->APP (1 bytes)
    ff                                               |.|
[4.838386000] dev=8 RADIO->APP (1 bytes)
    ff                                               |.|
[4.839513000] dev=8 RADIO->APP (1 bytes)
    ff                                               |.|
[4.840558000] dev=8 RADIO->APP (1 bytes)
    ff                                               |.|
[4.841664000] dev=8 RADIO->APP (1 bytes)
    ff                                               |.|
[4.842886000] dev=8 RADIO->APP (1 bytes)
    ff                                               |.|
[4.844012000] dev=8 RADIO->APP (1 bytes)
    ff                                               |.|
[4.872597000] dev=8 APP->RADIO (4 bytes)
    52 01 58 08                                      |R.X.|
[4.877916000] dev=8 RADIO->APP (1 bytes)
    57                                               |W|
[4.879026000] dev=8 RADIO->APP (1 bytes)
    01                                               |.|
[4.880162000] dev=8 RADIO->APP (1 bytes)
    58                                               |X|
[4.881269000] dev=8 RADIO->APP (1 bytes)
    08                                               |.|
[4.882365000] dev=8 RADIO->APP (1 bytes)
    ff                                               |.|
[4.883536000] dev=8 RADIO->APP (1 bytes)
    ff                                               |.|
[4.884660000] dev=8 RADIO->APP (1 bytes)
    ff                                               |.|
[4.885784000] dev=8 RADIO->APP (1 bytes)
    ff                                               |.|
[4.886909000] dev=8 RADIO->APP (1 bytes)
    ff                                               |.|
[4.888110000] dev=8 RADIO->APP (1 bytes)
    ff                                               |.|
[4.889163000] dev=8 RADIO->APP (1 bytes)
    ff                                               |.|
[4.890269000] dev=8 RADIO->APP (1 bytes)
    ff                                               |.|
[4.919849000] dev=8 APP->RADIO (4 bytes)
    52 01 60 08                                      |R.`.|
[4.925165000] dev=8 RADIO->APP (1 bytes)
    57                                               |W|
[4.926211000] dev=8 RADIO->APP (1 bytes)
    01                                               |.|
[4.927308000] dev=8 RADIO->APP (1 bytes)
    60                                               |`|
[4.928435000] dev=8 RADIO->APP (1 bytes)
    08                                               |.|
[4.929560000] dev=8 RADIO->APP (1 bytes)
    ff                                               |.|
[4.930684000] dev=8 RADIO->APP (1 bytes)
    ff                                               |.|
[4.931809000] dev=8 RADIO->APP (1 bytes)
    ff                                               |.|
[4.933009000] dev=8 RADIO->APP (1 bytes)
    ff                                               |.|
[4.934059000] dev=8 RADIO->APP (1 bytes)
    ff                                               |.|
[4.935189000] dev=8 RADIO->APP (1 bytes)
    ff                                               |.|
[4.936342000] dev=8 RADIO->APP (1 bytes)
    ff                                               |.|
[4.937538000] dev=8 RADIO->APP (1 bytes)
    ff                                               |.|
[4.966245000] dev=8 APP->RADIO (4 bytes)
    52 01 68 08                                      |R.h.|
[4.971564000] dev=8 RADIO->APP (1 bytes)
    57                                               |W|
[4.972687000] dev=8 RADIO->APP (1 bytes)
    01                                               |.|
[4.973796000] dev=8 RADIO->APP (1 bytes)
    68                                               |h|
[4.974888000] dev=8 RADIO->APP (1 bytes)
    08                                               |.|
[4.976110000] dev=8 RADIO->APP (1 bytes)
    ff                                               |.|
[4.977189000] dev=8 RADIO->APP (1 bytes)
    ff                                               |.|
[4.978262000] dev=8 RADIO->APP (1 bytes)
    ff                                               |.|
[4.979351000] dev=8 RADIO->APP (1 bytes)
    ff                                               |.|
[4.980563000] dev=8 RADIO->APP (1 bytes)
    ff                                               |.|
[4.981583000] dev=8 RADIO->APP (1 bytes)
    ff                                               |.|
[4.982721000] dev=8 RADIO->APP (1 bytes)
    ff                                               |.|
[4.983885000] dev=8 RADIO->APP (1 bytes)
    ff                                               |.|
[5.012191000] dev=8 APP->RADIO (4 bytes)
    52 01 70 08                                      |R.p.|
[5.017512000] dev=8 RADIO->APP (1 bytes)
    57                                               |W|
[5.018533000] dev=8 RADIO->APP (1 bytes)
    01                                               |.|
[5.019684000] dev=8 RADIO->APP (1 bytes)
    70                                               |p|
[5.020894000] dev=8 RADIO->APP (1 bytes)
    08                                               |.|
[5.022011000] dev=8 RADIO->APP (1 bytes)
    ff                                               |.|
[5.023098000] dev=8 RADIO->APP (1 bytes)
    ff                                               |.|
[5.024263000] dev=8 RADIO->APP (1 bytes)
    ff                                               |.|
[5.025387000] dev=8 RADIO->APP (1 bytes)
    ff                                               |.|
[5.026470000] dev=8 RADIO->APP (1 bytes)
    ff                                               |.|
[5.027537000] dev=8 RADIO->APP (1 bytes)
    ff                                               |.|
[5.028690000] dev=8 RADIO->APP (1 bytes)
    ff                                               |.|
[5.029887000] dev=8 RADIO->APP (1 bytes)
    ff                                               |.|
[5.058692000] dev=8 APP->RADIO (4 bytes)
    52 01 78 08                                      |R.x.|
[5.063941000] dev=8 RADIO->APP (1 bytes)
    57                                               |W|
[5.065062000] dev=8 RADIO->APP (1 bytes)
    01                                               |.|
[5.066185000] dev=8 RADIO->APP (1 bytes)
    78                                               |x|
[5.067316000] dev=8 RADIO->APP (1 bytes)
    08                                               |.|
[5.068409000] dev=8 RADIO->APP (1 bytes)
    ff                                               |.|
[5.069562000] dev=8 RADIO->APP (1 bytes)
    ff                                               |.|
[5.070761000] dev=8 RADIO->APP (1 bytes)
    ff                                               |.|
[5.071869000] dev=8 RADIO->APP (1 bytes)
    ff                                               |.|
[5.072964000] dev=8 RADIO->APP (1 bytes)
    ff                                               |.|
[5.074058000] dev=8 RADIO->APP (1 bytes)
    ff                                               |.|
[5.075260000] dev=8 RADIO->APP (1 bytes)
    ff                                               |.|
[5.076389000] dev=8 RADIO->APP (1 bytes)
    ff                                               |.|
[5.104786000] dev=8 APP->RADIO (4 bytes)
    52 01 80 08                                      |R...|
[5.110120000] dev=8 RADIO->APP (1 bytes)
    57                                               |W|
[5.111234000] dev=8 RADIO->APP (1 bytes)
    01                                               |.|
[5.112283000] dev=8 RADIO->APP (1 bytes)
    80                                               |.|
[5.113409000] dev=8 RADIO->APP (1 bytes)
    08                                               |.|
[5.114612000] dev=8 RADIO->APP (1 bytes)
    ff                                               |.|
[5.115736000] dev=8 RADIO->APP (1 bytes)
    ff                                               |.|
[5.116800000] dev=8 RADIO->APP (1 bytes)
    ff                                               |.|
[5.118012000] dev=8 RADIO->APP (1 bytes)
    ff                                               |.|
[5.119134000] dev=8 RADIO->APP (1 bytes)
    ff                                               |.|
[5.120262000] dev=8 RADIO->APP (1 bytes)
    ff                                               |.|
[5.121283000] dev=8 RADIO->APP (1 bytes)
    ff                                               |.|
[5.122515000] dev=8 RADIO->APP (1 bytes)
    ff                                               |.|
[5.151713000] dev=8 APP->RADIO (4 bytes)
    52 01 88 08                                      |R...|
[5.157107000] dev=8 RADIO->APP (1 bytes)
    57                                               |W|
[5.158082000] dev=8 RADIO->APP (1 bytes)
    01                                               |.|
[5.159207000] dev=8 RADIO->APP (1 bytes)
    88                                               |.|
[5.160335000] dev=8 RADIO->APP (1 bytes)
    08                                               |.|
[5.161457000] dev=8 RADIO->APP (1 bytes)
    ff                                               |.|
[5.162580000] dev=8 RADIO->APP (1 bytes)
    ff                                               |.|
[5.163713000] dev=8 RADIO->APP (1 bytes)
    ff                                               |.|
[5.164832000] dev=8 RADIO->APP (1 bytes)
    ff                                               |.|
[5.166032000] dev=8 RADIO->APP (1 bytes)
    ff                                               |.|
[5.167085000] dev=8 RADIO->APP (1 bytes)
    ff                                               |.|
[5.168210000] dev=8 RADIO->APP (1 bytes)
    ff                                               |.|
[5.169375000] dev=8 RADIO->APP (1 bytes)
    ff                                               |.|
[5.198136000] dev=8 APP->RADIO (4 bytes)
    52 01 90 08                                      |R...|
[5.203463000] dev=8 RADIO->APP (1 bytes)
    57                                               |W|
[5.204584000] dev=8 RADIO->APP (1 bytes)
    01                                               |.|
[5.205712000] dev=8 RADIO->APP (1 bytes)
    90                                               |.|
[5.206820000] dev=8 RADIO->APP (1 bytes)
    08                                               |.|
[5.207909000] dev=8 RADIO->APP (1 bytes)
    ff                                               |.|
[5.209109000] dev=8 RADIO->APP (1 bytes)
    ff                                               |.|
[5.210209000] dev=8 RADIO->APP (1 bytes)
    ff                                               |.|
[5.211335000] dev=8 RADIO->APP (1 bytes)
    ff                                               |.|
[5.212459000] dev=8 RADIO->APP (1 bytes)
    ff                                               |.|
[5.213483000] dev=8 RADIO->APP (1 bytes)
    ff                                               |.|
[5.214721000] dev=8 RADIO->APP (1 bytes)
    ff                                               |.|
[5.215819000] dev=8 RADIO->APP (1 bytes)
    ff                                               |.|
[5.245032000] dev=8 APP->RADIO (4 bytes)
    52 01 98 08                                      |R...|
[5.250289000] dev=8 RADIO->APP (1 bytes)
    57                                               |W|
[5.251407000] dev=8 RADIO->APP (1 bytes)
    01                                               |.|
[5.252610000] dev=8 RADIO->APP (1 bytes)
    98                                               |.|
[5.253735000] dev=8 RADIO->APP (1 bytes)
    08                                               |.|
[5.254862000] dev=8 RADIO->APP (1 bytes)
    ff                                               |.|
[5.255910000] dev=8 RADIO->APP (1 bytes)
    ff                                               |.|
[5.257109000] dev=8 RADIO->APP (1 bytes)
    ff                                               |.|
[5.258237000] dev=8 RADIO->APP (1 bytes)
    ff                                               |.|
[5.259359000] dev=8 RADIO->APP (1 bytes)
    ff                                               |.|
[5.260486000] dev=8 RADIO->APP (1 bytes)
    ff                                               |.|
[5.261623000] dev=8 RADIO->APP (1 bytes)
    ff                                               |.|
[5.262735000] dev=8 RADIO->APP (1 bytes)
    ff                                               |.|
[5.291510000] dev=8 APP->RADIO (4 bytes)
    52 01 a0 08                                      |R...|
[5.296760000] dev=8 RADIO->APP (1 bytes)
    57                                               |W|
[5.297885000] dev=8 RADIO->APP (1 bytes)
    01                                               |.|
[5.299037000] dev=8 RADIO->APP (1 bytes)
    a0                                               |.|
[5.300134000] dev=8 RADIO->APP (1 bytes)
    08                                               |.|
[5.301239000] dev=8 RADIO->APP (1 bytes)
    ff                                               |.|
[5.302362000] dev=8 RADIO->APP (1 bytes)
    ff                                               |.|
[5.303489000] dev=8 RADIO->APP (1 bytes)
    ff                                               |.|
[5.304612000] dev=8 RADIO->APP (1 bytes)
    ff                                               |.|
[5.305734000] dev=8 RADIO->APP (1 bytes)
    ff                                               |.|
[5.306858000] dev=8 RADIO->APP (1 bytes)
    ff                                               |.|
[5.308010000] dev=8 RADIO->APP (1 bytes)
    ff                                               |.|
[5.309109000] dev=8 RADIO->APP (1 bytes)
    ff                                               |.|
[5.332190000] dev=8 APP->RADIO (4 bytes)
    52 01 a8 08                                      |R...|
[5.337550000] dev=8 RADIO->APP (1 bytes)
    57                                               |W|
[5.338661000] dev=8 RADIO->APP (1 bytes)
    01                                               |.|
[5.339768000] dev=8 RADIO->APP (1 bytes)
    a8                                               |.|
[5.340854000] dev=8 RADIO->APP (1 bytes)
    08                                               |.|
[5.342109000] dev=8 RADIO->APP (1 bytes)
    ff                                               |.|
[5.343158000] dev=8 RADIO->APP (1 bytes)
    ff                                               |.|
[5.344286000] dev=8 RADIO->APP (1 bytes)
    ff                                               |.|
[5.345309000] dev=8 RADIO->APP (1 bytes)
    ff                                               |.|
[5.346537000] dev=8 RADIO->APP (1 bytes)
    ff                                               |.|
[5.347718000] dev=8 RADIO->APP (1 bytes)
    ff                                               |.|
[5.348689000] dev=8 RADIO->APP (1 bytes)
    ff                                               |.|
[5.349862000] dev=8 RADIO->APP (1 bytes)
    ff                                               |.|
[5.378486000] dev=8 APP->RADIO (4 bytes)
    52 01 b0 08                                      |R...|
[5.383814000] dev=8 RADIO->APP (1 bytes)
    57                                               |W|
[5.384935000] dev=8 RADIO->APP (1 bytes)
    01                                               |.|
[5.386109000] dev=8 RADIO->APP (1 bytes)
    b0                                               |.|
[5.387184000] dev=8 RADIO->APP (1 bytes)
    08                                               |.|
[5.388309000] dev=8 RADIO->APP (1 bytes)
    ff                                               |.|
[5.389433000] dev=8 RADIO->APP (1 bytes)
    ff                                               |.|
[5.390562000] dev=8 RADIO->APP (1 bytes)
    ff                                               |.|
[5.391611000] dev=8 RADIO->APP (1 bytes)
    ff                                               |.|
[5.392743000] dev=8 RADIO->APP (1 bytes)
    ff                                               |.|
[5.393860000] dev=8 RADIO->APP (1 bytes)
    ff                                               |.|
[5.395011000] dev=8 RADIO->APP (1 bytes)
    ff                                               |.|
[5.396146000] dev=8 RADIO->APP (1 bytes)
    ff                                               |.|
[5.424801000] dev=8 APP->RADIO (4 bytes)
    52 01 b8 08                                      |R...|
[5.430144000] dev=8 RADIO->APP (1 bytes)
    57                                               |W|
[5.431267000] dev=8 RADIO->APP (1 bytes)
    01                                               |.|
[5.432387000] dev=8 RADIO->APP (1 bytes)
    b8                                               |.|
[5.433435000] dev=8 RADIO->APP (1 bytes)
    08                                               |.|
[5.434637000] dev=8 RADIO->APP (1 bytes)
    ff                                               |.|
[5.435759000] dev=8 RADIO->APP (1 bytes)
    ff                                               |.|
[5.436884000] dev=8 RADIO->APP (1 bytes)
    ff                                               |.|
[5.438011000] dev=8 RADIO->APP (1 bytes)
    ff                                               |.|
[5.439144000] dev=8 RADIO->APP (1 bytes)
    ff                                               |.|
[5.440260000] dev=8 RADIO->APP (1 bytes)
    ff                                               |.|
[5.441292000] dev=8 RADIO->APP (1 bytes)
    ff                                               |.|
[5.442438000] dev=8 RADIO->APP (1 bytes)
    ff                                               |.|
[5.471598000] dev=8 APP->RADIO (4 bytes)
    52 01 c0 08                                      |R...|
[5.476841000] dev=8 RADIO->APP (1 bytes)
    57                                               |W|
[5.478035000] dev=8 RADIO->APP (1 bytes)
    01                                               |.|
[5.479100000] dev=8 RADIO->APP (1 bytes)
    c0                                               |.|
[5.480312000] dev=8 RADIO->APP (1 bytes)
    08                                               |.|
[5.481421000] dev=8 RADIO->APP (1 bytes)
    ff                                               |.|
[5.482519000] dev=8 RADIO->APP (1 bytes)
    ff                                               |.|
[5.483687000] dev=8 RADIO->APP (1 bytes)
    ff                                               |.|
[5.484809000] dev=8 RADIO->APP (1 bytes)
    ff                                               |.|
[5.485939000] dev=8 RADIO->APP (1 bytes)
    ff                                               |.|
[5.487109000] dev=8 RADIO->APP (1 bytes)
    ff                                               |.|
[5.488106000] dev=8 RADIO->APP (1 bytes)
    ff                                               |.|
[5.489235000] dev=8 RADIO->APP (1 bytes)
    ff                                               |.|
[5.517634000] dev=8 APP->RADIO (4 bytes)
    52 01 c8 08                                      |R...|
[5.522890000] dev=8 RADIO->APP (1 bytes)
    57                                               |W|
[5.524034000] dev=8 RADIO->APP (1 bytes)
    01                                               |.|
[5.525134000] dev=8 RADIO->APP (1 bytes)
    c8                                               |.|
[5.526257000] dev=8 RADIO->APP (1 bytes)
    08                                               |.|
[5.527382000] dev=8 RADIO->APP (1 bytes)
    ff                                               |.|
[5.528492000] dev=8 RADIO->APP (1 bytes)
    ff                                               |.|
[5.529712000] dev=8 RADIO->APP (1 bytes)
    ff                                               |.|
[5.530836000] dev=8 RADIO->APP (1 bytes)
    ff                                               |.|
[5.531898000] dev=8 RADIO->APP (1 bytes)
    ff                                               |.|
[5.533024000] dev=8 RADIO->APP (1 bytes)
    ff                                               |.|
[5.534111000] dev=8 RADIO->APP (1 bytes)
    ff                                               |.|
[5.535334000] dev=8 RADIO->APP (1 bytes)
    ff                                               |.|
[5.563860000] dev=8 APP->RADIO (4 bytes)
    52 01 d0 08                                      |R...|
[5.569187000] dev=8 RADIO->APP (1 bytes)
    57                                               |W|
[5.570314000] dev=8 RADIO->APP (1 bytes)
    01                                               |.|
[5.571434000] dev=8 RADIO->APP (1 bytes)
    d0                                               |.|
[5.572484000] dev=8 RADIO->APP (1 bytes)
    08                                               |.|
[5.573668000] dev=8 RADIO->APP (1 bytes)
    ff                                               |.|
[5.574810000] dev=8 RADIO->APP (1 bytes)
    ff                                               |.|
[5.575937000] dev=8 RADIO->APP (1 bytes)
    ff                                               |.|
[5.577111000] dev=8 RADIO->APP (1 bytes)
    ff                                               |.|
[5.578219000] dev=8 RADIO->APP (1 bytes)
    ff                                               |.|
[5.579270000] dev=8 RADIO->APP (1 bytes)
    ff                                               |.|
[5.580435000] dev=8 RADIO->APP (1 bytes)
    ff                                               |.|
[5.581484000] dev=8 RADIO->APP (1 bytes)
    ff                                               |.|
[5.610209000] dev=8 APP->RADIO (4 bytes)
    52 01 d8 08                                      |R...|
[5.615540000] dev=8 RADIO->APP (1 bytes)
    57                                               |W|
[5.616660000] dev=8 RADIO->APP (1 bytes)
    01                                               |.|
[5.617793000] dev=8 RADIO->APP (1 bytes)
    d8                                               |.|
[5.618855000] dev=8 RADIO->APP (1 bytes)
    08                                               |.|
[5.620108000] dev=8 RADIO->APP (1 bytes)
    ff                                               |.|
[5.621159000] dev=8 RADIO->APP (1 bytes)
    ff                                               |.|
[5.622284000] dev=8 RADIO->APP (1 bytes)
    ff                                               |.|
[5.623408000] dev=8 RADIO->APP (1 bytes)
    ff                                               |.|
[5.624534000] dev=8 RADIO->APP (1 bytes)
    ff                                               |.|
[5.625639000] dev=8 RADIO->APP (1 bytes)
    ff                                               |.|
[5.626690000] dev=8 RADIO->APP (1 bytes)
    ff                                               |.|
[5.627837000] dev=8 RADIO->APP (1 bytes)
    ff                                               |.|
[5.656595000] dev=8 APP->RADIO (4 bytes)
    52 01 e0 08                                      |R...|
[5.661850000] dev=8 RADIO->APP (1 bytes)
    57                                               |W|
[5.663114000] dev=8 RADIO->APP (1 bytes)
    01                                               |.|
[5.664191000] dev=8 RADIO->APP (1 bytes)
    e0                                               |.|
[5.665310000] dev=8 RADIO->APP (1 bytes)
    08                                               |.|
[5.666434000] dev=8 RADIO->APP (1 bytes)
    ff                                               |.|
[5.667526000] dev=8 RADIO->APP (1 bytes)
    ff                                               |.|
[5.668666000] dev=8 RADIO->APP (1 bytes)
    ff                                               |.|
[5.669809000] dev=8 RADIO->APP (1 bytes)
    ff                                               |.|
[5.670959000] dev=8 RADIO->APP (1 bytes)
    ff                                               |.|
[5.672123000] dev=8 RADIO->APP (1 bytes)
    ff                                               |.|
[5.673111000] dev=8 RADIO->APP (1 bytes)
    ff                                               |.|
[5.674336000] dev=8 RADIO->APP (1 bytes)
    ff                                               |.|
[5.703134000] dev=8 APP->RADIO (4 bytes)
    52 01 e8 08                                      |R...|
[5.708462000] dev=8 RADIO->APP (1 bytes)
    57                                               |W|
[5.709587000] dev=8 RADIO->APP (1 bytes)
    01                                               |.|
[5.710709000] dev=8 RADIO->APP (1 bytes)
    e8                                               |.|
[5.711767000] dev=8 RADIO->APP (1 bytes)
    08                                               |.|
[5.712932000] dev=8 RADIO->APP (1 bytes)
    ff                                               |.|
[5.714109000] dev=8 RADIO->APP (1 bytes)
    ff                                               |.|
[5.715138000] dev=8 RADIO->APP (1 bytes)
    ff                                               |.|
[5.716270000] dev=8 RADIO->APP (1 bytes)
    ff                                               |.|
[5.717436000] dev=8 RADIO->APP (1 bytes)
    ff                                               |.|
[5.718516000] dev=8 RADIO->APP (1 bytes)
    ff                                               |.|
[5.719710000] dev=8 RADIO->APP (1 bytes)
    ff                                               |.|
[5.720838000] dev=8 RADIO->APP (1 bytes)
    ff                                               |.|
[5.748706000] dev=8 APP->RADIO (4 bytes)
    52 01 f0 08                                      |R...|
[5.754036000] dev=8 RADIO->APP (1 bytes)
    57                                               |W|
[5.755056000] dev=8 RADIO->APP (1 bytes)
    01                                               |.|
[5.756191000] dev=8 RADIO->APP (1 bytes)
    f0                                               |.|
[5.757334000] dev=8 RADIO->APP (1 bytes)
    08                                               |.|
[5.758458000] dev=8 RADIO->APP (1 bytes)
    ff                                               |.|
[5.759615000] dev=8 RADIO->APP (1 bytes)
    ff                                               |.|
[5.760786000] dev=8 RADIO->APP (1 bytes)
    ff                                               |.|
[5.761784000] dev=8 RADIO->APP (1 bytes)
    ff                                               |.|
[5.762911000] dev=8 RADIO->APP (1 bytes)
    ff                                               |.|
[5.764061000] dev=8 RADIO->APP (1 bytes)
    ff                                               |.|
[5.765184000] dev=8 RADIO->APP (1 bytes)
    ff                                               |.|
[5.766306000] dev=8 RADIO->APP (1 bytes)
    ff                                               |.|
[5.795110000] dev=8 APP->RADIO (4 bytes)
    52 01 f8 08                                      |R...|
[5.800443000] dev=8 RADIO->APP (1 bytes)
    57                                               |W|
[5.801563000] dev=8 RADIO->APP (1 bytes)
    01                                               |.|
[5.802687000] dev=8 RADIO->APP (1 bytes)
    f8                                               |.|
[5.803815000] dev=8 RADIO->APP (1 bytes)
    08                                               |.|
[5.804937000] dev=8 RADIO->APP (1 bytes)
    ff                                               |.|
[5.806110000] dev=8 RADIO->APP (1 bytes)
    ff                                               |.|
[5.807187000] dev=8 RADIO->APP (1 bytes)
    ff                                               |.|
[5.808268000] dev=8 RADIO->APP (1 bytes)
    ff                                               |.|
[5.809358000] dev=8 RADIO->APP (1 bytes)
    ff                                               |.|
[5.810460000] dev=8 RADIO->APP (1 bytes)
    ff                                               |.|
[5.811655000] dev=8 RADIO->APP (1 bytes)
    ff                                               |.|
[5.812743000] dev=8 RADIO->APP (1 bytes)
    ff                                               |.|
[5.841542000] dev=8 APP->RADIO (4 bytes)
    52 02 00 08                                      |R...|
[5.846868000] dev=8 RADIO->APP (1 bytes)
    57                                               |W|
[5.847910000] dev=8 RADIO->APP (1 bytes)
    02                                               |.|
[5.849036000] dev=8 RADIO->APP (1 bytes)
    00                                               |.|
[5.850160000] dev=8 RADIO->APP (1 bytes)
    08                                               |.|
[5.851285000] dev=8 RADIO->APP (1 bytes)
    ff                                               |.|
[5.852409000] dev=8 RADIO->APP (1 bytes)
    ff                                               |.|
[5.853533000] dev=8 RADIO->APP (1 bytes)
    ff                                               |.|
[5.854668000] dev=8 RADIO->APP (1 bytes)
    ff                                               |.|
[5.855787000] dev=8 RADIO->APP (1 bytes)
    ff                                               |.|
[5.856911000] dev=8 RADIO->APP (1 bytes)
    ff                                               |.|
[5.858035000] dev=8 RADIO->APP (1 bytes)
    ff                                               |.|
[5.859166000] dev=8 RADIO->APP (1 bytes)
    ff                                               |.|
[5.887482000] dev=8 APP->RADIO (4 bytes)
    52 02 08 08                                      |R...|
[5.892814000] dev=8 RADIO->APP (1 bytes)
    57                                               |W|
[5.893943000] dev=8 RADIO->APP (1 bytes)
    02                                               |.|
[5.895022000] dev=8 RADIO->APP (1 bytes)
    08                                               |.|
[5.896121000] dev=8 RADIO->APP (1 bytes)
    08                                               |.|
[5.897309000] dev=8 RADIO->APP (1 bytes)
    ff                                               |.|
[5.898433000] dev=8 RADIO->APP (1 bytes)
    ff                                               |.|
[5.899559000] dev=8 RADIO->APP (1 bytes)
    ff                                               |.|
[5.900684000] dev=8 RADIO->APP (1 bytes)
    ff                                               |.|
[5.901817000] dev=8 RADIO->APP (1 bytes)
    ff                                               |.|
[5.902935000] dev=8 RADIO->APP (1 bytes)
    ff                                               |.|
[5.904066000] dev=8 RADIO->APP (1 bytes)
    ff                                               |.|
[5.905127000] dev=8 RADIO->APP (1 bytes)
    ff                                               |.|
[5.934298000] dev=8 APP->RADIO (4 bytes)
    52 02 10 08                                      |R...|
[5.939637000] dev=8 RADIO->APP (1 bytes)
    57                                               |W|
[5.940761000] dev=8 RADIO->APP (1 bytes)
    02                                               |.|
[5.941884000] dev=8 RADIO->APP (1 bytes)
    10                                               |.|
[5.943012000] dev=8 RADIO->APP (1 bytes)
    08                                               |.|
[5.944117000] dev=8 RADIO->APP (1 bytes)
    ff                                               |.|
[5.945158000] dev=8 RADIO->APP (1 bytes)
    ff                                               |.|
[5.946384000] dev=8 RADIO->APP (1 bytes)
    ff                                               |.|
[5.947514000] dev=8 RADIO->APP (1 bytes)
    ff                                               |.|
[5.948634000] dev=8 RADIO->APP (1 bytes)
    ff                                               |.|
[5.949759000] dev=8 RADIO->APP (1 bytes)
    ff                                               |.|
[5.950813000] dev=8 RADIO->APP (1 bytes)
    ff                                               |.|
[5.952013000] dev=8 RADIO->APP (1 bytes)
    ff                                               |.|
[5.980545000] dev=8 APP->RADIO (4 bytes)
    52 02 18 08                                      |R...|
[5.985791000] dev=8 RADIO->APP (1 bytes)
    57                                               |W|
[5.986912000] dev=8 RADIO->APP (1 bytes)
    02                                               |.|
[5.988060000] dev=8 RADIO->APP (1 bytes)
    18                                               |.|
[5.989185000] dev=8 RADIO->APP (1 bytes)
    08                                               |.|
[5.990292000] dev=8 RADIO->APP (1 bytes)
    ff                                               |.|
[5.991434000] dev=8 RADIO->APP (1 bytes)
    ff                                               |.|
[5.992636000] dev=8 RADIO->APP (1 bytes)
    ff                                               |.|
[5.993744000] dev=8 RADIO->APP (1 bytes)
    ff                                               |.|
[5.994835000] dev=8 RADIO->APP (1 bytes)
    ff                                               |.|
[5.995938000] dev=8 RADIO->APP (1 bytes)
    ff                                               |.|
[5.997135000] dev=8 RADIO->APP (1 bytes)
    ff                                               |.|
[5.998260000] dev=8 RADIO->APP (1 bytes)
    ff                                               |.|
[6.026353000] dev=8 APP->RADIO (4 bytes)
    52 02 20 08                                      |R. .|
[6.031690000] dev=8 RADIO->APP (1 bytes)
    57                                               |W|
[6.032812000] dev=8 RADIO->APP (1 bytes)
    02                                               |.|
[6.033838000] dev=8 RADIO->APP (1 bytes)
    20                                               | |
[6.035010000] dev=8 RADIO->APP (1 bytes)
    08                                               |.|
[6.036185000] dev=8 RADIO->APP (1 bytes)
    ff                                               |.|
[6.037309000] dev=8 RADIO->APP (1 bytes)
    ff                                               |.|
[6.038437000] dev=8 RADIO->APP (1 bytes)
    ff                                               |.|
[6.039563000] dev=8 RADIO->APP (1 bytes)
    ff                                               |.|
[6.040641000] dev=8 RADIO->APP (1 bytes)
    ff                                               |.|
[6.041719000] dev=8 RADIO->APP (1 bytes)
    ff                                               |.|
[6.042937000] dev=8 RADIO->APP (1 bytes)
    ff                                               |.|
[6.044065000] dev=8 RADIO->APP (1 bytes)
    ff                                               |.|
[6.072859000] dev=8 APP->RADIO (4 bytes)
    52 02 28 08                                      |R.(.|
[6.078183000] dev=8 RADIO->APP (1 bytes)
    57                                               |W|
[6.079256000] dev=8 RADIO->APP (1 bytes)
    02                                               |.|
[6.080358000] dev=8 RADIO->APP (1 bytes)
    28                                               |(|
[6.081482000] dev=8 RADIO->APP (1 bytes)
    08                                               |.|
[6.082608000] dev=8 RADIO->APP (1 bytes)
    ff                                               |.|
[6.083733000] dev=8 RADIO->APP (1 bytes)
    ff                                               |.|
[6.084858000] dev=8 RADIO->APP (1 bytes)
    ff                                               |.|
[6.086033000] dev=8 RADIO->APP (1 bytes)
    ff                                               |.|
[6.087110000] dev=8 RADIO->APP (1 bytes)
    ff                                               |.|
[6.088286000] dev=8 RADIO->APP (1 bytes)
    ff                                               |.|
[6.089360000] dev=8 RADIO->APP (1 bytes)
    ff                                               |.|
[6.090550000] dev=8 RADIO->APP (1 bytes)
    ff                                               |.|
[6.119649000] dev=8 APP->RADIO (4 bytes)
    52 02 30 08                                      |R.0.|
[6.124990000] dev=8 RADIO->APP (1 bytes)
    57                                               |W|
[6.126112000] dev=8 RADIO->APP (1 bytes)
    02                                               |.|
[6.127236000] dev=8 RADIO->APP (1 bytes)
    30                                               |0|
[6.128277000] dev=8 RADIO->APP (1 bytes)
    08                                               |.|
[6.129393000] dev=8 RADIO->APP (1 bytes)
    ff                                               |.|
[6.130610000] dev=8 RADIO->APP (1 bytes)
    ff                                               |.|
[6.131734000] dev=8 RADIO->APP (1 bytes)
    ff                                               |.|
[6.132860000] dev=8 RADIO->APP (1 bytes)
    ff                                               |.|
[6.133986000] dev=8 RADIO->APP (1 bytes)
    ff                                               |.|
[6.135078000] dev=8 RADIO->APP (1 bytes)
    ff                                               |.|
[6.136236000] dev=8 RADIO->APP (1 bytes)
    ff                                               |.|
[6.137326000] dev=8 RADIO->APP (1 bytes)
    ff                                               |.|
[6.165913000] dev=8 APP->RADIO (4 bytes)
    52 02 38 08                                      |R.8.|
[6.171284000] dev=8 RADIO->APP (1 bytes)
    57                                               |W|
[6.172406000] dev=8 RADIO->APP (1 bytes)
    02                                               |.|
[6.173513000] dev=8 RADIO->APP (1 bytes)
    38                                               |8|
[6.174616000] dev=8 RADIO->APP (1 bytes)
    08                                               |.|
[6.175784000] dev=8 RADIO->APP (1 bytes)
    ff                                               |.|
[6.176909000] dev=8 RADIO->APP (1 bytes)
    ff                                               |.|
[6.178109000] dev=8 RADIO->APP (1 bytes)
    ff                                               |.|
[6.179160000] dev=8 RADIO->APP (1 bytes)
    ff                                               |.|
[6.180287000] dev=8 RADIO->APP (1 bytes)
    ff                                               |.|
[6.181483000] dev=8 RADIO->APP (1 bytes)
    ff                                               |.|
[6.182514000] dev=8 RADIO->APP (1 bytes)
    ff                                               |.|
[6.183615000] dev=8 RADIO->APP (1 bytes)
    ff                                               |.|
[6.212833000] dev=8 APP->RADIO (4 bytes)
    52 02 40 08                                      |R.@.|
[6.218087000] dev=8 RADIO->APP (1 bytes)
    57                                               |W|
[6.219208000] dev=8 RADIO->APP (1 bytes)
    02                                               |.|
[6.220333000] dev=8 RADIO->APP (1 bytes)
    40                                               |@|
[6.221464000] dev=8 RADIO->APP (1 bytes)
    08                                               |.|
[6.222553000] dev=8 RADIO->APP (1 bytes)
    ff                                               |.|
[6.223712000] dev=8 RADIO->APP (1 bytes)
    ff                                               |.|
[6.224912000] dev=8 RADIO->APP (1 bytes)
    ff                                               |.|
[6.226112000] dev=8 RADIO->APP (1 bytes)
    ff                                               |.|
[6.227162000] dev=8 RADIO->APP (1 bytes)
    ff                                               |.|
[6.228312000] dev=8 RADIO->APP (1 bytes)
    ff                                               |.|
[6.229309000] dev=8 RADIO->APP (1 bytes)
    ff                                               |.|
[6.230536000] dev=8 RADIO->APP (1 bytes)
    ff                                               |.|
[6.260666000] dev=8 APP->RADIO (4 bytes)
    52 02 48 08                                      |R.H.|
[6.265991000] dev=8 RADIO->APP (1 bytes)
    57                                               |W|
[6.267110000] dev=8 RADIO->APP (1 bytes)
    02                                               |.|
[6.268216000] dev=8 RADIO->APP (1 bytes)
    48                                               |H|
[6.269310000] dev=8 RADIO->APP (1 bytes)
    08                                               |.|
[6.270484000] dev=8 RADIO->APP (1 bytes)
    ff                                               |.|
[6.271610000] dev=8 RADIO->APP (1 bytes)
    ff                                               |.|
[6.272736000] dev=8 RADIO->APP (1 bytes)
    ff                                               |.|
[6.273859000] dev=8 RADIO->APP (1 bytes)
    ff                                               |.|
[6.274992000] dev=8 RADIO->APP (1 bytes)
    ff                                               |.|
[6.276183000] dev=8 RADIO->APP (1 bytes)
    ff                                               |.|
[6.277157000] dev=8 RADIO->APP (1 bytes)
    ff                                               |.|
[6.278277000] dev=8 RADIO->APP (1 bytes)
    ff                                               |.|
[6.306901000] dev=8 APP->RADIO (4 bytes)
    52 02 50 08                                      |R.P.|
[6.312189000] dev=8 RADIO->APP (1 bytes)
    57                                               |W|
[6.313413000] dev=8 RADIO->APP (1 bytes)
    02                                               |.|
[6.314539000] dev=8 RADIO->APP (1 bytes)
    50                                               |P|
[6.315585000] dev=8 RADIO->APP (1 bytes)
    08                                               |.|
[6.316707000] dev=8 RADIO->APP (1 bytes)
    ff                                               |.|
[6.317835000] dev=8 RADIO->APP (1 bytes)
    ff                                               |.|
[6.319033000] dev=8 RADIO->APP (1 bytes)
    ff                                               |.|
[6.320082000] dev=8 RADIO->APP (1 bytes)
    ff                                               |.|
[6.321210000] dev=8 RADIO->APP (1 bytes)
    ff                                               |.|
[6.322334000] dev=8 RADIO->APP (1 bytes)
    ff                                               |.|
[6.323460000] dev=8 RADIO->APP (1 bytes)
    ff                                               |.|
[6.324587000] dev=8 RADIO->APP (1 bytes)
    ff                                               |.|
[6.353791000] dev=8 APP->RADIO (4 bytes)
    52 02 58 08                                      |R.X.|
[6.359111000] dev=8 RADIO->APP (1 bytes)
    57                                               |W|
[6.360236000] dev=8 RADIO->APP (1 bytes)
    02                                               |.|
[6.361362000] dev=8 RADIO->APP (1 bytes)
    58                                               |X|
[6.362421000] dev=8 RADIO->APP (1 bytes)
    08                                               |.|
[6.363612000] dev=8 RADIO->APP (1 bytes)
    ff                                               |.|
[6.364735000] dev=8 RADIO->APP (1 bytes)
    ff                                               |.|
[6.365860000] dev=8 RADIO->APP (1 bytes)
    ff                                               |.|
[6.366990000] dev=8 RADIO->APP (1 bytes)
    ff                                               |.|
[6.368041000] dev=8 RADIO->APP (1 bytes)
    ff                                               |.|
[6.369237000] dev=8 RADIO->APP (1 bytes)
    ff                                               |.|
[6.370290000] dev=8 RADIO->APP (1 bytes)
    ff                                               |.|
[6.371485000] dev=8 RADIO->APP (1 bytes)
    ff                                               |.|
[6.400944000] dev=8 APP->RADIO (4 bytes)
    52 02 60 08                                      |R.`.|
[6.406288000] dev=8 RADIO->APP (1 bytes)
    57                                               |W|
[6.407333000] dev=8 RADIO->APP (1 bytes)
    02                                               |.|
[6.408468000] dev=8 RADIO->APP (1 bytes)
    60                                               |`|
[6.409583000] dev=8 RADIO->APP (1 bytes)
    08                                               |.|
[6.410769000] dev=8 RADIO->APP (1 bytes)
    ff                                               |.|
[6.411840000] dev=8 RADIO->APP (1 bytes)
    ff                                               |.|
[6.413109000] dev=8 RADIO->APP (1 bytes)
    ff                                               |.|
[6.414163000] dev=8 RADIO->APP (1 bytes)
    ff                                               |.|
[6.415284000] dev=8 RADIO->APP (1 bytes)
    ff                                               |.|
[6.416411000] dev=8 RADIO->APP (1 bytes)
    ff                                               |.|
[6.417458000] dev=8 RADIO->APP (1 bytes)
    ff                                               |.|
[6.418660000] dev=8 RADIO->APP (1 bytes)
    ff                                               |.|
[6.448001000] dev=8 APP->RADIO (4 bytes)
    52 02 68 08                                      |R.h.|
[6.453260000] dev=8 RADIO->APP (1 bytes)
    57                                               |W|
[6.454384000] dev=8 RADIO->APP (1 bytes)
    02                                               |.|
[6.455511000] dev=8 RADIO->APP (1 bytes)
    68                                               |h|
[6.456635000] dev=8 RADIO->APP (1 bytes)
    08                                               |.|
[6.457760000] dev=8 RADIO->APP (1 bytes)
    ff                                               |.|
[6.458885000] dev=8 RADIO->APP (1 bytes)
    ff                                               |.|
[6.460112000] dev=8 RADIO->APP (1 bytes)
    ff                                               |.|
[6.461210000] dev=8 RADIO->APP (1 bytes)
    ff                                               |.|
[6.462242000] dev=8 RADIO->APP (1 bytes)
    ff                                               |.|
[6.463361000] dev=8 RADIO->APP (1 bytes)
    ff                                               |.|
[6.464519000] dev=8 RADIO->APP (1 bytes)
    ff                                               |.|
[6.465709000] dev=8 RADIO->APP (1 bytes)
    ff                                               |.|
[6.494875000] dev=8 APP->RADIO (4 bytes)
    52 02 70 08                                      |R.p.|
[6.500190000] dev=8 RADIO->APP (1 bytes)
    57                                               |W|
[6.501312000] dev=8 RADIO->APP (1 bytes)
    02                                               |.|
[6.502435000] dev=8 RADIO->APP (1 bytes)
    70                                               |p|
[6.503495000] dev=8 RADIO->APP (1 bytes)
    08                                               |.|
[6.504619000] dev=8 RADIO->APP (1 bytes)
    ff                                               |.|
[6.505740000] dev=8 RADIO->APP (1 bytes)
    ff                                               |.|
[6.506935000] dev=8 RADIO->APP (1 bytes)
    ff                                               |.|
[6.508111000] dev=8 RADIO->APP (1 bytes)
    ff                                               |.|
[6.509185000] dev=8 RADIO->APP (1 bytes)
    ff                                               |.|
[6.510309000] dev=8 RADIO->APP (1 bytes)
    ff                                               |.|
[6.511438000] dev=8 RADIO->APP (1 bytes)
    ff                                               |.|
[6.512460000] dev=8 RADIO->APP (1 bytes)
    ff                                               |.|
[6.541029000] dev=8 APP->RADIO (4 bytes)
    52 02 78 08                                      |R.x.|
[6.546363000] dev=8 RADIO->APP (1 bytes)
    57                                               |W|
[6.547485000] dev=8 RADIO->APP (1 bytes)
    02                                               |.|
[6.548534000] dev=8 RADIO->APP (1 bytes)
    78                                               |x|
[6.549635000] dev=8 RADIO->APP (1 bytes)
    08                                               |.|
[6.550766000] dev=8 RADIO->APP (1 bytes)
    ff                                               |.|
[6.551891000] dev=8 RADIO->APP (1 bytes)
    ff                                               |.|
[6.553015000] dev=8 RADIO->APP (1 bytes)
    ff                                               |.|
[6.554140000] dev=8 RADIO->APP (1 bytes)
    ff                                               |.|
[6.555265000] dev=8 RADIO->APP (1 bytes)
    ff                                               |.|
[6.556365000] dev=8 RADIO->APP (1 bytes)
    ff                                               |.|
[6.557510000] dev=8 RADIO->APP (1 bytes)
    ff                                               |.|
[6.558635000] dev=8 RADIO->APP (1 bytes)
    ff                                               |.|
[6.587724000] dev=8 APP->RADIO (4 bytes)
    52 02 80 08                                      |R...|
[6.593114000] dev=8 RADIO->APP (1 bytes)
    57                                               |W|
[6.594161000] dev=8 RADIO->APP (1 bytes)
    02                                               |.|
[6.595221000] dev=8 RADIO->APP (1 bytes)
    80                                               |.|
[6.596452000] dev=8 RADIO->APP (1 bytes)
    08                                               |.|
[6.597560000] dev=8 RADIO->APP (1 bytes)
    ff                                               |.|
[6.598692000] dev=8 RADIO->APP (1 bytes)
    ff                                               |.|
[6.599810000] dev=8 RADIO->APP (1 bytes)
    ff                                               |.|
[6.600936000] dev=8 RADIO->APP (1 bytes)
    ff                                               |.|
[6.602110000] dev=8 RADIO->APP (1 bytes)
    ff                                               |.|
[6.603252000] dev=8 RADIO->APP (1 bytes)
    ff                                               |.|
[6.604234000] dev=8 RADIO->APP (1 bytes)
    ff                                               |.|
[6.605363000] dev=8 RADIO->APP (1 bytes)
    ff                                               |.|
[6.634720000] dev=8 APP->RADIO (4 bytes)
    52 02 88 08                                      |R...|
[6.640020000] dev=8 RADIO->APP (1 bytes)
    57                                               |W|
[6.641089000] dev=8 RADIO->APP (1 bytes)
    02                                               |.|
[6.642213000] dev=8 RADIO->APP (1 bytes)
    88                                               |.|
[6.643337000] dev=8 RADIO->APP (1 bytes)
    08                                               |.|
[6.644473000] dev=8 RADIO->APP (1 bytes)
    ff                                               |.|
[6.645595000] dev=8 RADIO->APP (1 bytes)
    ff                                               |.|
[6.646711000] dev=8 RADIO->APP (1 bytes)
    ff                                               |.|
[6.647839000] dev=8 RADIO->APP (1 bytes)
    ff                                               |.|
[6.649012000] dev=8 RADIO->APP (1 bytes)
    ff                                               |.|
[6.650089000] dev=8 RADIO->APP (1 bytes)
    ff                                               |.|
[6.651210000] dev=8 RADIO->APP (1 bytes)
    ff                                               |.|
[6.652334000] dev=8 RADIO->APP (1 bytes)
    ff                                               |.|
[6.682002000] dev=8 APP->RADIO (4 bytes)
    52 02 90 08                                      |R...|
[6.687245000] dev=8 RADIO->APP (1 bytes)
    57                                               |W|
[6.688363000] dev=8 RADIO->APP (1 bytes)
    02                                               |.|
[6.689486000] dev=8 RADIO->APP (1 bytes)
    90                                               |.|
[6.690611000] dev=8 RADIO->APP (1 bytes)
    08                                               |.|
[6.691737000] dev=8 RADIO->APP (1 bytes)
    ff                                               |.|
[6.692870000] dev=8 RADIO->APP (1 bytes)
    ff                                               |.|
[6.694012000] dev=8 RADIO->APP (1 bytes)
    ff                                               |.|
[6.695117000] dev=8 RADIO->APP (1 bytes)
    ff                                               |.|
[6.696239000] dev=8 RADIO->APP (1 bytes)
    ff                                               |.|
[6.697369000] dev=8 RADIO->APP (1 bytes)
    ff                                               |.|
[6.698496000] dev=8 RADIO->APP (1 bytes)
    ff                                               |.|
[6.699624000] dev=8 RADIO->APP (1 bytes)
    ff                                               |.|
[6.728472000] dev=8 APP->RADIO (4 bytes)
    52 02 98 08                                      |R...|
[6.733717000] dev=8 RADIO->APP (1 bytes)
    57                                               |W|
[6.734838000] dev=8 RADIO->APP (1 bytes)
    02                                               |.|
[6.736013000] dev=8 RADIO->APP (1 bytes)
    98                                               |.|
[6.737089000] dev=8 RADIO->APP (1 bytes)
    08                                               |.|
[6.738224000] dev=8 RADIO->APP (1 bytes)
    ff                                               |.|
[6.739338000] dev=8 RADIO->APP (1 bytes)
    ff                                               |.|
[6.740459000] dev=8 RADIO->APP (1 bytes)
    ff                                               |.|
[6.741585000] dev=8 RADIO->APP (1 bytes)
    ff                                               |.|
[6.742710000] dev=8 RADIO->APP (1 bytes)
    ff                                               |.|
[6.743835000] dev=8 RADIO->APP (1 bytes)
    ff                                               |.|
[6.745027000] dev=8 RADIO->APP (1 bytes)
    ff                                               |.|
[6.746088000] dev=8 RADIO->APP (1 bytes)
    ff                                               |.|
[6.775579000] dev=8 APP->RADIO (4 bytes)
    52 02 a0 08                                      |R...|
[6.780817000] dev=8 RADIO->APP (1 bytes)
    57                                               |W|
[6.782009000] dev=8 RADIO->APP (1 bytes)
    02                                               |.|
[6.783059000] dev=8 RADIO->APP (1 bytes)
    a0                                               |.|
[6.784185000] dev=8 RADIO->APP (1 bytes)
    08                                               |.|
[6.785313000] dev=8 RADIO->APP (1 bytes)
    ff                                               |.|
[6.786460000] dev=8 RADIO->APP (1 bytes)
    ff                                               |.|
[6.787586000] dev=8 RADIO->APP (1 bytes)
    ff                                               |.|
[6.788711000] dev=8 RADIO->APP (1 bytes)
    ff                                               |.|
[6.789836000] dev=8 RADIO->APP (1 bytes)
    ff                                               |.|
[6.791011000] dev=8 RADIO->APP (1 bytes)
    ff                                               |.|
[6.792091000] dev=8 RADIO->APP (1 bytes)
    ff                                               |.|
[6.793219000] dev=8 RADIO->APP (1 bytes)
    ff                                               |.|
[6.822641000] dev=8 APP->RADIO (4 bytes)
    52 02 a8 08                                      |R...|
[6.827988000] dev=8 RADIO->APP (1 bytes)
    57                                               |W|
[6.829043000] dev=8 RADIO->APP (1 bytes)
    02                                               |.|
[6.830237000] dev=8 RADIO->APP (1 bytes)
    a8                                               |.|
[6.831330000] dev=8 RADIO->APP (1 bytes)
    08                                               |.|
[6.832458000] dev=8 RADIO->APP (1 bytes)
    ff                                               |.|
[6.833612000] dev=8 RADIO->APP (1 bytes)
    ff                                               |.|
[6.834736000] dev=8 RADIO->APP (1 bytes)
    ff                                               |.|
[6.835863000] dev=8 RADIO->APP (1 bytes)
    ff                                               |.|
[6.836987000] dev=8 RADIO->APP (1 bytes)
    ff                                               |.|
[6.838036000] dev=8 RADIO->APP (1 bytes)
    ff                                               |.|
[6.839238000] dev=8 RADIO->APP (1 bytes)
    ff                                               |.|
[6.840364000] dev=8 RADIO->APP (1 bytes)
    ff                                               |.|
[6.868890000] dev=8 APP->RADIO (4 bytes)
    52 02 b0 08                                      |R...|
[6.874290000] dev=8 RADIO->APP (1 bytes)
    57                                               |W|
[6.875372000] dev=8 RADIO->APP (1 bytes)
    02                                               |.|
[6.876492000] dev=8 RADIO->APP (1 bytes)
    b0                                               |.|
[6.877662000] dev=8 RADIO->APP (1 bytes)
    08                                               |.|
[6.878712000] dev=8 RADIO->APP (1 bytes)
    ff                                               |.|
[6.879915000] dev=8 RADIO->APP (1 bytes)
    ff                                               |.|
[6.881110000] dev=8 RADIO->APP (1 bytes)
    ff                                               |.|
[6.882161000] dev=8 RADIO->APP (1 bytes)
    ff                                               |.|
[6.883287000] dev=8 RADIO->APP (1 bytes)
    ff                                               |.|
[6.884374000] dev=8 RADIO->APP (1 bytes)
    ff                                               |.|
[6.885461000] dev=8 RADIO->APP (1 bytes)
    ff                                               |.|
[6.886662000] dev=8 RADIO->APP (1 bytes)
    ff                                               |.|
[6.915283000] dev=8 APP->RADIO (4 bytes)
    52 02 b8 08                                      |R...|
[6.920511000] dev=8 RADIO->APP (1 bytes)
    57                                               |W|
[6.921635000] dev=8 RADIO->APP (1 bytes)
    02                                               |.|
[6.922759000] dev=8 RADIO->APP (1 bytes)
    b8                                               |.|
[6.923884000] dev=8 RADIO->APP (1 bytes)
    08                                               |.|
[6.925062000] dev=8 RADIO->APP (1 bytes)
    ff                                               |.|
[6.926184000] dev=8 RADIO->APP (1 bytes)
    ff                                               |.|
[6.927386000] dev=8 RADIO->APP (1 bytes)
    ff                                               |.|
[6.928403000] dev=8 RADIO->APP (1 bytes)
    ff                                               |.|
[6.929611000] dev=8 RADIO->APP (1 bytes)
    ff                                               |.|
[6.930637000] dev=8 RADIO->APP (1 bytes)
    ff                                               |.|
[6.931813000] dev=8 RADIO->APP (1 bytes)
    ff                                               |.|
[6.933010000] dev=8 RADIO->APP (1 bytes)
    ff                                               |.|
[6.961493000] dev=8 APP->RADIO (4 bytes)
    52 02 c0 08                                      |R...|
[6.966814000] dev=8 RADIO->APP (1 bytes)
    57                                               |W|
[6.967938000] dev=8 RADIO->APP (1 bytes)
    02                                               |.|
[6.969100000] dev=8 RADIO->APP (1 bytes)
    c0                                               |.|
[6.970111000] dev=8 RADIO->APP (1 bytes)
    08                                               |.|
[6.971310000] dev=8 RADIO->APP (1 bytes)
    ff                                               |.|
[6.972437000] dev=8 RADIO->APP (1 bytes)
    ff                                               |.|
[6.973563000] dev=8 RADIO->APP (1 bytes)
    ff                                               |.|
[6.974688000] dev=8 RADIO->APP (1 bytes)
    ff                                               |.|
[6.975813000] dev=8 RADIO->APP (1 bytes)
    ff                                               |.|
[6.976936000] dev=8 RADIO->APP (1 bytes)
    ff                                               |.|
[6.978113000] dev=8 RADIO->APP (1 bytes)
    ff                                               |.|
[6.979085000] dev=8 RADIO->APP (1 bytes)
    ff                                               |.|
[7.008448000] dev=8 APP->RADIO (4 bytes)
    52 02 c8 08                                      |R...|
[7.013770000] dev=8 RADIO->APP (1 bytes)
    57                                               |W|
[7.014887000] dev=8 RADIO->APP (1 bytes)
    02                                               |.|
[7.016013000] dev=8 RADIO->APP (1 bytes)
    c8                                               |.|
[7.017120000] dev=8 RADIO->APP (1 bytes)
    08                                               |.|
[7.018183000] dev=8 RADIO->APP (1 bytes)
    ff                                               |.|
[7.019310000] dev=8 RADIO->APP (1 bytes)
    ff                                               |.|
[7.020458000] dev=8 RADIO->APP (1 bytes)
    ff                                               |.|
[7.021585000] dev=8 RADIO->APP (1 bytes)
    ff                                               |.|
[7.022709000] dev=8 RADIO->APP (1 bytes)
    ff                                               |.|
[7.023834000] dev=8 RADIO->APP (1 bytes)
    ff                                               |.|
[7.025038000] dev=8 RADIO->APP (1 bytes)
    ff                                               |.|
[7.026089000] dev=8 RADIO->APP (1 bytes)
    ff                                               |.|
[7.055237000] dev=8 APP->RADIO (4 bytes)
    52 02 d0 08                                      |R...|
[7.060592000] dev=8 RADIO->APP (1 bytes)
    57                                               |W|
[7.061731000] dev=8 RADIO->APP (1 bytes)
    02                                               |.|
[7.062735000] dev=8 RADIO->APP (1 bytes)
    d0                                               |.|
[7.063889000] dev=8 RADIO->APP (1 bytes)
    08                                               |.|
[7.065111000] dev=8 RADIO->APP (1 bytes)
    ff                                               |.|
[7.066212000] dev=8 RADIO->APP (1 bytes)
    ff                                               |.|
[7.067272000] dev=8 RADIO->APP (1 bytes)
    ff                                               |.|
[7.068463000] dev=8 RADIO->APP (1 bytes)
    ff                                               |.|
[7.069585000] dev=8 RADIO->APP (1 bytes)
    ff                                               |.|
[7.070656000] dev=8 RADIO->APP (1 bytes)
    ff                                               |.|
[7.071837000] dev=8 RADIO->APP (1 bytes)
    ff                                               |.|
[7.072962000] dev=8 RADIO->APP (1 bytes)
    ff                                               |.|
[7.101951000] dev=8 APP->RADIO (4 bytes)
    52 02 d8 08                                      |R...|
[7.107285000] dev=8 RADIO->APP (1 bytes)
    57                                               |W|
[7.108386000] dev=8 RADIO->APP (1 bytes)
    02                                               |.|
[7.109491000] dev=8 RADIO->APP (1 bytes)
    d8                                               |.|
[7.110661000] dev=8 RADIO->APP (1 bytes)
    08                                               |.|
[7.111731000] dev=8 RADIO->APP (1 bytes)
    ff                                               |.|
[7.112915000] dev=8 RADIO->APP (1 bytes)
    ff                                               |.|
[7.114110000] dev=8 RADIO->APP (1 bytes)
    ff                                               |.|
[7.115161000] dev=8 RADIO->APP (1 bytes)
    ff                                               |.|
[7.116311000] dev=8 RADIO->APP (1 bytes)
    ff                                               |.|
[7.117443000] dev=8 RADIO->APP (1 bytes)
    ff                                               |.|
[7.118482000] dev=8 RADIO->APP (1 bytes)
    ff                                               |.|
[7.119662000] dev=8 RADIO->APP (1 bytes)
    ff                                               |.|
[7.148761000] dev=8 APP->RADIO (4 bytes)
    52 02 e0 08                                      |R...|
[7.154039000] dev=8 RADIO->APP (1 bytes)
    57                                               |W|
[7.155136000] dev=8 RADIO->APP (1 bytes)
    02                                               |.|
[7.156285000] dev=8 RADIO->APP (1 bytes)
    e0                                               |.|
[7.157383000] dev=8 RADIO->APP (1 bytes)
    08                                               |.|
[7.158509000] dev=8 RADIO->APP (1 bytes)
    ff                                               |.|
[7.159638000] dev=8 RADIO->APP (1 bytes)
    ff                                               |.|
[7.160839000] dev=8 RADIO->APP (1 bytes)
    ff                                               |.|
[7.161889000] dev=8 RADIO->APP (1 bytes)
    ff                                               |.|
[7.163061000] dev=8 RADIO->APP (1 bytes)
    ff                                               |.|
[7.164136000] dev=8 RADIO->APP (1 bytes)
    ff                                               |.|
[7.165350000] dev=8 RADIO->APP (1 bytes)
    ff                                               |.|
[7.166485000] dev=8 RADIO->APP (1 bytes)
    ff                                               |.|
[7.195221000] dev=8 APP->RADIO (4 bytes)
    52 02 e8 08                                      |R...|
[7.200539000] dev=8 RADIO->APP (1 bytes)
    57                                               |W|
[7.201666000] dev=8 RADIO->APP (1 bytes)
    02                                               |.|
[7.202788000] dev=8 RADIO->APP (1 bytes)
    e8                                               |.|
[7.203912000] dev=8 RADIO->APP (1 bytes)
    08                                               |.|
[7.205113000] dev=8 RADIO->APP (1 bytes)
    ff                                               |.|
[7.206111000] dev=8 RADIO->APP (1 bytes)
    ff                                               |.|
[7.207306000] dev=8 RADIO->APP (1 bytes)
    ff                                               |.|
[7.208413000] dev=8 RADIO->APP (1 bytes)
    ff                                               |.|
[7.209541000] dev=8 RADIO->APP (1 bytes)
    ff                                               |.|
[7.210664000] dev=8 RADIO->APP (1 bytes)
    ff                                               |.|
[7.211746000] dev=8 RADIO->APP (1 bytes)
    ff                                               |.|
[7.212862000] dev=8 RADIO->APP (1 bytes)
    ff                                               |.|
[7.240856000] dev=8 APP->RADIO (4 bytes)
    52 02 f0 08                                      |R...|
[7.246088000] dev=8 RADIO->APP (1 bytes)
    57                                               |W|
[7.247295000] dev=8 RADIO->APP (1 bytes)
    02                                               |.|
[7.248434000] dev=8 RADIO->APP (1 bytes)
    f0                                               |.|
[7.249560000] dev=8 RADIO->APP (1 bytes)
    08                                               |.|
[7.250686000] dev=8 RADIO->APP (1 bytes)
    ff                                               |.|
[7.251811000] dev=8 RADIO->APP (1 bytes)
    ff                                               |.|
[7.252857000] dev=8 RADIO->APP (1 bytes)
    ff                                               |.|
[7.254035000] dev=8 RADIO->APP (1 bytes)
    ff                                               |.|
[7.255134000] dev=8 RADIO->APP (1 bytes)
    ff                                               |.|
[7.256221000] dev=8 RADIO->APP (1 bytes)
    ff                                               |.|
[7.257385000] dev=8 RADIO->APP (1 bytes)
    ff                                               |.|
[7.258508000] dev=8 RADIO->APP (1 bytes)
    ff                                               |.|
[7.286959000] dev=8 APP->RADIO (4 bytes)
    52 02 f8 08                                      |R...|
[7.292288000] dev=8 RADIO->APP (1 bytes)
    57                                               |W|
[7.293438000] dev=8 RADIO->APP (1 bytes)
    02                                               |.|
[7.294520000] dev=8 RADIO->APP (1 bytes)
    f8                                               |.|
[7.295609000] dev=8 RADIO->APP (1 bytes)
    08                                               |.|
[7.296808000] dev=8 RADIO->APP (1 bytes)
    ff                                               |.|
[7.297934000] dev=8 RADIO->APP (1 bytes)
    ff                                               |.|
[7.299112000] dev=8 RADIO->APP (1 bytes)
    ff                                               |.|
[7.300184000] dev=8 RADIO->APP (1 bytes)
    ff                                               |.|
[7.301310000] dev=8 RADIO->APP (1 bytes)
    ff                                               |.|
[7.302437000] dev=8 RADIO->APP (1 bytes)
    ff                                               |.|
[7.303486000] dev=8 RADIO->APP (1 bytes)
    ff                                               |.|
[7.304609000] dev=8 RADIO->APP (1 bytes)
    ff                                               |.|
[7.332656000] dev=8 APP->RADIO (4 bytes)
    52 03 00 08                                      |R...|
[7.337990000] dev=8 RADIO->APP (1 bytes)
    57                                               |W|
[7.339110000] dev=8 RADIO->APP (1 bytes)
    03                                               |.|
[7.340212000] dev=8 RADIO->APP (1 bytes)
    00                                               |.|
[7.341359000] dev=8 RADIO->APP (1 bytes)
    08                                               |.|
[7.342489000] dev=8 RADIO->APP (1 bytes)
    ff                                               |.|
[7.343616000] dev=8 RADIO->APP (1 bytes)
    ff                                               |.|
[7.344739000] dev=8 RADIO->APP (1 bytes)
    ff                                               |.|
[7.345872000] dev=8 RADIO->APP (1 bytes)
    ff                                               |.|
[7.347010000] dev=8 RADIO->APP (1 bytes)
    ff                                               |.|
[7.348120000] dev=8 RADIO->APP (1 bytes)
    ff                                               |.|
[7.349230000] dev=8 RADIO->APP (1 bytes)
    ff                                               |.|
[7.350391000] dev=8 RADIO->APP (1 bytes)
    ff                                               |.|
[7.377976000] dev=8 APP->RADIO (4 bytes)
    52 03 08 08                                      |R...|
[7.383215000] dev=8 RADIO->APP (1 bytes)
    57                                               |W|
[7.384337000] dev=8 RADIO->APP (1 bytes)
    03                                               |.|
[7.385482000] dev=8 RADIO->APP (1 bytes)
    08                                               |.|
[7.386610000] dev=8 RADIO->APP (1 bytes)
    08                                               |.|
[7.387736000] dev=8 RADIO->APP (1 bytes)
    ff                                               |.|
[7.388857000] dev=8 RADIO->APP (1 bytes)
    ff                                               |.|
[7.390030000] dev=8 RADIO->APP (1 bytes)
    ff                                               |.|
[7.391187000] dev=8 RADIO->APP (1 bytes)
    ff                                               |.|
[7.392299000] dev=8 RADIO->APP (1 bytes)
    ff                                               |.|
[7.393335000] dev=8 RADIO->APP (1 bytes)
    ff                                               |.|
[7.394491000] dev=8 RADIO->APP (1 bytes)
    ff                                               |.|
[7.395608000] dev=8 RADIO->APP (1 bytes)
    ff                                               |.|
[7.424343000] dev=8 APP->RADIO (4 bytes)
    52 03 10 08                                      |R...|
[7.429637000] dev=8 RADIO->APP (1 bytes)
    57                                               |W|
[7.430812000] dev=8 RADIO->APP (1 bytes)
    03                                               |.|
[7.431934000] dev=8 RADIO->APP (1 bytes)
    10                                               |.|
[7.433109000] dev=8 RADIO->APP (1 bytes)
    08                                               |.|
[7.434186000] dev=8 RADIO->APP (1 bytes)
    ff                                               |.|
[7.435312000] dev=8 RADIO->APP (1 bytes)
    ff                                               |.|
[7.436416000] dev=8 RADIO->APP (1 bytes)
    ff                                               |.|
[7.437563000] dev=8 RADIO->APP (1 bytes)
    ff                                               |.|
[7.438711000] dev=8 RADIO->APP (1 bytes)
    ff                                               |.|
[7.439763000] dev=8 RADIO->APP (1 bytes)
    ff                                               |.|
[7.440858000] dev=8 RADIO->APP (1 bytes)
    ff                                               |.|
[7.442028000] dev=8 RADIO->APP (1 bytes)
    ff                                               |.|
[7.470833000] dev=8 APP->RADIO (4 bytes)
    52 03 18 08                                      |R...|
[7.476162000] dev=8 RADIO->APP (1 bytes)
    57                                               |W|
[7.477289000] dev=8 RADIO->APP (1 bytes)
    03                                               |.|
[7.478431000] dev=8 RADIO->APP (1 bytes)
    18                                               |.|
[7.479536000] dev=8 RADIO->APP (1 bytes)
    08                                               |.|
[7.480660000] dev=8 RADIO->APP (1 bytes)
    ff                                               |.|
[7.481787000] dev=8 RADIO->APP (1 bytes)
    ff                                               |.|
[7.482893000] dev=8 RADIO->APP (1 bytes)
    ff                                               |.|
[7.484008000] dev=8 RADIO->APP (1 bytes)
    ff                                               |.|
[7.485187000] dev=8 RADIO->APP (1 bytes)
    ff                                               |.|
[7.486234000] dev=8 RADIO->APP (1 bytes)
    ff                                               |.|
[7.487331000] dev=8 RADIO->APP (1 bytes)
    ff                                               |.|
[7.488454000] dev=8 RADIO->APP (1 bytes)
    ff                                               |.|
[7.517760000] dev=8 APP->RADIO (4 bytes)
    52 03 20 08                                      |R. .|
[7.523113000] dev=8 RADIO->APP (1 bytes)
    57                                               |W|
[7.524236000] dev=8 RADIO->APP (1 bytes)
    03                                               |.|
[7.525361000] dev=8 RADIO->APP (1 bytes)
    20                                               | |
[7.526485000] dev=8 RADIO->APP (1 bytes)
    08                                               |.|
[7.527612000] dev=8 RADIO->APP (1 bytes)
    ff                                               |.|
[7.528659000] dev=8 RADIO->APP (1 bytes)
    ff                                               |.|
[7.529878000] dev=8 RADIO->APP (1 bytes)
    ff                                               |.|
[7.530986000] dev=8 RADIO->APP (1 bytes)
    ff                                               |.|
[7.532114000] dev=8 RADIO->APP (1 bytes)
    ff                                               |.|
[7.533290000] dev=8 RADIO->APP (1 bytes)
    ff                                               |.|
[7.534361000] dev=8 RADIO->APP (1 bytes)
    ff                                               |.|
[7.535494000] dev=8 RADIO->APP (1 bytes)
    ff                                               |.|
[7.564624000] dev=8 APP->RADIO (4 bytes)
    52 03 28 08                                      |R.(.|
[7.569963000] dev=8 RADIO->APP (1 bytes)
    57                                               |W|
[7.571112000] dev=8 RADIO->APP (1 bytes)
    03                                               |.|
[7.572235000] dev=8 RADIO->APP (1 bytes)
    28                                               |(|
[7.573272000] dev=8 RADIO->APP (1 bytes)
    08                                               |.|
[7.574359000] dev=8 RADIO->APP (1 bytes)
    ff                                               |.|
[7.575592000] dev=8 RADIO->APP (1 bytes)
    ff                                               |.|
[7.576670000] dev=8 RADIO->APP (1 bytes)
    ff                                               |.|
[7.577810000] dev=8 RADIO->APP (1 bytes)
    ff                                               |.|
[7.578916000] dev=8 RADIO->APP (1 bytes)
    ff                                               |.|
[7.580019000] dev=8 RADIO->APP (1 bytes)
    ff                                               |.|
[7.581233000] dev=8 RADIO->APP (1 bytes)
    ff                                               |.|
[7.582359000] dev=8 RADIO->APP (1 bytes)
    ff                                               |.|
[7.610863000] dev=8 APP->RADIO (4 bytes)
    52 03 30 08                                      |R.0.|
[7.616114000] dev=8 RADIO->APP (1 bytes)
    57                                               |W|
[7.617214000] dev=8 RADIO->APP (1 bytes)
    03                                               |.|
[7.618359000] dev=8 RADIO->APP (1 bytes)
    30                                               |0|
[7.619463000] dev=8 RADIO->APP (1 bytes)
    08                                               |.|
[7.620612000] dev=8 RADIO->APP (1 bytes)
    ff                                               |.|
[7.621711000] dev=8 RADIO->APP (1 bytes)
    ff                                               |.|
[7.622875000] dev=8 RADIO->APP (1 bytes)
    ff                                               |.|
[7.624112000] dev=8 RADIO->APP (1 bytes)
    ff                                               |.|
[7.625086000] dev=8 RADIO->APP (1 bytes)
    ff                                               |.|
[7.626310000] dev=8 RADIO->APP (1 bytes)
    ff                                               |.|
[7.627439000] dev=8 RADIO->APP (1 bytes)
    ff                                               |.|
[7.628483000] dev=8 RADIO->APP (1 bytes)
    ff                                               |.|
[7.656794000] dev=8 APP->RADIO (4 bytes)
    52 03 38 08                                      |R.8.|
[7.662059000] dev=8 RADIO->APP (1 bytes)
    57                                               |W|
[7.663284000] dev=8 RADIO->APP (1 bytes)
    03                                               |.|
[7.664385000] dev=8 RADIO->APP (1 bytes)
    38                                               |8|
[7.665464000] dev=8 RADIO->APP (1 bytes)
    08                                               |.|
[7.666641000] dev=8 RADIO->APP (1 bytes)
    ff                                               |.|
[7.667786000] dev=8 RADIO->APP (1 bytes)
    ff                                               |.|
[7.668909000] dev=8 RADIO->APP (1 bytes)
    ff                                               |.|
[7.670033000] dev=8 RADIO->APP (1 bytes)
    ff                                               |.|
[7.671160000] dev=8 RADIO->APP (1 bytes)
    ff                                               |.|
[7.672266000] dev=8 RADIO->APP (1 bytes)
    ff                                               |.|
[7.673338000] dev=8 RADIO->APP (1 bytes)
    ff                                               |.|
[7.674536000] dev=8 RADIO->APP (1 bytes)
    ff                                               |.|
[7.703791000] dev=8 APP->RADIO (4 bytes)
    52 03 40 08                                      |R.@.|
[7.709064000] dev=8 RADIO->APP (1 bytes)
    57                                               |W|
[7.710186000] dev=8 RADIO->APP (1 bytes)
    03                                               |.|
[7.711311000] dev=8 RADIO->APP (1 bytes)
    40                                               |@|
[7.712434000] dev=8 RADIO->APP (1 bytes)
    08                                               |.|
[7.713557000] dev=8 RADIO->APP (1 bytes)
    ff                                               |.|
[7.714679000] dev=8 RADIO->APP (1 bytes)
    ff                                               |.|
[7.715813000] dev=8 RADIO->APP (1 bytes)
    ff                                               |.|
[7.716936000] dev=8 RADIO->APP (1 bytes)
    ff                                               |.|
[7.718063000] dev=8 RADIO->APP (1 bytes)
    ff                                               |.|
[7.719186000] dev=8 RADIO->APP (1 bytes)
    ff                                               |.|
[7.720313000] dev=8 RADIO->APP (1 bytes)
    ff                                               |.|
[7.721435000] dev=8 RADIO->APP (1 bytes)
    ff                                               |.|
[7.749380000] dev=8 APP->RADIO (4 bytes)
    52 03 48 08                                      |R.H.|
[7.754639000] dev=8 RADIO->APP (1 bytes)
    57                                               |W|
[7.755786000] dev=8 RADIO->APP (1 bytes)
    03                                               |.|
[7.756910000] dev=8 RADIO->APP (1 bytes)
    48                                               |H|
[7.758032000] dev=8 RADIO->APP (1 bytes)
    08                                               |.|
[7.759161000] dev=8 RADIO->APP (1 bytes)
    ff                                               |.|
[7.760284000] dev=8 RADIO->APP (1 bytes)
    ff                                               |.|
[7.761411000] dev=8 RADIO->APP (1 bytes)
    ff                                               |.|
[7.762537000] dev=8 RADIO->APP (1 bytes)
    ff                                               |.|
[7.763653000] dev=8 RADIO->APP (1 bytes)
    ff                                               |.|
[7.764785000] dev=8 RADIO->APP (1 bytes)
    ff                                               |.|
[7.765890000] dev=8 RADIO->APP (1 bytes)
    ff                                               |.|
[7.767015000] dev=8 RADIO->APP (1 bytes)
    ff                                               |.|
[7.795694000] dev=8 APP->RADIO (4 bytes)
    52 03 50 08                                      |R.P.|
[7.801040000] dev=8 RADIO->APP (1 bytes)
    57                                               |W|
[7.802083000] dev=8 RADIO->APP (1 bytes)
    03                                               |.|
[7.803210000] dev=8 RADIO->APP (1 bytes)
    50                                               |P|
[7.804335000] dev=8 RADIO->APP (1 bytes)
    08                                               |.|
[7.805460000] dev=8 RADIO->APP (1 bytes)
    ff                                               |.|
[7.806582000] dev=8 RADIO->APP (1 bytes)
    ff                                               |.|
[7.807715000] dev=8 RADIO->APP (1 bytes)
    ff                                               |.|
[7.808835000] dev=8 RADIO->APP (1 bytes)
    ff                                               |.|
[7.810033000] dev=8 RADIO->APP (1 bytes)
    ff                                               |.|
[7.811083000] dev=8 RADIO->APP (1 bytes)
    ff                                               |.|
[7.812209000] dev=8 RADIO->APP (1 bytes)
    ff                                               |.|
[7.813338000] dev=8 RADIO->APP (1 bytes)
    ff                                               |.|
[7.842336000] dev=8 APP->RADIO (4 bytes)
    52 03 58 08                                      |R.X.|
[7.847593000] dev=8 RADIO->APP (1 bytes)
    57                                               |W|
[7.848712000] dev=8 RADIO->APP (1 bytes)
    03                                               |.|
[7.849811000] dev=8 RADIO->APP (1 bytes)
    58                                               |X|
[7.851035000] dev=8 RADIO->APP (1 bytes)
    08                                               |.|
[7.852083000] dev=8 RADIO->APP (1 bytes)
    ff                                               |.|
[7.853186000] dev=8 RADIO->APP (1 bytes)
    ff                                               |.|
[7.854311000] dev=8 RADIO->APP (1 bytes)
    ff                                               |.|
[7.855462000] dev=8 RADIO->APP (1 bytes)
    ff                                               |.|
[7.856584000] dev=8 RADIO->APP (1 bytes)
    ff                                               |.|
[7.857738000] dev=8 RADIO->APP (1 bytes)
    ff                                               |.|
[7.858824000] dev=8 RADIO->APP (1 bytes)
    ff                                               |.|
[7.860022000] dev=8 RADIO->APP (1 bytes)
    ff                                               |.|
[7.888891000] dev=8 APP->RADIO (4 bytes)
    52 03 60 08                                      |R.`.|
[7.894218000] dev=8 RADIO->APP (1 bytes)
    57                                               |W|
[7.895382000] dev=8 RADIO->APP (1 bytes)
    03                                               |.|
[7.896467000] dev=8 RADIO->APP (1 bytes)
    60                                               |`|
[7.897616000] dev=8 RADIO->APP (1 bytes)
    08                                               |.|
[7.898736000] dev=8 RADIO->APP (1 bytes)
    ff                                               |.|
[7.899835000] dev=8 RADIO->APP (1 bytes)
    ff                                               |.|
[7.901034000] dev=8 RADIO->APP (1 bytes)
    ff                                               |.|
[7.902108000] dev=8 RADIO->APP (1 bytes)
    ff                                               |.|
[7.903239000] dev=8 RADIO->APP (1 bytes)
    ff                                               |.|
[7.904334000] dev=8 RADIO->APP (1 bytes)
    ff                                               |.|
[7.905486000] dev=8 RADIO->APP (1 bytes)
    ff                                               |.|
[7.906608000] dev=8 RADIO->APP (1 bytes)
    ff                                               |.|
[7.935035000] dev=8 APP->RADIO (4 bytes)
    52 03 68 08                                      |R.h.|
[7.940290000] dev=8 RADIO->APP (1 bytes)
    57                                               |W|
[7.941441000] dev=8 RADIO->APP (1 bytes)
    03                                               |.|
[7.942562000] dev=8 RADIO->APP (1 bytes)
    68                                               |h|
[7.943660000] dev=8 RADIO->APP (1 bytes)
    08                                               |.|
[7.944784000] dev=8 RADIO->APP (1 bytes)
    ff                                               |.|
[7.945913000] dev=8 RADIO->APP (1 bytes)
    ff                                               |.|
[7.947037000] dev=8 RADIO->APP (1 bytes)
    ff                                               |.|
[7.948194000] dev=8 RADIO->APP (1 bytes)
    ff                                               |.|
[7.949317000] dev=8 RADIO->APP (1 bytes)
    ff                                               |.|
[7.950436000] dev=8 RADIO->APP (1 bytes)
    ff                                               |.|
[7.951591000] dev=8 RADIO->APP (1 bytes)
    ff                                               |.|
[7.952717000] dev=8 RADIO->APP (1 bytes)
    ff                                               |.|
[7.981924000] dev=8 APP->RADIO (4 bytes)
    52 03 70 08                                      |R.p.|
[7.987193000] dev=8 RADIO->APP (1 bytes)
    57                                               |W|
[7.988316000] dev=8 RADIO->APP (1 bytes)
    03                                               |.|
[7.989437000] dev=8 RADIO->APP (1 bytes)
    70                                               |p|
[7.990583000] dev=8 RADIO->APP (1 bytes)
    08                                               |.|
[7.991708000] dev=8 RADIO->APP (1 bytes)
    ff                                               |.|
[7.992835000] dev=8 RADIO->APP (1 bytes)
    ff                                               |.|
[7.994036000] dev=8 RADIO->APP (1 bytes)
    ff                                               |.|
[7.995112000] dev=8 RADIO->APP (1 bytes)
    ff                                               |.|
[7.996240000] dev=8 RADIO->APP (1 bytes)
    ff                                               |.|
[7.997355000] dev=8 RADIO->APP (1 bytes)
    ff                                               |.|
[7.998466000] dev=8 RADIO->APP (1 bytes)
    ff                                               |.|
[7.999622000] dev=8 RADIO->APP (1 bytes)
    ff                                               |.|
[8.029341000] dev=8 APP->RADIO (4 bytes)
    52 03 78 08                                      |R.x.|
[8.034614000] dev=8 RADIO->APP (1 bytes)
    57                                               |W|
[8.035735000] dev=8 RADIO->APP (1 bytes)
    03                                               |.|
[8.036855000] dev=8 RADIO->APP (1 bytes)
    78                                               |x|
[8.038034000] dev=8 RADIO->APP (1 bytes)
    08                                               |.|
[8.039133000] dev=8 RADIO->APP (1 bytes)
    ff                                               |.|
[8.040260000] dev=8 RADIO->APP (1 bytes)
    ff                                               |.|
[8.041362000] dev=8 RADIO->APP (1 bytes)
    ff                                               |.|
[8.042488000] dev=8 RADIO->APP (1 bytes)
    ff                                               |.|
[8.043635000] dev=8 RADIO->APP (1 bytes)
    ff                                               |.|
[8.044760000] dev=8 RADIO->APP (1 bytes)
    ff                                               |.|
[8.045888000] dev=8 RADIO->APP (1 bytes)
    ff                                               |.|
[8.047039000] dev=8 RADIO->APP (1 bytes)
    ff                                               |.|
[8.075453000] dev=8 APP->RADIO (4 bytes)
    52 03 80 08                                      |R...|
[8.080715000] dev=8 RADIO->APP (1 bytes)
    57                                               |W|
[8.081826000] dev=8 RADIO->APP (1 bytes)
    03                                               |.|
[8.083036000] dev=8 RADIO->APP (1 bytes)
    80                                               |.|
[8.084085000] dev=8 RADIO->APP (1 bytes)
    08                                               |.|
[8.085208000] dev=8 RADIO->APP (1 bytes)
    ff                                               |.|
[8.086363000] dev=8 RADIO->APP (1 bytes)
    ff                                               |.|
[8.087483000] dev=8 RADIO->APP (1 bytes)
    ff                                               |.|
[8.088608000] dev=8 RADIO->APP (1 bytes)
    ff                                               |.|
[8.089735000] dev=8 RADIO->APP (1 bytes)
    ff                                               |.|
[8.090862000] dev=8 RADIO->APP (1 bytes)
    ff                                               |.|
[8.092034000] dev=8 RADIO->APP (1 bytes)
    ff                                               |.|
[8.093108000] dev=8 RADIO->APP (1 bytes)
    ff                                               |.|
[8.121307000] dev=8 APP->RADIO (4 bytes)
    52 03 88 08                                      |R...|
[8.126563000] dev=8 RADIO->APP (1 bytes)
    57                                               |W|
[8.127711000] dev=8 RADIO->APP (1 bytes)
    03                                               |.|
[8.128833000] dev=8 RADIO->APP (1 bytes)
    88                                               |.|
[8.130035000] dev=8 RADIO->APP (1 bytes)
    08                                               |.|
[8.131085000] dev=8 RADIO->APP (1 bytes)
    ff                                               |.|
[8.132210000] dev=8 RADIO->APP (1 bytes)
    ff                                               |.|
[8.133338000] dev=8 RADIO->APP (1 bytes)
    ff                                               |.|
[8.134460000] dev=8 RADIO->APP (1 bytes)
    ff                                               |.|
[8.135587000] dev=8 RADIO->APP (1 bytes)
    ff                                               |.|
[8.136713000] dev=8 RADIO->APP (1 bytes)
    ff                                               |.|
[8.137866000] dev=8 RADIO->APP (1 bytes)
    ff                                               |.|
[8.139035000] dev=8 RADIO->APP (1 bytes)
    ff                                               |.|
[8.167722000] dev=8 APP->RADIO (4 bytes)
    52 03 90 08                                      |R...|
[8.173045000] dev=8 RADIO->APP (1 bytes)
    57                                               |W|
[8.174109000] dev=8 RADIO->APP (1 bytes)
    03                                               |.|
[8.175211000] dev=8 RADIO->APP (1 bytes)
    90                                               |.|
[8.176361000] dev=8 RADIO->APP (1 bytes)
    08                                               |.|
[8.177488000] dev=8 RADIO->APP (1 bytes)
    ff                                               |.|
[8.178620000] dev=8 RADIO->APP (1 bytes)
    ff                                               |.|
[8.179711000] dev=8 RADIO->APP (1 bytes)
    ff                                               |.|
[8.180841000] dev=8 RADIO->APP (1 bytes)
    ff                                               |.|
[8.182009000] dev=8 RADIO->APP (1 bytes)
    ff                                               |.|
[8.183119000] dev=8 RADIO->APP (1 bytes)
    ff                                               |.|
[8.184262000] dev=8 RADIO->APP (1 bytes)
    ff                                               |.|
[8.185385000] dev=8 RADIO->APP (1 bytes)
    ff                                               |.|
[8.214401000] dev=8 APP->RADIO (4 bytes)
    52 03 98 08                                      |R...|
[8.219638000] dev=8 RADIO->APP (1 bytes)
    57                                               |W|
[8.220784000] dev=8 RADIO->APP (1 bytes)
    03                                               |.|
[8.221925000] dev=8 RADIO->APP (1 bytes)
    98                                               |.|
[8.223062000] dev=8 RADIO->APP (1 bytes)
    08                                               |.|
[8.224186000] dev=8 RADIO->APP (1 bytes)
    ff                                               |.|
[8.225309000] dev=8 RADIO->APP (1 bytes)
    ff                                               |.|
[8.226432000] dev=8 RADIO->APP (1 bytes)
    ff                                               |.|
[8.227562000] dev=8 RADIO->APP (1 bytes)
    ff                                               |.|
[8.228690000] dev=8 RADIO->APP (1 bytes)
    ff                                               |.|
[8.229809000] dev=8 RADIO->APP (1 bytes)
    ff                                               |.|
[8.231009000] dev=8 RADIO->APP (1 bytes)
    ff                                               |.|
[8.232067000] dev=8 RADIO->APP (1 bytes)
    ff                                               |.|
[8.261017000] dev=8 APP->RADIO (4 bytes)
    52 03 a0 08                                      |R...|
[8.266272000] dev=8 RADIO->APP (1 bytes)
    57                                               |W|
[8.267414000] dev=8 RADIO->APP (1 bytes)
    03                                               |.|
[8.268535000] dev=8 RADIO->APP (1 bytes)
    a0                                               |.|
[8.269658000] dev=8 RADIO->APP (1 bytes)
    08                                               |.|
[8.270790000] dev=8 RADIO->APP (1 bytes)
    ff                                               |.|
[8.271913000] dev=8 RADIO->APP (1 bytes)
    ff                                               |.|
[8.273036000] dev=8 RADIO->APP (1 bytes)
    ff                                               |.|
[8.274161000] dev=8 RADIO->APP (1 bytes)
    ff                                               |.|
[8.275261000] dev=8 RADIO->APP (1 bytes)
    ff                                               |.|
[8.276387000] dev=8 RADIO->APP (1 bytes)
    ff                                               |.|
[8.277532000] dev=8 RADIO->APP (1 bytes)
    ff                                               |.|
[8.278676000] dev=8 RADIO->APP (1 bytes)
    ff                                               |.|
[8.307969000] dev=8 APP->RADIO (4 bytes)
    52 03 a8 08                                      |R...|
[8.313223000] dev=8 RADIO->APP (1 bytes)
    57                                               |W|
[8.314363000] dev=8 RADIO->APP (1 bytes)
    03                                               |.|
[8.315460000] dev=8 RADIO->APP (1 bytes)
    a8                                               |.|
[8.316645000] dev=8 RADIO->APP (1 bytes)
    08                                               |.|
[8.317764000] dev=8 RADIO->APP (1 bytes)
    ff                                               |.|
[8.318891000] dev=8 RADIO->APP (1 bytes)
    ff                                               |.|
[8.320035000] dev=8 RADIO->APP (1 bytes)
    ff                                               |.|
[8.321132000] dev=8 RADIO->APP (1 bytes)
    ff                                               |.|
[8.322251000] dev=8 RADIO->APP (1 bytes)
    ff                                               |.|
[8.323365000] dev=8 RADIO->APP (1 bytes)
    ff                                               |.|
[8.324495000] dev=8 RADIO->APP (1 bytes)
    ff                                               |.|
[8.325640000] dev=8 RADIO->APP (1 bytes)
    ff                                               |.|
[8.355345000] dev=8 APP->RADIO (4 bytes)
    52 03 b0 08                                      |R...|
[8.360627000] dev=8 RADIO->APP (1 bytes)
    57                                               |W|
[8.361776000] dev=8 RADIO->APP (1 bytes)
    03                                               |.|
[8.362866000] dev=8 RADIO->APP (1 bytes)
    b0                                               |.|
[8.364044000] dev=8 RADIO->APP (1 bytes)
    08                                               |.|
[8.365126000] dev=8 RADIO->APP (1 bytes)
    01                                               |.|
[8.366262000] dev=8 RADIO->APP (1 bytes)
    02                                               |.|
[8.367388000] dev=8 RADIO->APP (1 bytes)
    03                                               |.|
[8.368510000] dev=8 RADIO->APP (1 bytes)
    04                                               |.|
[8.369640000] dev=8 RADIO->APP (1 bytes)
    05                                               |.|
[8.370777000] dev=8 RADIO->APP (1 bytes)
    06                                               |.|
[8.371889000] dev=8 RADIO->APP (1 bytes)
    00                                               |.|
[8.373043000] dev=8 RADIO->APP (1 bytes)
    ff                                               |.|
[8.402531000] dev=8 APP->RADIO (4 bytes)
    52 03 b8 08                                      |R...|
[8.407794000] dev=8 RADIO->APP (1 bytes)
    57                                               |W|
[8.408914000] dev=8 RADIO->APP (1 bytes)
    03                                               |.|
[8.410036000] dev=8 RADIO->APP (1 bytes)
    b8                                               |.|
[8.411185000] dev=8 RADIO->APP (1 bytes)
    08                                               |.|
[8.412284000] dev=8 RADIO->APP (1 bytes)
    ff                                               |.|
[8.413421000] dev=8 RADIO->APP (1 bytes)
    ff                                               |.|
[8.414560000] dev=8 RADIO->APP (1 bytes)
    ff                                               |.|
[8.415683000] dev=8 RADIO->APP (1 bytes)
    ff                                               |.|
[8.416810000] dev=8 RADIO->APP (1 bytes)
    ff                                               |.|
[8.417935000] dev=8 RADIO->APP (1 bytes)
    ff                                               |.|
[8.419058000] dev=8 RADIO->APP (1 bytes)
    ff                                               |.|
[8.420186000] dev=8 RADIO->APP (1 bytes)
    ff                                               |.|
[8.447808000] dev=8 APP->RADIO (4 bytes)
    52 03 c0 08                                      |R...|
[8.453042000] dev=8 RADIO->APP (1 bytes)
    57                                               |W|
[8.454166000] dev=8 RADIO->APP (1 bytes)
    03                                               |.|
[8.455290000] dev=8 RADIO->APP (1 bytes)
    c0                                               |.|
[8.456441000] dev=8 RADIO->APP (1 bytes)
    08                                               |.|
[8.457564000] dev=8 RADIO->APP (1 bytes)
    9b                                               |.|
[8.458715000] dev=8 RADIO->APP (1 bytes)
    05                                               |.|
[8.459841000] dev=8 RADIO->APP (1 bytes)
    00                                               |.|
[8.461036000] dev=8 RADIO->APP (1 bytes)
    06                                               |.|
[8.462082000] dev=8 RADIO->APP (1 bytes)
    00                                               |.|
[8.463191000] dev=8 RADIO->APP (1 bytes)
    02                                               |.|
[8.464336000] dev=8 RADIO->APP (1 bytes)
    00                                               |.|
[8.465458000] dev=8 RADIO->APP (1 bytes)
    00                                               |.|
[8.494194000] dev=8 APP->RADIO (4 bytes)
    52 03 c8 08                                      |R...|
[8.499460000] dev=8 RADIO->APP (1 bytes)
    57                                               |W|
[8.500585000] dev=8 RADIO->APP (1 bytes)
    03                                               |.|
[8.501710000] dev=8 RADIO->APP (1 bytes)
    c8                                               |.|
[8.502836000] dev=8 RADIO->APP (1 bytes)
    08                                               |.|
[8.504035000] dev=8 RADIO->APP (1 bytes)
    00                                               |.|
[8.505084000] dev=8 RADIO->APP (1 bytes)
    00                                               |.|
[8.506210000] dev=8 RADIO->APP (1 bytes)
    00                                               |.|
[8.507335000] dev=8 RADIO->APP (1 bytes)
    00                                               |.|
[8.508462000] dev=8 RADIO->APP (1 bytes)
    00                                               |.|
[8.509564000] dev=8 RADIO->APP (1 bytes)
    f8                                               |.|
[8.510713000] dev=8 RADIO->APP (1 bytes)
    ff                                               |.|
[8.511865000] dev=8 RADIO->APP (1 bytes)
    ff                                               |.|
[8.539137000] dev=8 APP->RADIO (4 bytes)
    52 03 d0 08                                      |R...|
[8.544397000] dev=8 RADIO->APP (1 bytes)
    57                                               |W|
[8.545515000] dev=8 RADIO->APP (1 bytes)
    03                                               |.|
[8.546640000] dev=8 RADIO->APP (1 bytes)
    d0                                               |.|
[8.547761000] dev=8 RADIO->APP (1 bytes)
    08                                               |.|
[8.548913000] dev=8 RADIO->APP (1 bytes)
    53                                               |S|
[8.550035000] dev=8 RADIO->APP (1 bytes)
    4d                                               |M|
[8.551134000] dev=8 RADIO->APP (1 bytes)
    ff                                               |.|
[8.552287000] dev=8 RADIO->APP (1 bytes)
    50                                               |P|
[8.553411000] dev=8 RADIO->APP (1 bytes)
    35                                               |5|
[8.554546000] dev=8 RADIO->APP (1 bytes)
    35                                               |5|
[8.555661000] dev=8 RADIO->APP (1 bytes)
    38                                               |8|
[8.556787000] dev=8 RADIO->APP (1 bytes)
    ff                                               |.|
[8.585421000] dev=8 APP->RADIO (4 bytes)
    52 03 d8 08                                      |R...|
[8.590688000] dev=8 RADIO->APP (1 bytes)
    57                                               |W|
[8.591810000] dev=8 RADIO->APP (1 bytes)
    03                                               |.|
[8.592933000] dev=8 RADIO->APP (1 bytes)
    d8                                               |.|
[8.594062000] dev=8 RADIO->APP (1 bytes)
    08                                               |.|
[8.595191000] dev=8 RADIO->APP (1 bytes)
    ff                                               |.|
[8.596312000] dev=8 RADIO->APP (1 bytes)
    ff                                               |.|
[8.597432000] dev=8 RADIO->APP (1 bytes)
    ff                                               |.|
[8.598585000] dev=8 RADIO->APP (1 bytes)
    ff                                               |.|
[8.599712000] dev=8 RADIO->APP (1 bytes)
    ff                                               |.|
[8.600832000] dev=8 RADIO->APP (1 bytes)
    ff                                               |.|
[8.602008000] dev=8 RADIO->APP (1 bytes)
    ff                                               |.|
[8.603086000] dev=8 RADIO->APP (1 bytes)
    ff                                               |.|
[8.632100000] dev=8 APP->RADIO (4 bytes)
    52 03 e0 08                                      |R...|
[8.637414000] dev=8 RADIO->APP (1 bytes)
    57                                               |W|
[8.638538000] dev=8 RADIO->APP (1 bytes)
    03                                               |.|
[8.639664000] dev=8 RADIO->APP (1 bytes)
    e0                                               |.|
[8.640786000] dev=8 RADIO->APP (1 bytes)
    08                                               |.|
[8.641918000] dev=8 RADIO->APP (1 bytes)
    ff                                               |.|
[8.643034000] dev=8 RADIO->APP (1 bytes)
    ff                                               |.|
[8.644163000] dev=8 RADIO->APP (1 bytes)
    ff                                               |.|
[8.645260000] dev=8 RADIO->APP (1 bytes)
    ff                                               |.|
[8.646402000] dev=8 RADIO->APP (1 bytes)
    ff                                               |.|
[8.647536000] dev=8 RADIO->APP (1 bytes)
    ff                                               |.|
[8.648634000] dev=8 RADIO->APP (1 bytes)
    ff                                               |.|
[8.649758000] dev=8 RADIO->APP (1 bytes)
    ff                                               |.|
[8.678608000] dev=8 APP->RADIO (4 bytes)
    52 03 e8 08                                      |R...|
[8.683844000] dev=8 RADIO->APP (1 bytes)
    57                                               |W|
[8.685013000] dev=8 RADIO->APP (1 bytes)
    03                                               |.|
[8.686111000] dev=8 RADIO->APP (1 bytes)
    e8                                               |.|
[8.687250000] dev=8 RADIO->APP (1 bytes)
    08                                               |.|
[8.688366000] dev=8 RADIO->APP (1 bytes)
    ff                                               |.|
[8.689457000] dev=8 RADIO->APP (1 bytes)
    ff                                               |.|
[8.690622000] dev=8 RADIO->APP (1 bytes)
    ff                                               |.|
[8.691737000] dev=8 RADIO->APP (1 bytes)
    ff                                               |.|
[8.692862000] dev=8 RADIO->APP (1 bytes)
    ff                                               |.|
[8.694017000] dev=8 RADIO->APP (1 bytes)
    ff                                               |.|
[8.695118000] dev=8 RADIO->APP (1 bytes)
    ff                                               |.|
[8.696214000] dev=8 RADIO->APP (1 bytes)
    ff                                               |.|
[8.775034000] dev=8 RADIO->APP (10 bytes)
    a1 20 00 00 00 00 02 00 00 1e                    |. ........|
[12.312025000] dev=8 RADIO->APP (10 bytes)
    a1 20 00 00 00 00 02 00 82 1e                    |. ........|
[12.431787000] dev=8 APP->RADIO (8 bytes)
    02 4a 53 4f 47 52 41 50                          |.JSOGRAP|
[12.441546000] dev=8 RADIO->APP (1 bytes)
    06                                               |.|
[12.446961000] dev=8 APP->RADIO (1 bytes)
    02                                               |.|
[12.454864000] dev=8 RADIO->APP (1 bytes)
    06                                               |.|
[12.455985000] dev=8 RADIO->APP (1 bytes)
    03                                               |.|
[12.457108000] dev=8 RADIO->APP (1 bytes)
    e8                                               |.|
[12.458204000] dev=8 RADIO->APP (1 bytes)
    08                                               |.|
[12.459261000] dev=8 RADIO->APP (1 bytes)
    ff                                               |.|
[12.460484000] dev=8 RADIO->APP (1 bytes)
    ff                                               |.|
[12.461556000] dev=8 RADIO->APP (1 bytes)
    ff                                               |.|
[12.462657000] dev=8 RADIO->APP (1 bytes)
    ff                                               |.|
[12.478605000] dev=8 APP->RADIO (1 bytes)
    06                                               |.|
[12.481065000] dev=8 RADIO->APP (1 bytes)
    06                                               |.|
[12.493543000] dev=8 APP->RADIO (1 bytes)
    05                                               |.|
[12.495634000] dev=8 RADIO->APP (1 bytes)
    01                                               |.|
[12.496838000] dev=8 RADIO->APP (1 bytes)
    02                                               |.|
[12.497987000] dev=8 RADIO->APP (1 bytes)
    03                                               |.|
[12.499114000] dev=8 RADIO->APP (1 bytes)
    04                                               |.|
[12.500238000] dev=8 RADIO->APP (1 bytes)
    05                                               |.|
[12.501361000] dev=8 RADIO->APP (1 bytes)
    06                                               |.|
[12.525518000] dev=8 APP->RADIO (1 bytes)
    06                                               |.|
[12.528033000] dev=8 RADIO->APP (1 bytes)
    06                                               |.|
[12.540891000] dev=8 APP->RADIO (4 bytes)
    52 00 00 08                                      |R...|
[12.546160000] dev=8 RADIO->APP (1 bytes)
    57                                               |W|
[12.547284000] dev=8 RADIO->APP (1 bytes)
    00                                               |.|
[12.548408000] dev=8 RADIO->APP (1 bytes)
    00                                               |.|
[12.549533000] dev=8 RADIO->APP (1 bytes)
    08                                               |.|
[12.550693000] dev=8 RADIO->APP (1 bytes)
    00                                               |.|
[12.551808000] dev=8 RADIO->APP (1 bytes)
    25                                               |%|
[12.552929000] dev=8 RADIO->APP (1 bytes)
    27                                               |'|
[12.554062000] dev=8 RADIO->APP (1 bytes)
    46                                               |F|
[12.555261000] dev=8 RADIO->APP (1 bytes)
    00                                               |.|
[12.556385000] dev=8 RADIO->APP (1 bytes)
    25                                               |%|
[12.557511000] dev=8 RADIO->APP (1 bytes)
    27                                               |'|
[12.558606000] dev=8 RADIO->APP (1 bytes)
    46                                               |F|
[12.587265000] dev=8 APP->RADIO (4 bytes)
    52 00 08 08                                      |R...|
[12.592641000] dev=8 RADIO->APP (1 bytes)
    57                                               |W|
[12.593761000] dev=8 RADIO->APP (1 bytes)
    00                                               |.|
[12.594886000] dev=8 RADIO->APP (1 bytes)
    08                                               |.|
[12.595933000] dev=8 RADIO->APP (1 bytes)
    08                                               |.|
[12.597135000] dev=8 RADIO->APP (1 bytes)
    54                                               |T|
[12.598200000] dev=8 RADIO->APP (1 bytes)
    c7                                               |.|
[12.599386000] dev=8 RADIO->APP (1 bytes)
    54                                               |T|
[12.600509000] dev=8 RADIO->APP (1 bytes)
    c7                                               |.|
[12.601660000] dev=8 RADIO->APP (1 bytes)
    ec                                               |.|
[12.602789000] dev=8 RADIO->APP (1 bytes)
    00                                               |.|
[12.603925000] dev=8 RADIO->APP (1 bytes)
    05                                               |.|
[12.605114000] dev=8 RADIO->APP (1 bytes)
    ff                                               |.|
[12.633576000] dev=8 APP->RADIO (4 bytes)
    52 00 10 08                                      |R...|
[12.638961000] dev=8 RADIO->APP (1 bytes)
    57                                               |W|
[12.640111000] dev=8 RADIO->APP (1 bytes)
    00                                               |.|
[12.641210000] dev=8 RADIO->APP (1 bytes)
    10                                               |.|
[12.642234000] dev=8 RADIO->APP (1 bytes)
    08                                               |.|
[12.643358000] dev=8 RADIO->APP (1 bytes)
    50                                               |P|
[12.644484000] dev=8 RADIO->APP (1 bytes)
    62                                               |b|
[12.645636000] dev=8 RADIO->APP (1 bytes)
    25                                               |%|
[12.646736000] dev=8 RADIO->APP (1 bytes)
    46                                               |F|
[12.647894000] dev=8 RADIO->APP (1 bytes)
    50                                               |P|
[12.649008000] dev=8 RADIO->APP (1 bytes)
    62                                               |b|
[12.650133000] dev=8 RADIO->APP (1 bytes)
    25                                               |%|
[12.651249000] dev=8 RADIO->APP (1 bytes)
    46                                               |F|
[12.679999000] dev=8 APP->RADIO (4 bytes)
    52 00 18 08                                      |R...|
[12.685387000] dev=8 RADIO->APP (1 bytes)
    57                                               |W|
[12.686511000] dev=8 RADIO->APP (1 bytes)
    00                                               |.|
[12.687634000] dev=8 RADIO->APP (1 bytes)
    18                                               |.|
[12.688682000] dev=8 RADIO->APP (1 bytes)
    08                                               |.|
[12.689883000] dev=8 RADIO->APP (1 bytes)
    54                                               |T|
[12.691010000] dev=8 RADIO->APP (1 bytes)
    c7                                               |.|
[12.692135000] dev=8 RADIO->APP (1 bytes)
    54                                               |T|
[12.693260000] dev=8 RADIO->APP (1 bytes)
    c7                                               |.|
[12.694386000] dev=8 RADIO->APP (1 bytes)
    ec                                               |.|
[12.695421000] dev=8 RADIO->APP (1 bytes)
    50                                               |P|
[12.696559000] dev=8 RADIO->APP (1 bytes)
    87                                               |.|
[12.697683000] dev=8 RADIO->APP (1 bytes)
    25                                               |%|
[12.726719000] dev=8 APP->RADIO (4 bytes)
    52 00 20 08                                      |R. .|
[12.732113000] dev=8 RADIO->APP (1 bytes)
    57                                               |W|
[12.733210000] dev=8 RADIO->APP (1 bytes)
    00                                               |.|
[12.734334000] dev=8 RADIO->APP (1 bytes)
    20                                               | |
[12.735464000] dev=8 RADIO->APP (1 bytes)
    08                                               |.|
[12.736583000] dev=8 RADIO->APP (1 bytes)
    50                                               |P|
[12.737711000] dev=8 RADIO->APP (1 bytes)
    87                                               |.|
[12.738804000] dev=8 RADIO->APP (1 bytes)
    25                                               |%|
[12.739937000] dev=8 RADIO->APP (1 bytes)
    46                                               |F|
[12.741111000] dev=8 RADIO->APP (1 bytes)
    50                                               |P|
[12.742137000] dev=8 RADIO->APP (1 bytes)
    87                                               |.|
[12.743339000] dev=8 RADIO->APP (1 bytes)
    25                                               |%|
[12.744459000] dev=8 RADIO->APP (1 bytes)
    46                                               |F|
[12.773427000] dev=8 APP->RADIO (4 bytes)
    52 00 28 08                                      |R.(.|
[12.778734000] dev=8 RADIO->APP (1 bytes)
    57                                               |W|
[12.779835000] dev=8 RADIO->APP (1 bytes)
    00                                               |.|
[12.781043000] dev=8 RADIO->APP (1 bytes)
    28                                               |(|
[12.782109000] dev=8 RADIO->APP (1 bytes)
    08                                               |.|
[12.783234000] dev=8 RADIO->APP (1 bytes)
    54                                               |T|
[12.784359000] dev=8 RADIO->APP (1 bytes)
    c7                                               |.|
[12.785559000] dev=8 RADIO->APP (1 bytes)
    54                                               |T|
[12.786688000] dev=8 RADIO->APP (1 bytes)
    c7                                               |.|
[12.787812000] dev=8 RADIO->APP (1 bytes)
    ec                                               |.|
[12.788866000] dev=8 RADIO->APP (1 bytes)
    50                                               |P|
[12.790039000] dev=8 RADIO->APP (1 bytes)
    12                                               |.|
[12.791186000] dev=8 RADIO->APP (1 bytes)
    26                                               |&|
[12.820385000] dev=8 APP->RADIO (4 bytes)
    52 00 30 08                                      |R.0.|
[12.825788000] dev=8 RADIO->APP (1 bytes)
    57                                               |W|
[12.826915000] dev=8 RADIO->APP (1 bytes)
    00                                               |.|
[12.828113000] dev=8 RADIO->APP (1 bytes)
    30                                               |0|
[12.829085000] dev=8 RADIO->APP (1 bytes)
    08                                               |.|
[12.830221000] dev=8 RADIO->APP (1 bytes)
    50                                               |P|
[12.831412000] dev=8 RADIO->APP (1 bytes)
    12                                               |.|
[12.832537000] dev=8 RADIO->APP (1 bytes)
    26                                               |&|
[12.833664000] dev=8 RADIO->APP (1 bytes)
    46                                               |F|
[12.834788000] dev=8 RADIO->APP (1 bytes)
    50                                               |P|
[12.835912000] dev=8 RADIO->APP (1 bytes)
    12                                               |.|
[12.837111000] dev=8 RADIO->APP (1 bytes)
    26                                               |&|
[12.838161000] dev=8 RADIO->APP (1 bytes)
    46                                               |F|
[12.866093000] dev=8 APP->RADIO (4 bytes)
    52 00 38 08                                      |R.8.|
[12.871464000] dev=8 RADIO->APP (1 bytes)
    57                                               |W|
[12.872592000] dev=8 RADIO->APP (1 bytes)
    00                                               |.|
[12.873710000] dev=8 RADIO->APP (1 bytes)
    38                                               |8|
[12.874835000] dev=8 RADIO->APP (1 bytes)
    08                                               |.|
[12.875961000] dev=8 RADIO->APP (1 bytes)
    54                                               |T|
[12.877008000] dev=8 RADIO->APP (1 bytes)
    c7                                               |.|
[12.878109000] dev=8 RADIO->APP (1 bytes)
    54                                               |T|
[12.879234000] dev=8 RADIO->APP (1 bytes)
    c7                                               |.|
[12.880392000] dev=8 RADIO->APP (1 bytes)
    ec                                               |.|
[12.881531000] dev=8 RADIO->APP (1 bytes)
    50                                               |P|
[12.882615000] dev=8 RADIO->APP (1 bytes)
    37                                               |7|
[12.883740000] dev=8 RADIO->APP (1 bytes)
    26                                               |&|
[12.912310000] dev=8 APP->RADIO (4 bytes)
    52 00 40 08                                      |R.@.|
[12.917686000] dev=8 RADIO->APP (1 bytes)
    57                                               |W|
[12.918811000] dev=8 RADIO->APP (1 bytes)
    00                                               |.|
[12.919937000] dev=8 RADIO->APP (1 bytes)
    40                                               |@|
[12.921046000] dev=8 RADIO->APP (1 bytes)
    08                                               |.|
[12.922135000] dev=8 RADIO->APP (1 bytes)
    50                                               |P|
[12.923308000] dev=8 RADIO->APP (1 bytes)
    37                                               |7|
[12.924434000] dev=8 RADIO->APP (1 bytes)
    26                                               |&|
[12.925561000] dev=8 RADIO->APP (1 bytes)
    46                                               |F|
[12.926686000] dev=8 RADIO->APP (1 bytes)
    50                                               |P|
[12.927810000] dev=8 RADIO->APP (1 bytes)
    37                                               |7|
[12.928835000] dev=8 RADIO->APP (1 bytes)
    26                                               |&|
[12.930036000] dev=8 RADIO->APP (1 bytes)
    46                                               |F|
[12.959907000] dev=8 APP->RADIO (4 bytes)
    52 00 48 08                                      |R.H.|
[12.965353000] dev=8 RADIO->APP (1 bytes)
    57                                               |W|
[12.966384000] dev=8 RADIO->APP (1 bytes)
    00                                               |.|
[12.967586000] dev=8 RADIO->APP (1 bytes)
    48                                               |H|
[12.968710000] dev=8 RADIO->APP (1 bytes)
    08                                               |.|
[12.969835000] dev=8 RADIO->APP (1 bytes)
    54                                               |T|
[12.970960000] dev=8 RADIO->APP (1 bytes)
    c7                                               |.|
[12.972112000] dev=8 RADIO->APP (1 bytes)
    54                                               |T|
[12.973210000] dev=8 RADIO->APP (1 bytes)
    c7                                               |.|
[12.974232000] dev=8 RADIO->APP (1 bytes)
    ec                                               |.|
[12.975462000] dev=8 RADIO->APP (1 bytes)
    50                                               |P|
[12.976595000] dev=8 RADIO->APP (1 bytes)
    62                                               |b|
[12.977651000] dev=8 RADIO->APP (1 bytes)
    26                                               |&|
[13.005185000] dev=8 APP->RADIO (4 bytes)
    52 00 50 08                                      |R.P.|
[13.010487000] dev=8 RADIO->APP (1 bytes)
    57                                               |W|
[13.011608000] dev=8 RADIO->APP (1 bytes)
    00                                               |.|
[13.012741000] dev=8 RADIO->APP (1 bytes)
    50                                               |P|
[13.013860000] dev=8 RADIO->APP (1 bytes)
    08                                               |.|
[13.015054000] dev=8 RADIO->APP (1 bytes)
    50                                               |P|
[13.016109000] dev=8 RADIO->APP (1 bytes)
    62                                               |b|
[13.017310000] dev=8 RADIO->APP (1 bytes)
    26                                               |&|
[13.018417000] dev=8 RADIO->APP (1 bytes)
    46                                               |F|
[13.019513000] dev=8 RADIO->APP (1 bytes)
    50                                               |P|
[13.020612000] dev=8 RADIO->APP (1 bytes)
    62                                               |b|
[13.021810000] dev=8 RADIO->APP (1 bytes)
    26                                               |&|
[13.022934000] dev=8 RADIO->APP (1 bytes)
    46                                               |F|
[13.051386000] dev=8 APP->RADIO (4 bytes)
    52 00 58 08                                      |R.X.|
[13.056764000] dev=8 RADIO->APP (1 bytes)
    57                                               |W|
[13.057888000] dev=8 RADIO->APP (1 bytes)
    00                                               |.|
[13.059017000] dev=8 RADIO->APP (1 bytes)
    58                                               |X|
[13.060063000] dev=8 RADIO->APP (1 bytes)
    08                                               |.|
[13.061167000] dev=8 RADIO->APP (1 bytes)
    54                                               |T|
[13.062282000] dev=8 RADIO->APP (1 bytes)
    c7                                               |.|
[13.063431000] dev=8 RADIO->APP (1 bytes)
    54                                               |T|
[13.064535000] dev=8 RADIO->APP (1 bytes)
    c7                                               |.|
[13.065657000] dev=8 RADIO->APP (1 bytes)
    ec                                               |.|
[13.066768000] dev=8 RADIO->APP (1 bytes)
    00                                               |.|
[13.067940000] dev=8 RADIO->APP (1 bytes)
    25                                               |%|
[13.069033000] dev=8 RADIO->APP (1 bytes)
    26                                               |&|
[13.097597000] dev=8 APP->RADIO (4 bytes)
    52 00 60 08                                      |R.`.|
[13.102895000] dev=8 RADIO->APP (1 bytes)
    57                                               |W|
[13.104109000] dev=8 RADIO->APP (1 bytes)
    00                                               |.|
[13.105133000] dev=8 RADIO->APP (1 bytes)
    60                                               |`|
[13.106339000] dev=8 RADIO->APP (1 bytes)
    08                                               |.|
[13.107359000] dev=8 RADIO->APP (1 bytes)
    00                                               |.|
[13.108523000] dev=8 RADIO->APP (1 bytes)
    25                                               |%|
[13.109612000] dev=8 RADIO->APP (1 bytes)
    26                                               |&|
[13.110733000] dev=8 RADIO->APP (1 bytes)
    46                                               |F|
[13.111889000] dev=8 RADIO->APP (1 bytes)
    00                                               |.|
[13.113008000] dev=8 RADIO->APP (1 bytes)
    25                                               |%|
[13.114138000] dev=8 RADIO->APP (1 bytes)
    26                                               |&|
[13.115232000] dev=8 RADIO->APP (1 bytes)
    46                                               |F|
[13.144607000] dev=8 APP->RADIO (4 bytes)
    52 00 68 08                                      |R.h.|
[13.149993000] dev=8 RADIO->APP (1 bytes)
    57                                               |W|
[13.151111000] dev=8 RADIO->APP (1 bytes)
    00                                               |.|
[13.152246000] dev=8 RADIO->APP (1 bytes)
    68                                               |h|
[13.153360000] dev=8 RADIO->APP (1 bytes)
    08                                               |.|
[13.154473000] dev=8 RADIO->APP (1 bytes)
    54                                               |T|
[13.155612000] dev=8 RADIO->APP (1 bytes)
    c7                                               |.|
[13.156734000] dev=8 RADIO->APP (1 bytes)
    54                                               |T|
[13.157862000] dev=8 RADIO->APP (1 bytes)
    c7                                               |.|
[13.158922000] dev=8 RADIO->APP (1 bytes)
    ec                                               |.|
[13.160019000] dev=8 RADIO->APP (1 bytes)
    00                                               |.|
[13.161133000] dev=8 RADIO->APP (1 bytes)
    25                                               |%|
[13.162294000] dev=8 RADIO->APP (1 bytes)
    27                                               |'|
[13.191340000] dev=8 APP->RADIO (4 bytes)
    52 00 70 08                                      |R.p.|
[13.196713000] dev=8 RADIO->APP (1 bytes)
    57                                               |W|
[13.197844000] dev=8 RADIO->APP (1 bytes)
    00                                               |.|
[13.198962000] dev=8 RADIO->APP (1 bytes)
    70                                               |p|
[13.200110000] dev=8 RADIO->APP (1 bytes)
    08                                               |.|
[13.201212000] dev=8 RADIO->APP (1 bytes)
    00                                               |.|
[13.202336000] dev=8 RADIO->APP (1 bytes)
    25                                               |%|
[13.203386000] dev=8 RADIO->APP (1 bytes)
    27                                               |'|
[13.204586000] dev=8 RADIO->APP (1 bytes)
    46                                               |F|
[13.205717000] dev=8 RADIO->APP (1 bytes)
    00                                               |.|
[13.206740000] dev=8 RADIO->APP (1 bytes)
    25                                               |%|
[13.207964000] dev=8 RADIO->APP (1 bytes)
    27                                               |'|
[13.209109000] dev=8 RADIO->APP (1 bytes)
    46                                               |F|
[13.237653000] dev=8 APP->RADIO (4 bytes)
    52 00 78 08                                      |R.x.|
[13.243041000] dev=8 RADIO->APP (1 bytes)
    57                                               |W|
[13.244086000] dev=8 RADIO->APP (1 bytes)
    00                                               |.|
[13.245211000] dev=8 RADIO->APP (1 bytes)
    78                                               |x|
[13.246315000] dev=8 RADIO->APP (1 bytes)
    08                                               |.|
[13.247449000] dev=8 RADIO->APP (1 bytes)
    54                                               |T|
[13.248587000] dev=8 RADIO->APP (1 bytes)
    c7                                               |.|
[13.249786000] dev=8 RADIO->APP (1 bytes)
    54                                               |T|
[13.250913000] dev=8 RADIO->APP (1 bytes)
    c7                                               |.|
[13.252115000] dev=8 RADIO->APP (1 bytes)
    ec                                               |.|
[13.253163000] dev=8 RADIO->APP (1 bytes)
    50                                               |P|
[13.254286000] dev=8 RADIO->APP (1 bytes)
    87                                               |.|
[13.255410000] dev=8 RADIO->APP (1 bytes)
    26                                               |&|
[13.279067000] dev=8 APP->RADIO (4 bytes)
    52 00 80 08                                      |R...|
[13.284435000] dev=8 RADIO->APP (1 bytes)
    57                                               |W|
[13.285558000] dev=8 RADIO->APP (1 bytes)
    00                                               |.|
[13.286684000] dev=8 RADIO->APP (1 bytes)
    80                                               |.|
[13.287809000] dev=8 RADIO->APP (1 bytes)
    08                                               |.|
[13.288935000] dev=8 RADIO->APP (1 bytes)
    50                                               |P|
[13.290111000] dev=8 RADIO->APP (1 bytes)
    87                                               |.|
[13.291212000] dev=8 RADIO->APP (1 bytes)
    26                                               |&|
[13.292266000] dev=8 RADIO->APP (1 bytes)
    46                                               |F|
[13.293460000] dev=8 RADIO->APP (1 bytes)
    50                                               |P|
[13.294591000] dev=8 RADIO->APP (1 bytes)
    87                                               |.|
[13.295624000] dev=8 RADIO->APP (1 bytes)
    26                                               |&|
[13.296836000] dev=8 RADIO->APP (1 bytes)
    46                                               |F|
[13.324694000] dev=8 APP->RADIO (4 bytes)
    52 00 88 08                                      |R...|
[13.330112000] dev=8 RADIO->APP (1 bytes)
    57                                               |W|
[13.331211000] dev=8 RADIO->APP (1 bytes)
    00                                               |.|
[13.332334000] dev=8 RADIO->APP (1 bytes)
    88                                               |.|
[13.333461000] dev=8 RADIO->APP (1 bytes)
    08                                               |.|
[13.334513000] dev=8 RADIO->APP (1 bytes)
    54                                               |T|
[13.335711000] dev=8 RADIO->APP (1 bytes)
    c7                                               |.|
[13.336820000] dev=8 RADIO->APP (1 bytes)
    54                                               |T|
[13.337909000] dev=8 RADIO->APP (1 bytes)
    c7                                               |.|
[13.339112000] dev=8 RADIO->APP (1 bytes)
    ec                                               |.|
[13.340136000] dev=8 RADIO->APP (1 bytes)
    50                                               |P|
[13.341335000] dev=8 RADIO->APP (1 bytes)
    12                                               |.|
[13.342459000] dev=8 RADIO->APP (1 bytes)
    27                                               |'|
[13.371493000] dev=8 APP->RADIO (4 bytes)
    52 00 90 08                                      |R...|
[13.376791000] dev=8 RADIO->APP (1 bytes)
    57                                               |W|
[13.377910000] dev=8 RADIO->APP (1 bytes)
    00                                               |.|
[13.379063000] dev=8 RADIO->APP (1 bytes)
    90                                               |.|
[13.380182000] dev=8 RADIO->APP (1 bytes)
    08                                               |.|
[13.381298000] dev=8 RADIO->APP (1 bytes)
    50                                               |P|
[13.382446000] dev=8 RADIO->APP (1 bytes)
    12                                               |.|
[13.383570000] dev=8 RADIO->APP (1 bytes)
    27                                               |'|
[13.384757000] dev=8 RADIO->APP (1 bytes)
    46                                               |F|
[13.385885000] dev=8 RADIO->APP (1 bytes)
    50                                               |P|
[13.387079000] dev=8 RADIO->APP (1 bytes)
    12                                               |.|
[13.388134000] dev=8 RADIO->APP (1 bytes)
    27                                               |'|
[13.389265000] dev=8 RADIO->APP (1 bytes)
    46                                               |F|
[13.418486000] dev=8 APP->RADIO (4 bytes)
    52 00 98 08                                      |R...|
[13.423759000] dev=8 RADIO->APP (1 bytes)
    57                                               |W|
[13.424988000] dev=8 RADIO->APP (1 bytes)
    00                                               |.|
[13.426009000] dev=8 RADIO->APP (1 bytes)
    98                                               |.|
[13.427234000] dev=8 RADIO->APP (1 bytes)
    08                                               |.|
[13.428358000] dev=8 RADIO->APP (1 bytes)
    54                                               |T|
[13.429385000] dev=8 RADIO->APP (1 bytes)
    c7                                               |.|
[13.430610000] dev=8 RADIO->APP (1 bytes)
    54                                               |T|
[13.431735000] dev=8 RADIO->APP (1 bytes)
    c7                                               |.|
[13.432861000] dev=8 RADIO->APP (1 bytes)
    ec                                               |.|
[13.434045000] dev=8 RADIO->APP (1 bytes)
    00                                               |.|
[13.435019000] dev=8 RADIO->APP (1 bytes)
    50                                               |P|
[13.436235000] dev=8 RADIO->APP (1 bytes)
    25                                               |%|
[13.464942000] dev=8 APP->RADIO (4 bytes)
    52 00 a0 08                                      |R...|
[13.470338000] dev=8 RADIO->APP (1 bytes)
    57                                               |W|
[13.471369000] dev=8 RADIO->APP (1 bytes)
    00                                               |.|
[13.472508000] dev=8 RADIO->APP (1 bytes)
    a0                                               |.|
[13.473632000] dev=8 RADIO->APP (1 bytes)
    08                                               |.|
[13.474757000] dev=8 RADIO->APP (1 bytes)
    00                                               |.|
[13.475884000] dev=8 RADIO->APP (1 bytes)
    50                                               |P|
[13.477032000] dev=8 RADIO->APP (1 bytes)
    25                                               |%|
[13.478132000] dev=8 RADIO->APP (1 bytes)
    46                                               |F|
[13.479256000] dev=8 RADIO->APP (1 bytes)
    00                                               |.|
[13.480435000] dev=8 RADIO->APP (1 bytes)
    50                                               |P|
[13.481509000] dev=8 RADIO->APP (1 bytes)
    25                                               |%|
[13.482709000] dev=8 RADIO->APP (1 bytes)
    46                                               |F|
[13.511360000] dev=8 APP->RADIO (4 bytes)
    52 00 a8 08                                      |R...|
[13.516739000] dev=8 RADIO->APP (1 bytes)
    57                                               |W|
[13.517859000] dev=8 RADIO->APP (1 bytes)
    00                                               |.|
[13.518911000] dev=8 RADIO->APP (1 bytes)
    a8                                               |.|
[13.520111000] dev=8 RADIO->APP (1 bytes)
    08                                               |.|
[13.521237000] dev=8 RADIO->APP (1 bytes)
    54                                               |T|
[13.522361000] dev=8 RADIO->APP (1 bytes)
    c7                                               |.|
[13.523486000] dev=8 RADIO->APP (1 bytes)
    54                                               |T|
[13.524611000] dev=8 RADIO->APP (1 bytes)
    c7                                               |.|
[13.525737000] dev=8 RADIO->APP (1 bytes)
    ec                                               |.|
[13.526887000] dev=8 RADIO->APP (1 bytes)
    00                                               |.|
[13.527951000] dev=8 RADIO->APP (1 bytes)
    75                                               |u|
[13.529058000] dev=8 RADIO->APP (1 bytes)
    25                                               |%|
[13.557809000] dev=8 APP->RADIO (4 bytes)
    52 00 b0 08                                      |R...|
[13.563085000] dev=8 RADIO->APP (1 bytes)
    57                                               |W|
[13.564276000] dev=8 RADIO->APP (1 bytes)
    00                                               |.|
[13.565479000] dev=8 RADIO->APP (1 bytes)
    b0                                               |.|
[13.566522000] dev=8 RADIO->APP (1 bytes)
    08                                               |.|
[13.567684000] dev=8 RADIO->APP (1 bytes)
    00                                               |.|
[13.568809000] dev=8 RADIO->APP (1 bytes)
    75                                               |u|
[13.569934000] dev=8 RADIO->APP (1 bytes)
    25                                               |%|
[13.571111000] dev=8 RADIO->APP (1 bytes)
    46                                               |F|
[13.572184000] dev=8 RADIO->APP (1 bytes)
    00                                               |.|
[13.573381000] dev=8 RADIO->APP (1 bytes)
    75                                               |u|
[13.574383000] dev=8 RADIO->APP (1 bytes)
    25                                               |%|
[13.575560000] dev=8 RADIO->APP (1 bytes)
    46                                               |F|
[13.604216000] dev=8 APP->RADIO (4 bytes)
    52 00 b8 08                                      |R...|
[13.609485000] dev=8 RADIO->APP (1 bytes)
    57                                               |W|
[13.610633000] dev=8 RADIO->APP (1 bytes)
    00                                               |.|
[13.611758000] dev=8 RADIO->APP (1 bytes)
    b8                                               |.|
[13.612884000] dev=8 RADIO->APP (1 bytes)
    08                                               |.|
[13.614010000] dev=8 RADIO->APP (1 bytes)
    54                                               |T|
[13.615171000] dev=8 RADIO->APP (1 bytes)
    c7                                               |.|
[13.616361000] dev=8 RADIO->APP (1 bytes)
    54                                               |T|
[13.617486000] dev=8 RADIO->APP (1 bytes)
    c7                                               |.|
[13.618536000] dev=8 RADIO->APP (1 bytes)
    ec                                               |.|
[13.619678000] dev=8 RADIO->APP (1 bytes)
    00                                               |.|
[13.620811000] dev=8 RADIO->APP (1 bytes)
    00                                               |.|
[13.621990000] dev=8 RADIO->APP (1 bytes)
    26                                               |&|
[13.651434000] dev=8 APP->RADIO (4 bytes)
    52 00 c0 08                                      |R...|
[13.656838000] dev=8 RADIO->APP (1 bytes)
    57                                               |W|
[13.657962000] dev=8 RADIO->APP (1 bytes)
    00                                               |.|
[13.659111000] dev=8 RADIO->APP (1 bytes)
    c0                                               |.|
[13.660213000] dev=8 RADIO->APP (1 bytes)
    08                                               |.|
[13.661272000] dev=8 RADIO->APP (1 bytes)
    00                                               |.|
[13.662383000] dev=8 RADIO->APP (1 bytes)
    00                                               |.|
[13.663507000] dev=8 RADIO->APP (1 bytes)
    26                                               |&|
[13.664643000] dev=8 RADIO->APP (1 bytes)
    46                                               |F|
[13.665775000] dev=8 RADIO->APP (1 bytes)
    00                                               |.|
[13.666919000] dev=8 RADIO->APP (1 bytes)
    00                                               |.|
[13.668109000] dev=8 RADIO->APP (1 bytes)
    26                                               |&|
[13.669210000] dev=8 RADIO->APP (1 bytes)
    46                                               |F|
[13.697651000] dev=8 APP->RADIO (4 bytes)
    52 00 c8 08                                      |R...|
[13.703112000] dev=8 RADIO->APP (1 bytes)
    57                                               |W|
[13.704159000] dev=8 RADIO->APP (1 bytes)
    00                                               |.|
[13.705284000] dev=8 RADIO->APP (1 bytes)
    c8                                               |.|
[13.706332000] dev=8 RADIO->APP (1 bytes)
    08                                               |.|
[13.707457000] dev=8 RADIO->APP (1 bytes)
    54                                               |T|
[13.708582000] dev=8 RADIO->APP (1 bytes)
    c7                                               |.|
[13.709707000] dev=8 RADIO->APP (1 bytes)
    54                                               |T|
[13.710832000] dev=8 RADIO->APP (1 bytes)
    c7                                               |.|
[13.712075000] dev=8 RADIO->APP (1 bytes)
    ec                                               |.|
[13.713063000] dev=8 RADIO->APP (1 bytes)
    00                                               |.|
[13.714207000] dev=8 RADIO->APP (1 bytes)
    50                                               |P|
[13.715309000] dev=8 RADIO->APP (1 bytes)
    26                                               |&|
[13.743975000] dev=8 APP->RADIO (4 bytes)
    52 00 d0 08                                      |R...|
[13.749361000] dev=8 RADIO->APP (1 bytes)
    57                                               |W|
[13.750483000] dev=8 RADIO->APP (1 bytes)
    00                                               |.|
[13.751533000] dev=8 RADIO->APP (1 bytes)
    d0                                               |.|
[13.752735000] dev=8 RADIO->APP (1 bytes)
    08                                               |.|
[13.753795000] dev=8 RADIO->APP (1 bytes)
    00                                               |.|
[13.754922000] dev=8 RADIO->APP (1 bytes)
    50                                               |P|
[13.756076000] dev=8 RADIO->APP (1 bytes)
    26                                               |&|
[13.757236000] dev=8 RADIO->APP (1 bytes)
    46                                               |F|
[13.758362000] dev=8 RADIO->APP (1 bytes)
    00                                               |.|
[13.759512000] dev=8 RADIO->APP (1 bytes)
    50                                               |P|
[13.760635000] dev=8 RADIO->APP (1 bytes)
    26                                               |&|
[13.761759000] dev=8 RADIO->APP (1 bytes)
    46                                               |F|
[13.789469000] dev=8 APP->RADIO (4 bytes)
    52 00 d8 08                                      |R...|
[13.794860000] dev=8 RADIO->APP (1 bytes)
    57                                               |W|
[13.795911000] dev=8 RADIO->APP (1 bytes)
    00                                               |.|
[13.797108000] dev=8 RADIO->APP (1 bytes)
    d8                                               |.|
[13.798238000] dev=8 RADIO->APP (1 bytes)
    08                                               |.|
[13.799360000] dev=8 RADIO->APP (1 bytes)
    54                                               |T|
[13.800490000] dev=8 RADIO->APP (1 bytes)
    c7                                               |.|
[13.801597000] dev=8 RADIO->APP (1 bytes)
    54                                               |T|
[13.802675000] dev=8 RADIO->APP (1 bytes)
    c7                                               |.|
[13.803783000] dev=8 RADIO->APP (1 bytes)
    ec                                               |.|
[13.804910000] dev=8 RADIO->APP (1 bytes)
    00                                               |.|
[13.806107000] dev=8 RADIO->APP (1 bytes)
    75                                               |u|
[13.807234000] dev=8 RADIO->APP (1 bytes)
    26                                               |&|
[13.835441000] dev=8 APP->RADIO (4 bytes)
    52 00 e0 08                                      |R...|
[13.840765000] dev=8 RADIO->APP (1 bytes)
    57                                               |W|
[13.841885000] dev=8 RADIO->APP (1 bytes)
    00                                               |.|
[13.843038000] dev=8 RADIO->APP (1 bytes)
    e0                                               |.|
[13.844136000] dev=8 RADIO->APP (1 bytes)
    08                                               |.|
[13.845234000] dev=8 RADIO->APP (1 bytes)
    00                                               |.|
[13.846366000] dev=8 RADIO->APP (1 bytes)
    75                                               |u|
[13.847485000] dev=8 RADIO->APP (1 bytes)
    26                                               |&|
[13.848713000] dev=8 RADIO->APP (1 bytes)
    46                                               |F|
[13.849823000] dev=8 RADIO->APP (1 bytes)
    00                                               |.|
[13.850884000] dev=8 RADIO->APP (1 bytes)
    75                                               |u|
[13.852057000] dev=8 RADIO->APP (1 bytes)
    26                                               |&|
[13.853209000] dev=8 RADIO->APP (1 bytes)
    46                                               |F|
[13.882830000] dev=8 APP->RADIO (4 bytes)
    52 00 e8 08                                      |R...|
[13.888196000] dev=8 RADIO->APP (1 bytes)
    57                                               |W|
[13.889303000] dev=8 RADIO->APP (1 bytes)
    00                                               |.|
[13.890458000] dev=8 RADIO->APP (1 bytes)
    e8                                               |.|
[13.891585000] dev=8 RADIO->APP (1 bytes)
    08                                               |.|
[13.892625000] dev=8 RADIO->APP (1 bytes)
    54                                               |T|
[13.893836000] dev=8 RADIO->APP (1 bytes)
    c7                                               |.|
[13.894957000] dev=8 RADIO->APP (1 bytes)
    54                                               |T|
[13.896033000] dev=8 RADIO->APP (1 bytes)
    c7                                               |.|
[13.897213000] dev=8 RADIO->APP (1 bytes)
    ec                                               |.|
[13.898333000] dev=8 RADIO->APP (1 bytes)
    00                                               |.|
[13.899454000] dev=8 RADIO->APP (1 bytes)
    00                                               |.|
[13.900585000] dev=8 RADIO->APP (1 bytes)
    27                                               |'|
[13.929990000] dev=8 APP->RADIO (4 bytes)
    52 00 f0 08                                      |R...|
[13.935413000] dev=8 RADIO->APP (1 bytes)
    57                                               |W|
[13.936481000] dev=8 RADIO->APP (1 bytes)
    00                                               |.|
[13.937661000] dev=8 RADIO->APP (1 bytes)
    f0                                               |.|
[13.938786000] dev=8 RADIO->APP (1 bytes)
    08                                               |.|
[13.939834000] dev=8 RADIO->APP (1 bytes)
    00                                               |.|
[13.941034000] dev=8 RADIO->APP (1 bytes)
    00                                               |.|
[13.942083000] dev=8 RADIO->APP (1 bytes)
    27                                               |'|
[13.943214000] dev=8 RADIO->APP (1 bytes)
    46                                               |F|
[13.944334000] dev=8 RADIO->APP (1 bytes)
    00                                               |.|
[13.945489000] dev=8 RADIO->APP (1 bytes)
    00                                               |.|
[13.946561000] dev=8 RADIO->APP (1 bytes)
    27                                               |'|
[13.947684000] dev=8 RADIO->APP (1 bytes)
    46                                               |F|
[13.977541000] dev=8 APP->RADIO (4 bytes)
    52 00 f8 08                                      |R...|
[13.982911000] dev=8 RADIO->APP (1 bytes)
    57                                               |W|
[13.984108000] dev=8 RADIO->APP (1 bytes)
    00                                               |.|
[13.985188000] dev=8 RADIO->APP (1 bytes)
    f8                                               |.|
[13.986309000] dev=8 RADIO->APP (1 bytes)
    08                                               |.|
[13.987434000] dev=8 RADIO->APP (1 bytes)
    54                                               |T|
[13.988562000] dev=8 RADIO->APP (1 bytes)
    c7                                               |.|
[13.989689000] dev=8 RADIO->APP (1 bytes)
    54                                               |T|
[13.990813000] dev=8 RADIO->APP (1 bytes)
    c7                                               |.|
[13.991909000] dev=8 RADIO->APP (1 bytes)
    ec                                               |.|
[13.993010000] dev=8 RADIO->APP (1 bytes)
    00                                               |.|
[13.994085000] dev=8 RADIO->APP (1 bytes)
    25                                               |%|
[13.995209000] dev=8 RADIO->APP (1 bytes)
    27                                               |'|
[14.023814000] dev=8 APP->RADIO (4 bytes)
    52 01 00 08                                      |R...|
[14.029139000] dev=8 RADIO->APP (1 bytes)
    57                                               |W|
[14.030235000] dev=8 RADIO->APP (1 bytes)
    01                                               |.|
[14.031383000] dev=8 RADIO->APP (1 bytes)
    00                                               |.|
[14.032513000] dev=8 RADIO->APP (1 bytes)
    08                                               |.|
[14.033632000] dev=8 RADIO->APP (1 bytes)
    00                                               |.|
[14.034757000] dev=8 RADIO->APP (1 bytes)
    25                                               |%|
[14.035885000] dev=8 RADIO->APP (1 bytes)
    27                                               |'|
[14.037008000] dev=8 RADIO->APP (1 bytes)
    46                                               |F|
[14.038110000] dev=8 RADIO->APP (1 bytes)
    00                                               |.|
[14.039235000] dev=8 RADIO->APP (1 bytes)
    25                                               |%|
[14.040380000] dev=8 RADIO->APP (1 bytes)
    27                                               |'|
[14.041509000] dev=8 RADIO->APP (1 bytes)
    46                                               |F|
[14.070808000] dev=8 APP->RADIO (4 bytes)
    52 01 08 08                                      |R...|
[14.076110000] dev=8 RADIO->APP (1 bytes)
    57                                               |W|
[14.077232000] dev=8 RADIO->APP (1 bytes)
    01                                               |.|
[14.078356000] dev=8 RADIO->APP (1 bytes)
    08                                               |.|
[14.079482000] dev=8 RADIO->APP (1 bytes)
    08                                               |.|
[14.080609000] dev=8 RADIO->APP (1 bytes)
    54                                               |T|
[14.081747000] dev=8 RADIO->APP (1 bytes)
    c7                                               |.|
[14.082857000] dev=8 RADIO->APP (1 bytes)
    54                                               |T|
[14.084007000] dev=8 RADIO->APP (1 bytes)
    c7                                               |.|
[14.085107000] dev=8 RADIO->APP (1 bytes)
    ec                                               |.|
[14.086232000] dev=8 RADIO->APP (1 bytes)
    00                                               |.|
[14.087385000] dev=8 RADIO->APP (1 bytes)
    05                                               |.|
[14.088509000] dev=8 RADIO->APP (1 bytes)
    ff                                               |.|
[14.117450000] dev=8 APP->RADIO (4 bytes)
    52 01 10 08                                      |R...|
[14.122714000] dev=8 RADIO->APP (1 bytes)
    57                                               |W|
[14.123833000] dev=8 RADIO->APP (1 bytes)
    01                                               |.|
[14.125032000] dev=8 RADIO->APP (1 bytes)
    10                                               |.|
[14.126108000] dev=8 RADIO->APP (1 bytes)
    08                                               |.|
[14.127231000] dev=8 RADIO->APP (1 bytes)
    ff                                               |.|
[14.128358000] dev=8 RADIO->APP (1 bytes)
    ff                                               |.|
[14.129506000] dev=8 RADIO->APP (1 bytes)
    ff                                               |.|
[14.130611000] dev=8 RADIO->APP (1 bytes)
    ff                                               |.|
[14.131735000] dev=8 RADIO->APP (1 bytes)
    ff                                               |.|
[14.132860000] dev=8 RADIO->APP (1 bytes)
    ff                                               |.|
[14.134035000] dev=8 RADIO->APP (1 bytes)
    ff                                               |.|
[14.135107000] dev=8 RADIO->APP (1 bytes)
    ff                                               |.|
[14.165012000] dev=8 APP->RADIO (4 bytes)
    52 01 18 08                                      |R...|
[14.170264000] dev=8 RADIO->APP (1 bytes)
    57                                               |W|
[14.171385000] dev=8 RADIO->APP (1 bytes)
    01                                               |.|
[14.172510000] dev=8 RADIO->APP (1 bytes)
    18                                               |.|
[14.173648000] dev=8 RADIO->APP (1 bytes)
    08                                               |.|
[14.174736000] dev=8 RADIO->APP (1 bytes)
    ff                                               |.|
[14.175885000] dev=8 RADIO->APP (1 bytes)
    ff                                               |.|
[14.177070000] dev=8 RADIO->APP (1 bytes)
    ff                                               |.|
[14.178138000] dev=8 RADIO->APP (1 bytes)
    ff                                               |.|
[14.179260000] dev=8 RADIO->APP (1 bytes)
    ff                                               |.|
[14.180369000] dev=8 RADIO->APP (1 bytes)
    ff                                               |.|
[14.181537000] dev=8 RADIO->APP (1 bytes)
    ff                                               |.|
[14.182633000] dev=8 RADIO->APP (1 bytes)
    ff                                               |.|
[14.211289000] dev=8 APP->RADIO (4 bytes)
    52 01 20 08                                      |R. .|
[14.216549000] dev=8 RADIO->APP (1 bytes)
    57                                               |W|
[14.217638000] dev=8 RADIO->APP (1 bytes)
    01                                               |.|
[14.218785000] dev=8 RADIO->APP (1 bytes)
    20                                               | |
[14.219908000] dev=8 RADIO->APP (1 bytes)
    08                                               |.|
[14.221034000] dev=8 RADIO->APP (1 bytes)
    ff                                               |.|
[14.222160000] dev=8 RADIO->APP (1 bytes)
    ff                                               |.|
[14.223312000] dev=8 RADIO->APP (1 bytes)
    ff                                               |.|
[14.224435000] dev=8 RADIO->APP (1 bytes)
    ff                                               |.|
[14.225542000] dev=8 RADIO->APP (1 bytes)
    ff                                               |.|
[14.226688000] dev=8 RADIO->APP (1 bytes)
    ff                                               |.|
[14.227792000] dev=8 RADIO->APP (1 bytes)
    ff                                               |.|
[14.228935000] dev=8 RADIO->APP (1 bytes)
    ff                                               |.|
[14.258390000] dev=8 APP->RADIO (4 bytes)
    52 01 28 08                                      |R.(.|
[14.263635000] dev=8 RADIO->APP (1 bytes)
    57                                               |W|
[14.264744000] dev=8 RADIO->APP (1 bytes)
    01                                               |.|
[14.265866000] dev=8 RADIO->APP (1 bytes)
    28                                               |(|
[14.267011000] dev=8 RADIO->APP (1 bytes)
    08                                               |.|
[14.268110000] dev=8 RADIO->APP (1 bytes)
    ff                                               |.|
[14.269242000] dev=8 RADIO->APP (1 bytes)
    ff                                               |.|
[14.270365000] dev=8 RADIO->APP (1 bytes)
    ff                                               |.|
[14.271510000] dev=8 RADIO->APP (1 bytes)
    ff                                               |.|
[14.272612000] dev=8 RADIO->APP (1 bytes)
    ff                                               |.|
[14.273736000] dev=8 RADIO->APP (1 bytes)
    ff                                               |.|
[14.274863000] dev=8 RADIO->APP (1 bytes)
    ff                                               |.|
[14.276011000] dev=8 RADIO->APP (1 bytes)
    ff                                               |.|
[14.304205000] dev=8 APP->RADIO (4 bytes)
    52 01 30 08                                      |R.0.|
[14.309465000] dev=8 RADIO->APP (1 bytes)
    57                                               |W|
[14.310561000] dev=8 RADIO->APP (1 bytes)
    01                                               |.|
[14.311687000] dev=8 RADIO->APP (1 bytes)
    30                                               |0|
[14.312866000] dev=8 RADIO->APP (1 bytes)
    08                                               |.|
[14.314037000] dev=8 RADIO->APP (1 bytes)
    ff                                               |.|
[14.315084000] dev=8 RADIO->APP (1 bytes)
    ff                                               |.|
[14.316208000] dev=8 RADIO->APP (1 bytes)
    ff                                               |.|
[14.317350000] dev=8 RADIO->APP (1 bytes)
    ff                                               |.|
[14.318455000] dev=8 RADIO->APP (1 bytes)
    ff                                               |.|
[14.319583000] dev=8 RADIO->APP (1 bytes)
    ff                                               |.|
[14.320710000] dev=8 RADIO->APP (1 bytes)
    ff                                               |.|
[14.321839000] dev=8 RADIO->APP (1 bytes)
    ff                                               |.|
[14.351147000] dev=8 APP->RADIO (4 bytes)
    52 01 38 08                                      |R.8.|
[14.356387000] dev=8 RADIO->APP (1 bytes)
    57                                               |W|
[14.357540000] dev=8 RADIO->APP (1 bytes)
    01                                               |.|
[14.358660000] dev=8 RADIO->APP (1 bytes)
    38                                               |8|
[14.359785000] dev=8 RADIO->APP (1 bytes)
    08                                               |.|
[14.360908000] dev=8 RADIO->APP (1 bytes)
    ff                                               |.|
[14.362009000] dev=8 RADIO->APP (1 bytes)
    ff                                               |.|
[14.363132000] dev=8 RADIO->APP (1 bytes)
    ff                                               |.|
[14.364260000] dev=8 RADIO->APP (1 bytes)
    ff                                               |.|
[14.365402000] dev=8 RADIO->APP (1 bytes)
    ff                                               |.|
[14.366517000] dev=8 RADIO->APP (1 bytes)
    ff                                               |.|
[14.367642000] dev=8 RADIO->APP (1 bytes)
    ff                                               |.|
[14.368766000] dev=8 RADIO->APP (1 bytes)
    ff                                               |.|
[14.397282000] dev=8 APP->RADIO (4 bytes)
    52 01 40 08                                      |R.@.|
[14.402537000] dev=8 RADIO->APP (1 bytes)
    57                                               |W|
[14.403658000] dev=8 RADIO->APP (1 bytes)
    01                                               |.|
[14.404785000] dev=8 RADIO->APP (1 bytes)
    40                                               |@|
[14.405887000] dev=8 RADIO->APP (1 bytes)
    08                                               |.|
[14.407038000] dev=8 RADIO->APP (1 bytes)
    ff                                               |.|
[14.408136000] dev=8 RADIO->APP (1 bytes)
    ff                                               |.|
[14.409291000] dev=8 RADIO->APP (1 bytes)
    ff                                               |.|
[14.410416000] dev=8 RADIO->APP (1 bytes)
    ff                                               |.|
[14.411536000] dev=8 RADIO->APP (1 bytes)
    ff                                               |.|
[14.412668000] dev=8 RADIO->APP (1 bytes)
    ff                                               |.|
[14.413785000] dev=8 RADIO->APP (1 bytes)
    ff                                               |.|
[14.414909000] dev=8 RADIO->APP (1 bytes)
    ff                                               |.|
[14.432549000] dev=8 APP->RADIO (4 bytes)
    52 01 48 08                                      |R.H.|
[14.437811000] dev=8 RADIO->APP (1 bytes)
    57                                               |W|
[14.438935000] dev=8 RADIO->APP (1 bytes)
    01                                               |.|
[14.440057000] dev=8 RADIO->APP (1 bytes)
    48                                               |H|
[14.441182000] dev=8 RADIO->APP (1 bytes)
    08                                               |.|
[14.442308000] dev=8 RADIO->APP (1 bytes)
    ff                                               |.|
[14.443431000] dev=8 RADIO->APP (1 bytes)
    ff                                               |.|
[14.444560000] dev=8 RADIO->APP (1 bytes)
    ff                                               |.|
[14.445668000] dev=8 RADIO->APP (1 bytes)
    ff                                               |.|
[14.446809000] dev=8 RADIO->APP (1 bytes)
    ff                                               |.|
[14.447941000] dev=8 RADIO->APP (1 bytes)
    ff                                               |.|
[14.449060000] dev=8 RADIO->APP (1 bytes)
    ff                                               |.|
[14.450182000] dev=8 RADIO->APP (1 bytes)
    ff                                               |.|
[14.479382000] dev=8 APP->RADIO (4 bytes)
    52 01 50 08                                      |R.P.|
[14.484673000] dev=8 RADIO->APP (1 bytes)
    57                                               |W|
[14.485763000] dev=8 RADIO->APP (1 bytes)
    01                                               |.|
[14.486885000] dev=8 RADIO->APP (1 bytes)
    50                                               |P|
[14.488035000] dev=8 RADIO->APP (1 bytes)
    08                                               |.|
[14.489160000] dev=8 RADIO->APP (1 bytes)
    ff                                               |.|
[14.490284000] dev=8 RADIO->APP (1 bytes)
    ff                                               |.|
[14.491416000] dev=8 RADIO->APP (1 bytes)
    ff                                               |.|
[14.492534000] dev=8 RADIO->APP (1 bytes)
    ff                                               |.|
[14.493657000] dev=8 RADIO->APP (1 bytes)
    ff                                               |.|
[14.494786000] dev=8 RADIO->APP (1 bytes)
    ff                                               |.|
[14.495913000] dev=8 RADIO->APP (1 bytes)
    ff                                               |.|
[14.497038000] dev=8 RADIO->APP (1 bytes)
    ff                                               |.|
[14.525417000] dev=8 APP->RADIO (4 bytes)
    52 01 58 08                                      |R.X.|
[14.530667000] dev=8 RADIO->APP (1 bytes)
    57                                               |W|
[14.531794000] dev=8 RADIO->APP (1 bytes)
    01                                               |.|
[14.532915000] dev=8 RADIO->APP (1 bytes)
    58                                               |X|
[14.534069000] dev=8 RADIO->APP (1 bytes)
    08                                               |.|
[14.535186000] dev=8 RADIO->APP (1 bytes)
    ff                                               |.|
[14.536310000] dev=8 RADIO->APP (1 bytes)
    ff                                               |.|
[14.537442000] dev=8 RADIO->APP (1 bytes)
    ff                                               |.|
[14.538559000] dev=8 RADIO->APP (1 bytes)
    ff                                               |.|
[14.539683000] dev=8 RADIO->APP (1 bytes)
    ff                                               |.|
[14.540809000] dev=8 RADIO->APP (1 bytes)
    ff                                               |.|
[14.541933000] dev=8 RADIO->APP (1 bytes)
    ff                                               |.|
[14.543034000] dev=8 RADIO->APP (1 bytes)
    ff                                               |.|
[14.571389000] dev=8 APP->RADIO (4 bytes)
    52 01 60 08                                      |R.`.|
[14.576662000] dev=8 RADIO->APP (1 bytes)
    57                                               |W|
[14.577785000] dev=8 RADIO->APP (1 bytes)
    01                                               |.|
[14.578899000] dev=8 RADIO->APP (1 bytes)
    60                                               |`|
[14.580011000] dev=8 RADIO->APP (1 bytes)
    08                                               |.|
[14.581136000] dev=8 RADIO->APP (1 bytes)
    ff                                               |.|
[14.582267000] dev=8 RADIO->APP (1 bytes)
    ff                                               |.|
[14.583418000] dev=8 RADIO->APP (1 bytes)
    ff                                               |.|
[14.584518000] dev=8 RADIO->APP (1 bytes)
    ff                                               |.|
[14.585638000] dev=8 RADIO->APP (1 bytes)
    ff                                               |.|
[14.586789000] dev=8 RADIO->APP (1 bytes)
    ff                                               |.|
[14.587910000] dev=8 RADIO->APP (1 bytes)
    ff                                               |.|
[14.589032000] dev=8 RADIO->APP (1 bytes)
    ff                                               |.|
[14.617144000] dev=8 APP->RADIO (4 bytes)
    52 01 68 08                                      |R.h.|
[14.622372000] dev=8 RADIO->APP (1 bytes)
    57                                               |W|
[14.623492000] dev=8 RADIO->APP (1 bytes)
    01                                               |.|
[14.624615000] dev=8 RADIO->APP (1 bytes)
    68                                               |h|
[14.625740000] dev=8 RADIO->APP (1 bytes)
    08                                               |.|
[14.626892000] dev=8 RADIO->APP (1 bytes)
    ff                                               |.|
[14.628014000] dev=8 RADIO->APP (1 bytes)
    ff                                               |.|
[14.629149000] dev=8 RADIO->APP (1 bytes)
    ff                                               |.|
[14.630263000] dev=8 RADIO->APP (1 bytes)
    ff                                               |.|
[14.631390000] dev=8 RADIO->APP (1 bytes)
    ff                                               |.|
[14.632512000] dev=8 RADIO->APP (1 bytes)
    ff                                               |.|
[14.633643000] dev=8 RADIO->APP (1 bytes)
    ff                                               |.|
[14.634763000] dev=8 RADIO->APP (1 bytes)
    ff                                               |.|
[14.663782000] dev=8 APP->RADIO (4 bytes)
    52 01 70 08                                      |R.p.|
[14.669045000] dev=8 RADIO->APP (1 bytes)
    57                                               |W|
[14.670163000] dev=8 RADIO->APP (1 bytes)
    01                                               |.|
[14.671299000] dev=8 RADIO->APP (1 bytes)
    70                                               |p|
[14.672436000] dev=8 RADIO->APP (1 bytes)
    08                                               |.|
[14.673563000] dev=8 RADIO->APP (1 bytes)
    ff                                               |.|
[14.674687000] dev=8 RADIO->APP (1 bytes)
    ff                                               |.|
[14.675815000] dev=8 RADIO->APP (1 bytes)
    ff                                               |.|
[14.676913000] dev=8 RADIO->APP (1 bytes)
    ff                                               |.|
[14.678071000] dev=8 RADIO->APP (1 bytes)
    ff                                               |.|
[14.679168000] dev=8 RADIO->APP (1 bytes)
    ff                                               |.|
[14.680288000] dev=8 RADIO->APP (1 bytes)
    ff                                               |.|
[14.681410000] dev=8 RADIO->APP (1 bytes)
    ff                                               |.|
[14.709324000] dev=8 APP->RADIO (4 bytes)
    52 01 78 08                                      |R.x.|
[14.714590000] dev=8 RADIO->APP (1 bytes)
    57                                               |W|
[14.715694000] dev=8 RADIO->APP (1 bytes)
    01                                               |.|
[14.716833000] dev=8 RADIO->APP (1 bytes)
    78                                               |x|
[14.718038000] dev=8 RADIO->APP (1 bytes)
    08                                               |.|
[14.719082000] dev=8 RADIO->APP (1 bytes)
    ff                                               |.|
[14.720207000] dev=8 RADIO->APP (1 bytes)
    ff                                               |.|
[14.721316000] dev=8 RADIO->APP (1 bytes)
    ff                                               |.|
[14.722457000] dev=8 RADIO->APP (1 bytes)
    ff                                               |.|
[14.723586000] dev=8 RADIO->APP (1 bytes)
    ff                                               |.|
[14.724711000] dev=8 RADIO->APP (1 bytes)
    ff                                               |.|
[14.725867000] dev=8 RADIO->APP (1 bytes)
    ff                                               |.|
[14.727010000] dev=8 RADIO->APP (1 bytes)
    ff                                               |.|
[14.756064000] dev=8 APP->RADIO (4 bytes)
    52 01 80 08                                      |R...|
[14.761319000] dev=8 RADIO->APP (1 bytes)
    57                                               |W|
[14.762433000] dev=8 RADIO->APP (1 bytes)
    01                                               |.|
[14.763554000] dev=8 RADIO->APP (1 bytes)
    80                                               |.|
[14.764681000] dev=8 RADIO->APP (1 bytes)
    08                                               |.|
[14.765787000] dev=8 RADIO->APP (1 bytes)
    ff                                               |.|
[14.766913000] dev=8 RADIO->APP (1 bytes)
    ff                                               |.|
[14.768064000] dev=8 RADIO->APP (1 bytes)
    ff                                               |.|
[14.769231000] dev=8 RADIO->APP (1 bytes)
    ff                                               |.|
[14.770333000] dev=8 RADIO->APP (1 bytes)
    ff                                               |.|
[14.771456000] dev=8 RADIO->APP (1 bytes)
    ff                                               |.|
[14.772585000] dev=8 RADIO->APP (1 bytes)
    ff                                               |.|
[14.773707000] dev=8 RADIO->APP (1 bytes)
    ff                                               |.|
[14.802651000] dev=8 APP->RADIO (4 bytes)
    52 01 88 08                                      |R...|
[14.807894000] dev=8 RADIO->APP (1 bytes)
    57                                               |W|
[14.809009000] dev=8 RADIO->APP (1 bytes)
    01                                               |.|
[14.810132000] dev=8 RADIO->APP (1 bytes)
    88                                               |.|
[14.811261000] dev=8 RADIO->APP (1 bytes)
    08                                               |.|
[14.812383000] dev=8 RADIO->APP (1 bytes)
    ff                                               |.|
[14.813510000] dev=8 RADIO->APP (1 bytes)
    ff                                               |.|
[14.814637000] dev=8 RADIO->APP (1 bytes)
    ff                                               |.|
[14.815759000] dev=8 RADIO->APP (1 bytes)
    ff                                               |.|
[14.816911000] dev=8 RADIO->APP (1 bytes)
    ff                                               |.|
[14.818038000] dev=8 RADIO->APP (1 bytes)
    ff                                               |.|
[14.819163000] dev=8 RADIO->APP (1 bytes)
    ff                                               |.|
[14.820283000] dev=8 RADIO->APP (1 bytes)
    ff                                               |.|
[14.849221000] dev=8 APP->RADIO (4 bytes)
    52 01 90 08                                      |R...|
[14.854464000] dev=8 RADIO->APP (1 bytes)
    57                                               |W|
[14.855610000] dev=8 RADIO->APP (1 bytes)
    01                                               |.|
[14.856736000] dev=8 RADIO->APP (1 bytes)
    90                                               |.|
[14.857858000] dev=8 RADIO->APP (1 bytes)
    08                                               |.|
[14.859035000] dev=8 RADIO->APP (1 bytes)
    ff                                               |.|
[14.860112000] dev=8 RADIO->APP (1 bytes)
    ff                                               |.|
[14.861235000] dev=8 RADIO->APP (1 bytes)
    ff                                               |.|
[14.862346000] dev=8 RADIO->APP (1 bytes)
    ff                                               |.|
[14.863486000] dev=8 RADIO->APP (1 bytes)
    ff                                               |.|
[14.864601000] dev=8 RADIO->APP (1 bytes)
    ff                                               |.|
[14.865710000] dev=8 RADIO->APP (1 bytes)
    ff                                               |.|
[14.866834000] dev=8 RADIO->APP (1 bytes)
    ff                                               |.|
[14.895787000] dev=8 APP->RADIO (4 bytes)
    52 01 98 08                                      |R...|
[14.901037000] dev=8 RADIO->APP (1 bytes)
    57                                               |W|
[14.902160000] dev=8 RADIO->APP (1 bytes)
    01                                               |.|
[14.903283000] dev=8 RADIO->APP (1 bytes)
    98                                               |.|
[14.904408000] dev=8 RADIO->APP (1 bytes)
    08                                               |.|
[14.905533000] dev=8 RADIO->APP (1 bytes)
    ff                                               |.|
[14.906660000] dev=8 RADIO->APP (1 bytes)
    ff                                               |.|
[14.907782000] dev=8 RADIO->APP (1 bytes)
    ff                                               |.|
[14.908909000] dev=8 RADIO->APP (1 bytes)
    ff                                               |.|
[14.910033000] dev=8 RADIO->APP (1 bytes)
    ff                                               |.|
[14.911157000] dev=8 RADIO->APP (1 bytes)
    ff                                               |.|
[14.912279000] dev=8 RADIO->APP (1 bytes)
    ff                                               |.|
[14.913411000] dev=8 RADIO->APP (1 bytes)
    ff                                               |.|
[14.942081000] dev=8 APP->RADIO (4 bytes)
    52 01 a0 08                                      |R...|
[14.947337000] dev=8 RADIO->APP (1 bytes)
    57                                               |W|
[14.948460000] dev=8 RADIO->APP (1 bytes)
    01                                               |.|
[14.949583000] dev=8 RADIO->APP (1 bytes)
    a0                                               |.|
[14.950710000] dev=8 RADIO->APP (1 bytes)
    08                                               |.|
[14.951833000] dev=8 RADIO->APP (1 bytes)
    ff                                               |.|
[14.953043000] dev=8 RADIO->APP (1 bytes)
    ff                                               |.|
[14.954084000] dev=8 RADIO->APP (1 bytes)
    ff                                               |.|
[14.955213000] dev=8 RADIO->APP (1 bytes)
    ff                                               |.|
[14.956309000] dev=8 RADIO->APP (1 bytes)
    ff                                               |.|
[14.957458000] dev=8 RADIO->APP (1 bytes)
    ff                                               |.|
[14.958587000] dev=8 RADIO->APP (1 bytes)
    ff                                               |.|
[14.959710000] dev=8 RADIO->APP (1 bytes)
    ff                                               |.|
[14.988143000] dev=8 APP->RADIO (4 bytes)
    52 01 a8 08                                      |R...|
[14.993418000] dev=8 RADIO->APP (1 bytes)
    57                                               |W|
[14.994538000] dev=8 RADIO->APP (1 bytes)
    01                                               |.|
[14.995638000] dev=8 RADIO->APP (1 bytes)
    a8                                               |.|
[14.996770000] dev=8 RADIO->APP (1 bytes)
    08                                               |.|
[14.997897000] dev=8 RADIO->APP (1 bytes)
    ff                                               |.|
[14.999031000] dev=8 RADIO->APP (1 bytes)
    ff                                               |.|
[15.000157000] dev=8 RADIO->APP (1 bytes)
    ff                                               |.|
[15.001276000] dev=8 RADIO->APP (1 bytes)
    ff                                               |.|
[15.002406000] dev=8 RADIO->APP (1 bytes)
    ff                                               |.|
[15.003515000] dev=8 RADIO->APP (1 bytes)
    ff                                               |.|
[15.004636000] dev=8 RADIO->APP (1 bytes)
    ff                                               |.|
[15.005771000] dev=8 RADIO->APP (1 bytes)
    ff                                               |.|
[15.033706000] dev=8 APP->RADIO (4 bytes)
    52 01 b0 08                                      |R...|
[15.039039000] dev=8 RADIO->APP (1 bytes)
    57                                               |W|
[15.040083000] dev=8 RADIO->APP (1 bytes)
    01                                               |.|
[15.041207000] dev=8 RADIO->APP (1 bytes)
    b0                                               |.|
[15.042334000] dev=8 RADIO->APP (1 bytes)
    08                                               |.|
[15.043459000] dev=8 RADIO->APP (1 bytes)
    ff                                               |.|
[15.044582000] dev=8 RADIO->APP (1 bytes)
    ff                                               |.|
[15.045709000] dev=8 RADIO->APP (1 bytes)
    ff                                               |.|
[15.046832000] dev=8 RADIO->APP (1 bytes)
    ff                                               |.|
[15.048022000] dev=8 RADIO->APP (1 bytes)
    ff                                               |.|
[15.049080000] dev=8 RADIO->APP (1 bytes)
    ff                                               |.|
[15.050211000] dev=8 RADIO->APP (1 bytes)
    ff                                               |.|
[15.051335000] dev=8 RADIO->APP (1 bytes)
    ff                                               |.|
[15.079984000] dev=8 APP->RADIO (4 bytes)
    52 01 b8 08                                      |R...|
[15.085236000] dev=8 RADIO->APP (1 bytes)
    57                                               |W|
[15.086361000] dev=8 RADIO->APP (1 bytes)
    01                                               |.|
[15.087490000] dev=8 RADIO->APP (1 bytes)
    b8                                               |.|
[15.088616000] dev=8 RADIO->APP (1 bytes)
    08                                               |.|
[15.089733000] dev=8 RADIO->APP (1 bytes)
    ff                                               |.|
[15.090862000] dev=8 RADIO->APP (1 bytes)
    ff                                               |.|
[15.092035000] dev=8 RADIO->APP (1 bytes)
    ff                                               |.|
[15.093109000] dev=8 RADIO->APP (1 bytes)
    ff                                               |.|
[15.094235000] dev=8 RADIO->APP (1 bytes)
    ff                                               |.|
[15.095338000] dev=8 RADIO->APP (1 bytes)
    ff                                               |.|
[15.096469000] dev=8 RADIO->APP (1 bytes)
    ff                                               |.|
[15.097598000] dev=8 RADIO->APP (1 bytes)
    ff                                               |.|
[15.126279000] dev=8 APP->RADIO (4 bytes)
    52 01 c0 08                                      |R...|
[15.131543000] dev=8 RADIO->APP (1 bytes)
    57                                               |W|
[15.132667000] dev=8 RADIO->APP (1 bytes)
    01                                               |.|
[15.133786000] dev=8 RADIO->APP (1 bytes)
    c0                                               |.|
[15.134909000] dev=8 RADIO->APP (1 bytes)
    08                                               |.|
[15.136032000] dev=8 RADIO->APP (1 bytes)
    ff                                               |.|
[15.137158000] dev=8 RADIO->APP (1 bytes)
    ff                                               |.|
[15.138289000] dev=8 RADIO->APP (1 bytes)
    ff                                               |.|
[15.139410000] dev=8 RADIO->APP (1 bytes)
    ff                                               |.|
[15.140508000] dev=8 RADIO->APP (1 bytes)
    ff                                               |.|
[15.141634000] dev=8 RADIO->APP (1 bytes)
    ff                                               |.|
[15.142759000] dev=8 RADIO->APP (1 bytes)
    ff                                               |.|
[15.143914000] dev=8 RADIO->APP (1 bytes)
    ff                                               |.|
[15.174501000] dev=8 APP->RADIO (4 bytes)
    52 01 c8 08                                      |R...|
[15.179741000] dev=8 RADIO->APP (1 bytes)
    57                                               |W|
[15.180887000] dev=8 RADIO->APP (1 bytes)
    01                                               |.|
[15.182037000] dev=8 RADIO->APP (1 bytes)
    c8                                               |.|
[15.183114000] dev=8 RADIO->APP (1 bytes)
    08                                               |.|
[15.184270000] dev=8 RADIO->APP (1 bytes)
    ff                                               |.|
[15.185386000] dev=8 RADIO->APP (1 bytes)
    ff                                               |.|
[15.186512000] dev=8 RADIO->APP (1 bytes)
    ff                                               |.|
[15.187608000] dev=8 RADIO->APP (1 bytes)
    ff                                               |.|
[15.188732000] dev=8 RADIO->APP (1 bytes)
    ff                                               |.|
[15.189857000] dev=8 RADIO->APP (1 bytes)
    ff                                               |.|
[15.191010000] dev=8 RADIO->APP (1 bytes)
    ff                                               |.|
[15.192112000] dev=8 RADIO->APP (1 bytes)
    ff                                               |.|
[15.221339000] dev=8 APP->RADIO (4 bytes)
    52 01 d0 08                                      |R...|
[15.226593000] dev=8 RADIO->APP (1 bytes)
    57                                               |W|
[15.227712000] dev=8 RADIO->APP (1 bytes)
    01                                               |.|
[15.228870000] dev=8 RADIO->APP (1 bytes)
    d0                                               |.|
[15.230039000] dev=8 RADIO->APP (1 bytes)
    08                                               |.|
[15.231089000] dev=8 RADIO->APP (1 bytes)
    ff                                               |.|
[15.232191000] dev=8 RADIO->APP (1 bytes)
    ff                                               |.|
[15.233346000] dev=8 RADIO->APP (1 bytes)
    ff                                               |.|
[15.234435000] dev=8 RADIO->APP (1 bytes)
    ff                                               |.|
[15.235558000] dev=8 RADIO->APP (1 bytes)
    ff                                               |.|
[15.236711000] dev=8 RADIO->APP (1 bytes)
    ff                                               |.|
[15.237815000] dev=8 RADIO->APP (1 bytes)
    ff                                               |.|
[15.239033000] dev=8 RADIO->APP (1 bytes)
    ff                                               |.|
[15.262147000] dev=8 APP->RADIO (4 bytes)
    52 01 d8 08                                      |R...|
[15.267390000] dev=8 RADIO->APP (1 bytes)
    57                                               |W|
[15.268523000] dev=8 RADIO->APP (1 bytes)
    01                                               |.|
[15.269618000] dev=8 RADIO->APP (1 bytes)
    d8                                               |.|
[15.270742000] dev=8 RADIO->APP (1 bytes)
    08                                               |.|
[15.271885000] dev=8 RADIO->APP (1 bytes)
    ff                                               |.|
[15.273065000] dev=8 RADIO->APP (1 bytes)
    ff                                               |.|
[15.274136000] dev=8 RADIO->APP (1 bytes)
    ff                                               |.|
[15.275301000] dev=8 RADIO->APP (1 bytes)
    ff                                               |.|
[15.276382000] dev=8 RADIO->APP (1 bytes)
    ff                                               |.|
[15.277488000] dev=8 RADIO->APP (1 bytes)
    ff                                               |.|
[15.278633000] dev=8 RADIO->APP (1 bytes)
    ff                                               |.|
[15.279760000] dev=8 RADIO->APP (1 bytes)
    ff                                               |.|
[15.308538000] dev=8 APP->RADIO (4 bytes)
    52 01 e0 08                                      |R...|
[15.313814000] dev=8 RADIO->APP (1 bytes)
    57                                               |W|
[15.315005000] dev=8 RADIO->APP (1 bytes)
    01                                               |.|
[15.316106000] dev=8 RADIO->APP (1 bytes)
    e0                                               |.|
[15.317230000] dev=8 RADIO->APP (1 bytes)
    08                                               |.|
[15.318355000] dev=8 RADIO->APP (1 bytes)
    ff                                               |.|
[15.319483000] dev=8 RADIO->APP (1 bytes)
    ff                                               |.|
[15.320561000] dev=8 RADIO->APP (1 bytes)
    ff                                               |.|
[15.321729000] dev=8 RADIO->APP (1 bytes)
    ff                                               |.|
[15.322854000] dev=8 RADIO->APP (1 bytes)
    ff                                               |.|
[15.323908000] dev=8 RADIO->APP (1 bytes)
    ff                                               |.|
[15.325079000] dev=8 RADIO->APP (1 bytes)
    ff                                               |.|
[15.326229000] dev=8 RADIO->APP (1 bytes)
    ff                                               |.|
[15.355605000] dev=8 APP->RADIO (4 bytes)
    52 01 e8 08                                      |R...|
[15.360838000] dev=8 RADIO->APP (1 bytes)
    57                                               |W|
[15.362034000] dev=8 RADIO->APP (1 bytes)
    01                                               |.|
[15.363093000] dev=8 RADIO->APP (1 bytes)
    e8                                               |.|
[15.364233000] dev=8 RADIO->APP (1 bytes)
    08                                               |.|
[15.365357000] dev=8 RADIO->APP (1 bytes)
    ff                                               |.|
[15.366485000] dev=8 RADIO->APP (1 bytes)
    ff                                               |.|
[15.367682000] dev=8 RADIO->APP (1 bytes)
    ff                                               |.|
[15.368808000] dev=8 RADIO->APP (1 bytes)
    ff                                               |.|
[15.369935000] dev=8 RADIO->APP (1 bytes)
    ff                                               |.|
[15.371010000] dev=8 RADIO->APP (1 bytes)
    ff                                               |.|
[15.372179000] dev=8 RADIO->APP (1 bytes)
    ff                                               |.|
[15.373280000] dev=8 RADIO->APP (1 bytes)
    ff                                               |.|
[15.401748000] dev=8 APP->RADIO (4 bytes)
    52 01 f0 08                                      |R...|
[15.407113000] dev=8 RADIO->APP (1 bytes)
    57                                               |W|
[15.408235000] dev=8 RADIO->APP (1 bytes)
    01                                               |.|
[15.409342000] dev=8 RADIO->APP (1 bytes)
    f0                                               |.|
[15.410383000] dev=8 RADIO->APP (1 bytes)
    08                                               |.|
[15.411584000] dev=8 RADIO->APP (1 bytes)
    ff                                               |.|
[15.412631000] dev=8 RADIO->APP (1 bytes)
    ff                                               |.|
[15.413766000] dev=8 RADIO->APP (1 bytes)
    ff                                               |.|
[15.414959000] dev=8 RADIO->APP (1 bytes)
    ff                                               |.|
[15.416110000] dev=8 RADIO->APP (1 bytes)
    ff                                               |.|
[15.417213000] dev=8 RADIO->APP (1 bytes)
    ff                                               |.|
[15.418343000] dev=8 RADIO->APP (1 bytes)
    ff                                               |.|
[15.419396000] dev=8 RADIO->APP (1 bytes)
    ff                                               |.|
[15.448833000] dev=8 APP->RADIO (4 bytes)
    52 01 f8 08                                      |R...|
[15.454163000] dev=8 RADIO->APP (1 bytes)
    57                                               |W|
[15.455217000] dev=8 RADIO->APP (1 bytes)
    01                                               |.|
[15.456333000] dev=8 RADIO->APP (1 bytes)
    f8                                               |.|
[15.457458000] dev=8 RADIO->APP (1 bytes)
    08                                               |.|
[15.458583000] dev=8 RADIO->APP (1 bytes)
    ff                                               |.|
[15.459706000] dev=8 RADIO->APP (1 bytes)
    ff                                               |.|
[15.460834000] dev=8 RADIO->APP (1 bytes)
    ff                                               |.|
[15.462033000] dev=8 RADIO->APP (1 bytes)
    ff                                               |.|
[15.463063000] dev=8 RADIO->APP (1 bytes)
    ff                                               |.|
[15.464188000] dev=8 RADIO->APP (1 bytes)
    ff                                               |.|
[15.465336000] dev=8 RADIO->APP (1 bytes)
    ff                                               |.|
[15.466538000] dev=8 RADIO->APP (1 bytes)
    ff                                               |.|
[15.495456000] dev=8 APP->RADIO (4 bytes)
    52 02 00 08                                      |R...|
[15.500716000] dev=8 RADIO->APP (1 bytes)
    57                                               |W|
[15.501811000] dev=8 RADIO->APP (1 bytes)
    02                                               |.|
[15.503009000] dev=8 RADIO->APP (1 bytes)
    00                                               |.|
[15.504062000] dev=8 RADIO->APP (1 bytes)
    08                                               |.|
[15.505210000] dev=8 RADIO->APP (1 bytes)
    ff                                               |.|
[15.506336000] dev=8 RADIO->APP (1 bytes)
    ff                                               |.|
[15.507462000] dev=8 RADIO->APP (1 bytes)
    ff                                               |.|
[15.508659000] dev=8 RADIO->APP (1 bytes)
    ff                                               |.|
[15.509786000] dev=8 RADIO->APP (1 bytes)
    ff                                               |.|
[15.510910000] dev=8 RADIO->APP (1 bytes)
    ff                                               |.|
[15.512034000] dev=8 RADIO->APP (1 bytes)
    ff                                               |.|
[15.513059000] dev=8 RADIO->APP (1 bytes)
    ff                                               |.|
[15.542756000] dev=8 APP->RADIO (4 bytes)
    52 02 08 08                                      |R...|
[15.548114000] dev=8 RADIO->APP (1 bytes)
    57                                               |W|
[15.549209000] dev=8 RADIO->APP (1 bytes)
    02                                               |.|
[15.550336000] dev=8 RADIO->APP (1 bytes)
    08                                               |.|
[15.551383000] dev=8 RADIO->APP (1 bytes)
    08                                               |.|
[15.552585000] dev=8 RADIO->APP (1 bytes)
    ff                                               |.|
[15.553713000] dev=8 RADIO->APP (1 bytes)
    ff                                               |.|
[15.554776000] dev=8 RADIO->APP (1 bytes)
    ff                                               |.|
[15.555914000] dev=8 RADIO->APP (1 bytes)
    ff                                               |.|
[15.557114000] dev=8 RADIO->APP (1 bytes)
    ff                                               |.|
[15.558124000] dev=8 RADIO->APP (1 bytes)
    ff                                               |.|
[15.559276000] dev=8 RADIO->APP (1 bytes)
    ff                                               |.|
[15.560460000] dev=8 RADIO->APP (1 bytes)
    ff                                               |.|
[15.588647000] dev=8 APP->RADIO (4 bytes)
    52 02 10 08                                      |R...|
[15.593861000] dev=8 RADIO->APP (1 bytes)
    57                                               |W|
[15.595008000] dev=8 RADIO->APP (1 bytes)
    02                                               |.|
[15.596108000] dev=8 RADIO->APP (1 bytes)
    10                                               |.|
[15.597233000] dev=8 RADIO->APP (1 bytes)
    08                                               |.|
[15.598358000] dev=8 RADIO->APP (1 bytes)
    ff                                               |.|
[15.599509000] dev=8 RADIO->APP (1 bytes)
    ff                                               |.|
[15.600713000] dev=8 RADIO->APP (1 bytes)
    ff                                               |.|
[15.601835000] dev=8 RADIO->APP (1 bytes)
    ff                                               |.|
[15.602959000] dev=8 RADIO->APP (1 bytes)
    ff                                               |.|
[15.604040000] dev=8 RADIO->APP (1 bytes)
    ff                                               |.|
[15.605212000] dev=8 RADIO->APP (1 bytes)
    ff                                               |.|
[15.606335000] dev=8 RADIO->APP (1 bytes)
    ff                                               |.|
[15.635577000] dev=8 APP->RADIO (4 bytes)
    52 02 18 08                                      |R...|
[15.640917000] dev=8 RADIO->APP (1 bytes)
    57                                               |W|
[15.642112000] dev=8 RADIO->APP (1 bytes)
    02                                               |.|
[15.643171000] dev=8 RADIO->APP (1 bytes)
    18                                               |.|
[15.644289000] dev=8 RADIO->APP (1 bytes)
    08                                               |.|
[15.645410000] dev=8 RADIO->APP (1 bytes)
    ff                                               |.|
[15.646460000] dev=8 RADIO->APP (1 bytes)
    ff                                               |.|
[15.647586000] dev=8 RADIO->APP (1 bytes)
    ff                                               |.|
[15.648784000] dev=8 RADIO->APP (1 bytes)
    ff                                               |.|
[15.649909000] dev=8 RADIO->APP (1 bytes)
    ff                                               |.|
[15.651015000] dev=8 RADIO->APP (1 bytes)
    ff                                               |.|
[15.652161000] dev=8 RADIO->APP (1 bytes)
    ff                                               |.|
[15.653284000] dev=8 RADIO->APP (1 bytes)
    ff                                               |.|
[15.681823000] dev=8 APP->RADIO (4 bytes)
    52 02 20 08                                      |R. .|
[15.687163000] dev=8 RADIO->APP (1 bytes)
    57                                               |W|
[15.688284000] dev=8 RADIO->APP (1 bytes)
    02                                               |.|
[15.689310000] dev=8 RADIO->APP (1 bytes)
    20                                               | |
[15.690431000] dev=8 RADIO->APP (1 bytes)
    08                                               |.|
[15.691559000] dev=8 RADIO->APP (1 bytes)
    ff                                               |.|
[15.692684000] dev=8 RADIO->APP (1 bytes)
    ff                                               |.|
[15.693809000] dev=8 RADIO->APP (1 bytes)
    ff                                               |.|
[15.694934000] dev=8 RADIO->APP (1 bytes)
    ff                                               |.|
[15.696057000] dev=8 RADIO->APP (1 bytes)
    ff                                               |.|
[15.697159000] dev=8 RADIO->APP (1 bytes)
    ff                                               |.|
[15.698316000] dev=8 RADIO->APP (1 bytes)
    ff                                               |.|
[15.699432000] dev=8 RADIO->APP (1 bytes)
    ff                                               |.|
[15.729088000] dev=8 APP->RADIO (4 bytes)
    52 02 28 08                                      |R.(.|
[15.734416000] dev=8 RADIO->APP (1 bytes)
    57                                               |W|
[15.735563000] dev=8 RADIO->APP (1 bytes)
    02                                               |.|
[15.736669000] dev=8 RADIO->APP (1 bytes)
    28                                               |(|
[15.737759000] dev=8 RADIO->APP (1 bytes)
    08                                               |.|
[15.738831000] dev=8 RADIO->APP (1 bytes)
    ff                                               |.|
[15.740109000] dev=8 RADIO->APP (1 bytes)
    ff                                               |.|
[15.741182000] dev=8 RADIO->APP (1 bytes)
    ff                                               |.|
[15.742308000] dev=8 RADIO->APP (1 bytes)
    ff                                               |.|
[15.743434000] dev=8 RADIO->APP (1 bytes)
    ff                                               |.|
[15.744560000] dev=8 RADIO->APP (1 bytes)
    ff                                               |.|
[15.745621000] dev=8 RADIO->APP (1 bytes)
    ff                                               |.|
[15.746732000] dev=8 RADIO->APP (1 bytes)
    ff                                               |.|
[15.776012000] dev=8 APP->RADIO (4 bytes)
    52 02 30 08                                      |R.0.|
[15.781262000] dev=8 RADIO->APP (1 bytes)
    57                                               |W|
[15.782460000] dev=8 RADIO->APP (1 bytes)
    02                                               |.|
[15.783592000] dev=8 RADIO->APP (1 bytes)
    30                                               |0|
[15.784710000] dev=8 RADIO->APP (1 bytes)
    08                                               |.|
[15.785834000] dev=8 RADIO->APP (1 bytes)
    ff                                               |.|
[15.786944000] dev=8 RADIO->APP (1 bytes)
    ff                                               |.|
[15.788098000] dev=8 RADIO->APP (1 bytes)
    ff                                               |.|
[15.789212000] dev=8 RADIO->APP (1 bytes)
    ff                                               |.|
[15.790333000] dev=8 RADIO->APP (1 bytes)
    ff                                               |.|
[15.791412000] dev=8 RADIO->APP (1 bytes)
    ff                                               |.|
[15.792584000] dev=8 RADIO->APP (1 bytes)
    ff                                               |.|
[15.793632000] dev=8 RADIO->APP (1 bytes)
    ff                                               |.|
[15.822629000] dev=8 APP->RADIO (4 bytes)
    52 02 38 08                                      |R.8.|
[15.827866000] dev=8 RADIO->APP (1 bytes)
    57                                               |W|
[15.829021000] dev=8 RADIO->APP (1 bytes)
    02                                               |.|
[15.830110000] dev=8 RADIO->APP (1 bytes)
    38                                               |8|
[15.831234000] dev=8 RADIO->APP (1 bytes)
    08                                               |.|
[15.832368000] dev=8 RADIO->APP (1 bytes)
    ff                                               |.|
[15.833483000] dev=8 RADIO->APP (1 bytes)
    ff                                               |.|
[15.834609000] dev=8 RADIO->APP (1 bytes)
    ff                                               |.|
[15.835812000] dev=8 RADIO->APP (1 bytes)
    ff                                               |.|
[15.836933000] dev=8 RADIO->APP (1 bytes)
    ff                                               |.|
[15.838051000] dev=8 RADIO->APP (1 bytes)
    ff                                               |.|
[15.839114000] dev=8 RADIO->APP (1 bytes)
    ff                                               |.|
[15.840309000] dev=8 RADIO->APP (1 bytes)
    ff                                               |.|
[15.869592000] dev=8 APP->RADIO (4 bytes)
    52 02 40 08                                      |R.@.|
[15.874916000] dev=8 RADIO->APP (1 bytes)
    57                                               |W|
[15.876108000] dev=8 RADIO->APP (1 bytes)
    02                                               |.|
[15.877162000] dev=8 RADIO->APP (1 bytes)
    40                                               |@|
[15.878217000] dev=8 RADIO->APP (1 bytes)
    08                                               |.|
[15.879336000] dev=8 RADIO->APP (1 bytes)
    ff                                               |.|
[15.880453000] dev=8 RADIO->APP (1 bytes)
    ff                                               |.|
[15.881661000] dev=8 RADIO->APP (1 bytes)
    ff                                               |.|
[15.882784000] dev=8 RADIO->APP (1 bytes)
    ff                                               |.|
[15.883910000] dev=8 RADIO->APP (1 bytes)
    ff                                               |.|
[15.885110000] dev=8 RADIO->APP (1 bytes)
    ff                                               |.|
[15.886165000] dev=8 RADIO->APP (1 bytes)
    ff                                               |.|
[15.887284000] dev=8 RADIO->APP (1 bytes)
    ff                                               |.|
[15.916289000] dev=8 APP->RADIO (4 bytes)
    52 02 48 08                                      |R.H.|
[15.921612000] dev=8 RADIO->APP (1 bytes)
    57                                               |W|
[15.922735000] dev=8 RADIO->APP (1 bytes)
    02                                               |.|
[15.923784000] dev=8 RADIO->APP (1 bytes)
    48                                               |H|
[15.924908000] dev=8 RADIO->APP (1 bytes)
    08                                               |.|
[15.926036000] dev=8 RADIO->APP (1 bytes)
    ff                                               |.|
[15.927161000] dev=8 RADIO->APP (1 bytes)
    ff                                               |.|
[15.928284000] dev=8 RADIO->APP (1 bytes)
    ff                                               |.|
[15.929408000] dev=8 RADIO->APP (1 bytes)
    ff                                               |.|
[15.930532000] dev=8 RADIO->APP (1 bytes)
    ff                                               |.|
[15.931659000] dev=8 RADIO->APP (1 bytes)
    ff                                               |.|
[15.932785000] dev=8 RADIO->APP (1 bytes)
    ff                                               |.|
[15.933891000] dev=8 RADIO->APP (1 bytes)
    ff                                               |.|
[15.962585000] dev=8 APP->RADIO (4 bytes)
    52 02 50 08                                      |R.P.|
[15.967916000] dev=8 RADIO->APP (1 bytes)
    57                                               |W|
[15.969035000] dev=8 RADIO->APP (1 bytes)
    02                                               |.|
[15.970090000] dev=8 RADIO->APP (1 bytes)
    50                                               |P|
[15.971210000] dev=8 RADIO->APP (1 bytes)
    08                                               |.|
[15.972337000] dev=8 RADIO->APP (1 bytes)
    ff                                               |.|
[15.973455000] dev=8 RADIO->APP (1 bytes)
    ff                                               |.|
[15.974587000] dev=8 RADIO->APP (1 bytes)
    ff                                               |.|
[15.975713000] dev=8 RADIO->APP (1 bytes)
    ff                                               |.|
[15.976841000] dev=8 RADIO->APP (1 bytes)
    ff                                               |.|
[15.978007000] dev=8 RADIO->APP (1 bytes)
    ff                                               |.|
[15.979085000] dev=8 RADIO->APP (1 bytes)
    ff                                               |.|
[15.980183000] dev=8 RADIO->APP (1 bytes)
    ff                                               |.|
[16.008676000] dev=8 APP->RADIO (4 bytes)
    52 02 58 08                                      |R.X.|
[16.014016000] dev=8 RADIO->APP (1 bytes)
    57                                               |W|
[16.015135000] dev=8 RADIO->APP (1 bytes)
    02                                               |.|
[16.016183000] dev=8 RADIO->APP (1 bytes)
    58                                               |X|
[16.017385000] dev=8 RADIO->APP (1 bytes)
    08                                               |.|
[16.018513000] dev=8 RADIO->APP (1 bytes)
    ff                                               |.|
[16.019559000] dev=8 RADIO->APP (1 bytes)
    ff                                               |.|
[16.020761000] dev=8 RADIO->APP (1 bytes)
    ff                                               |.|
[16.021893000] dev=8 RADIO->APP (1 bytes)
    ff                                               |.|
[16.023011000] dev=8 RADIO->APP (1 bytes)
    ff                                               |.|
[16.024136000] dev=8 RADIO->APP (1 bytes)
    ff                                               |.|
[16.025184000] dev=8 RADIO->APP (1 bytes)
    ff                                               |.|
[16.026333000] dev=8 RADIO->APP (1 bytes)
    ff                                               |.|
[16.055625000] dev=8 APP->RADIO (4 bytes)
    52 02 60 08                                      |R.`.|
[16.060886000] dev=8 RADIO->APP (1 bytes)
    57                                               |W|
[16.062032000] dev=8 RADIO->APP (1 bytes)
    02                                               |.|
[16.063132000] dev=8 RADIO->APP (1 bytes)
    60                                               |`|
[16.064258000] dev=8 RADIO->APP (1 bytes)
    08                                               |.|
[16.065386000] dev=8 RADIO->APP (1 bytes)
    ff                                               |.|
[16.066509000] dev=8 RADIO->APP (1 bytes)
    ff                                               |.|
[16.067711000] dev=8 RADIO->APP (1 bytes)
    ff                                               |.|
[16.068834000] dev=8 RADIO->APP (1 bytes)
    ff                                               |.|
[16.069959000] dev=8 RADIO->APP (1 bytes)
    ff                                               |.|
[16.071048000] dev=8 RADIO->APP (1 bytes)
    ff                                               |.|
[16.072210000] dev=8 RADIO->APP (1 bytes)
    ff                                               |.|
[16.073339000] dev=8 RADIO->APP (1 bytes)
    ff                                               |.|
[16.103386000] dev=8 APP->RADIO (4 bytes)
    52 02 68 08                                      |R.h.|
[16.108707000] dev=8 RADIO->APP (1 bytes)
    57                                               |W|
[16.109834000] dev=8 RADIO->APP (1 bytes)
    02                                               |.|
[16.110958000] dev=8 RADIO->APP (1 bytes)
    68                                               |h|
[16.112108000] dev=8 RADIO->APP (1 bytes)
    08                                               |.|
[16.113236000] dev=8 RADIO->APP (1 bytes)
    ff                                               |.|
[16.114304000] dev=8 RADIO->APP (1 bytes)
    ff                                               |.|
[16.115471000] dev=8 RADIO->APP (1 bytes)
    ff                                               |.|
[16.116611000] dev=8 RADIO->APP (1 bytes)
    ff                                               |.|
[16.117743000] dev=8 RADIO->APP (1 bytes)
    ff                                               |.|
[16.118770000] dev=8 RADIO->APP (1 bytes)
    ff                                               |.|
[16.119909000] dev=8 RADIO->APP (1 bytes)
    ff                                               |.|
[16.121107000] dev=8 RADIO->APP (1 bytes)
    ff                                               |.|
[16.149516000] dev=8 APP->RADIO (4 bytes)
    52 02 70 08                                      |R.p.|
[16.154836000] dev=8 RADIO->APP (1 bytes)
    57                                               |W|
[16.155959000] dev=8 RADIO->APP (1 bytes)
    02                                               |.|
[16.157109000] dev=8 RADIO->APP (1 bytes)
    70                                               |p|
[16.158216000] dev=8 RADIO->APP (1 bytes)
    08                                               |.|
[16.159262000] dev=8 RADIO->APP (1 bytes)
    ff                                               |.|
[16.160381000] dev=8 RADIO->APP (1 bytes)
    ff                                               |.|
[16.161506000] dev=8 RADIO->APP (1 bytes)
    ff                                               |.|
[16.162636000] dev=8 RADIO->APP (1 bytes)
    ff                                               |.|
[16.163734000] dev=8 RADIO->APP (1 bytes)
    ff                                               |.|
[16.164891000] dev=8 RADIO->APP (1 bytes)
    ff                                               |.|
[16.166032000] dev=8 RADIO->APP (1 bytes)
    ff                                               |.|
[16.167159000] dev=8 RADIO->APP (1 bytes)
    ff                                               |.|
[16.196769000] dev=8 APP->RADIO (4 bytes)
    52 02 78 08                                      |R.x.|
[16.202111000] dev=8 RADIO->APP (1 bytes)
    57                                               |W|
[16.203242000] dev=8 RADIO->APP (1 bytes)
    02                                               |.|
[16.204261000] dev=8 RADIO->APP (1 bytes)
    78                                               |x|
[16.205408000] dev=8 RADIO->APP (1 bytes)
    08                                               |.|
[16.206607000] dev=8 RADIO->APP (1 bytes)
    ff                                               |.|
[16.207735000] dev=8 RADIO->APP (1 bytes)
    ff                                               |.|
[16.208858000] dev=8 RADIO->APP (1 bytes)
    ff                                               |.|
[16.209983000] dev=8 RADIO->APP (1 bytes)
    ff                                               |.|
[16.211113000] dev=8 RADIO->APP (1 bytes)
    ff                                               |.|
[16.212330000] dev=8 RADIO->APP (1 bytes)
    ff                                               |.|
[16.213365000] dev=8 RADIO->APP (1 bytes)
    ff                                               |.|
[16.214407000] dev=8 RADIO->APP (1 bytes)
    ff                                               |.|
[16.243441000] dev=8 APP->RADIO (4 bytes)
    52 02 80 08                                      |R...|
[16.248766000] dev=8 RADIO->APP (1 bytes)
    57                                               |W|
[16.249887000] dev=8 RADIO->APP (1 bytes)
    02                                               |.|
[16.251012000] dev=8 RADIO->APP (1 bytes)
    80                                               |.|
[16.252139000] dev=8 RADIO->APP (1 bytes)
    08                                               |.|
[16.253212000] dev=8 RADIO->APP (1 bytes)
    ff                                               |.|
[16.254362000] dev=8 RADIO->APP (1 bytes)
    ff                                               |.|
[16.255529000] dev=8 RADIO->APP (1 bytes)
    ff                                               |.|
[16.256659000] dev=8 RADIO->APP (1 bytes)
    ff                                               |.|
[16.257785000] dev=8 RADIO->APP (1 bytes)
    ff                                               |.|
[16.258911000] dev=8 RADIO->APP (1 bytes)
    ff                                               |.|
[16.260109000] dev=8 RADIO->APP (1 bytes)
    ff                                               |.|
[16.261167000] dev=8 RADIO->APP (1 bytes)
    ff                                               |.|
[16.289634000] dev=8 APP->RADIO (4 bytes)
    52 02 88 08                                      |R...|
[16.294885000] dev=8 RADIO->APP (1 bytes)
    57                                               |W|
[16.296032000] dev=8 RADIO->APP (1 bytes)
    02                                               |.|
[16.297135000] dev=8 RADIO->APP (1 bytes)
    88                                               |.|
[16.298259000] dev=8 RADIO->APP (1 bytes)
    08                                               |.|
[16.299410000] dev=8 RADIO->APP (1 bytes)
    ff                                               |.|
[16.300534000] dev=8 RADIO->APP (1 bytes)
    ff                                               |.|
[16.301736000] dev=8 RADIO->APP (1 bytes)
    ff                                               |.|
[16.302844000] dev=8 RADIO->APP (1 bytes)
    ff                                               |.|
[16.303911000] dev=8 RADIO->APP (1 bytes)
    ff                                               |.|
[16.305111000] dev=8 RADIO->APP (1 bytes)
    ff                                               |.|
[16.306241000] dev=8 RADIO->APP (1 bytes)
    ff                                               |.|
[16.307306000] dev=8 RADIO->APP (1 bytes)
    ff                                               |.|
[16.335954000] dev=8 APP->RADIO (4 bytes)
    52 02 90 08                                      |R...|
[16.341289000] dev=8 RADIO->APP (1 bytes)
    57                                               |W|
[16.342410000] dev=8 RADIO->APP (1 bytes)
    02                                               |.|
[16.343536000] dev=8 RADIO->APP (1 bytes)
    90                                               |.|
[16.344584000] dev=8 RADIO->APP (1 bytes)
    08                                               |.|
[16.345726000] dev=8 RADIO->APP (1 bytes)
    ff                                               |.|
[16.346807000] dev=8 RADIO->APP (1 bytes)
    ff                                               |.|
[16.348115000] dev=8 RADIO->APP (1 bytes)
    ff                                               |.|
[16.349114000] dev=8 RADIO->APP (1 bytes)
    ff                                               |.|
[16.350236000] dev=8 RADIO->APP (1 bytes)
    ff                                               |.|
[16.351332000] dev=8 RADIO->APP (1 bytes)
    ff                                               |.|
[16.352461000] dev=8 RADIO->APP (1 bytes)
    ff                                               |.|
[16.353588000] dev=8 RADIO->APP (1 bytes)
    ff                                               |.|
[16.382956000] dev=8 APP->RADIO (4 bytes)
    52 02 98 08                                      |R...|
[16.388287000] dev=8 RADIO->APP (1 bytes)
    57                                               |W|
[16.389414000] dev=8 RADIO->APP (1 bytes)
    02                                               |.|
[16.390536000] dev=8 RADIO->APP (1 bytes)
    98                                               |.|
[16.391661000] dev=8 RADIO->APP (1 bytes)
    08                                               |.|
[16.392786000] dev=8 RADIO->APP (1 bytes)
    ff                                               |.|
[16.393835000] dev=8 RADIO->APP (1 bytes)
    ff                                               |.|
[16.395031000] dev=8 RADIO->APP (1 bytes)
    ff                                               |.|
[16.396109000] dev=8 RADIO->APP (1 bytes)
    ff                                               |.|
[16.397235000] dev=8 RADIO->APP (1 bytes)
    ff                                               |.|
[16.398379000] dev=8 RADIO->APP (1 bytes)
    ff                                               |.|
[16.399491000] dev=8 RADIO->APP (1 bytes)
    ff                                               |.|
[16.400606000] dev=8 RADIO->APP (1 bytes)
    ff                                               |.|
[16.430052000] dev=8 APP->RADIO (4 bytes)
    52 02 a0 08                                      |R...|
[16.435413000] dev=8 RADIO->APP (1 bytes)
    57                                               |W|
[16.436536000] dev=8 RADIO->APP (1 bytes)
    02                                               |.|
[16.437559000] dev=8 RADIO->APP (1 bytes)
    a0                                               |.|
[16.438708000] dev=8 RADIO->APP (1 bytes)
    08                                               |.|
[16.439910000] dev=8 RADIO->APP (1 bytes)
    ff                                               |.|
[16.441109000] dev=8 RADIO->APP (1 bytes)
    ff                                               |.|
[16.442162000] dev=8 RADIO->APP (1 bytes)
    ff                                               |.|
[16.443215000] dev=8 RADIO->APP (1 bytes)
    ff                                               |.|
[16.444412000] dev=8 RADIO->APP (1 bytes)
    ff                                               |.|
[16.445470000] dev=8 RADIO->APP (1 bytes)
    ff                                               |.|
[16.446558000] dev=8 RADIO->APP (1 bytes)
    ff                                               |.|
[16.447785000] dev=8 RADIO->APP (1 bytes)
    ff                                               |.|
[16.476069000] dev=8 APP->RADIO (4 bytes)
    52 02 a8 08                                      |R...|
[16.481349000] dev=8 RADIO->APP (1 bytes)
    57                                               |W|
[16.482437000] dev=8 RADIO->APP (1 bytes)
    02                                               |.|
[16.483582000] dev=8 RADIO->APP (1 bytes)
    a8                                               |.|
[16.484683000] dev=8 RADIO->APP (1 bytes)
    08                                               |.|
[16.485834000] dev=8 RADIO->APP (1 bytes)
    ff                                               |.|
[16.487033000] dev=8 RADIO->APP (1 bytes)
    ff                                               |.|
[16.488087000] dev=8 RADIO->APP (1 bytes)
    ff                                               |.|
[16.489209000] dev=8 RADIO->APP (1 bytes)
    ff                                               |.|
[16.490334000] dev=8 RADIO->APP (1 bytes)
    ff                                               |.|
[16.491469000] dev=8 RADIO->APP (1 bytes)
    ff                                               |.|
[16.492607000] dev=8 RADIO->APP (1 bytes)
    ff                                               |.|
[16.493810000] dev=8 RADIO->APP (1 bytes)
    ff                                               |.|
[16.522459000] dev=8 APP->RADIO (4 bytes)
    52 02 b0 08                                      |R...|
[16.527687000] dev=8 RADIO->APP (1 bytes)
    57                                               |W|
[16.528808000] dev=8 RADIO->APP (1 bytes)
    02                                               |.|
[16.530009000] dev=8 RADIO->APP (1 bytes)
    b0                                               |.|
[16.531058000] dev=8 RADIO->APP (1 bytes)
    08                                               |.|
[16.532182000] dev=8 RADIO->APP (1 bytes)
    ff                                               |.|
[16.533339000] dev=8 RADIO->APP (1 bytes)
    ff                                               |.|
[16.534457000] dev=8 RADIO->APP (1 bytes)
    ff                                               |.|
[16.535659000] dev=8 RADIO->APP (1 bytes)
    ff                                               |.|
[16.536788000] dev=8 RADIO->APP (1 bytes)
    ff                                               |.|
[16.537840000] dev=8 RADIO->APP (1 bytes)
    ff                                               |.|
[16.539009000] dev=8 RADIO->APP (1 bytes)
    ff                                               |.|
[16.540058000] dev=8 RADIO->APP (1 bytes)
    ff                                               |.|
[16.569013000] dev=8 APP->RADIO (4 bytes)
    52 02 b8 08                                      |R...|
[16.574259000] dev=8 RADIO->APP (1 bytes)
    57                                               |W|
[16.575364000] dev=8 RADIO->APP (1 bytes)
    02                                               |.|
[16.576585000] dev=8 RADIO->APP (1 bytes)
    b8                                               |.|
[16.577711000] dev=8 RADIO->APP (1 bytes)
    08                                               |.|
[16.578838000] dev=8 RADIO->APP (1 bytes)
    ff                                               |.|
[16.579961000] dev=8 RADIO->APP (1 bytes)
    ff                                               |.|
[16.581111000] dev=8 RADIO->APP (1 bytes)
    ff                                               |.|
[16.582210000] dev=8 RADIO->APP (1 bytes)
    ff                                               |.|
[16.583292000] dev=8 RADIO->APP (1 bytes)
    ff                                               |.|
[16.584360000] dev=8 RADIO->APP (1 bytes)
    ff                                               |.|
[16.585586000] dev=8 RADIO->APP (1 bytes)
    ff                                               |.|
[16.586711000] dev=8 RADIO->APP (1 bytes)
    ff                                               |.|
[16.615125000] dev=8 APP->RADIO (4 bytes)
    52 02 c0 08                                      |R...|
[16.620435000] dev=8 RADIO->APP (1 bytes)
    57                                               |W|
[16.621561000] dev=8 RADIO->APP (1 bytes)
    02                                               |.|
[16.622669000] dev=8 RADIO->APP (1 bytes)
    c0                                               |.|
[16.623759000] dev=8 RADIO->APP (1 bytes)
    08                                               |.|
[16.624933000] dev=8 RADIO->APP (1 bytes)
    ff                                               |.|
[16.626108000] dev=8 RADIO->APP (1 bytes)
    ff                                               |.|
[16.627208000] dev=8 RADIO->APP (1 bytes)
    ff                                               |.|
[16.628258000] dev=8 RADIO->APP (1 bytes)
    ff                                               |.|
[16.629358000] dev=8 RADIO->APP (1 bytes)
    ff                                               |.|
[16.630484000] dev=8 RADIO->APP (1 bytes)
    ff                                               |.|
[16.631614000] dev=8 RADIO->APP (1 bytes)
    ff                                               |.|
[16.632733000] dev=8 RADIO->APP (1 bytes)
    ff                                               |.|
[16.662440000] dev=8 APP->RADIO (4 bytes)
    52 02 c8 08                                      |R...|
[16.667788000] dev=8 RADIO->APP (1 bytes)
    57                                               |W|
[16.668911000] dev=8 RADIO->APP (1 bytes)
    02                                               |.|
[16.670068000] dev=8 RADIO->APP (1 bytes)
    c8                                               |.|
[16.671069000] dev=8 RADIO->APP (1 bytes)
    08                                               |.|
[16.672290000] dev=8 RADIO->APP (1 bytes)
    ff                                               |.|
[16.673409000] dev=8 RADIO->APP (1 bytes)
    ff                                               |.|
[16.674533000] dev=8 RADIO->APP (1 bytes)
    ff                                               |.|
[16.675581000] dev=8 RADIO->APP (1 bytes)
    ff                                               |.|
[16.676783000] dev=8 RADIO->APP (1 bytes)
    ff                                               |.|
[16.677909000] dev=8 RADIO->APP (1 bytes)
    ff                                               |.|
[16.679008000] dev=8 RADIO->APP (1 bytes)
    ff                                               |.|
[16.680069000] dev=8 RADIO->APP (1 bytes)
    ff                                               |.|
[16.708862000] dev=8 APP->RADIO (4 bytes)
    52 02 d0 08                                      |R...|
[16.714098000] dev=8 RADIO->APP (1 bytes)
    57                                               |W|
[16.715237000] dev=8 RADIO->APP (1 bytes)
    02                                               |.|
[16.716360000] dev=8 RADIO->APP (1 bytes)
    d0                                               |.|
[16.717512000] dev=8 RADIO->APP (1 bytes)
    08                                               |.|
[16.718634000] dev=8 RADIO->APP (1 bytes)
    ff                                               |.|
[16.719759000] dev=8 RADIO->APP (1 bytes)
    ff                                               |.|
[16.720889000] dev=8 RADIO->APP (1 bytes)
    ff                                               |.|
[16.722041000] dev=8 RADIO->APP (1 bytes)
    ff                                               |.|
[16.723136000] dev=8 RADIO->APP (1 bytes)
    ff                                               |.|
[16.724259000] dev=8 RADIO->APP (1 bytes)
    ff                                               |.|
[16.725385000] dev=8 RADIO->APP (1 bytes)
    ff                                               |.|
[16.726509000] dev=8 RADIO->APP (1 bytes)
    ff                                               |.|
[16.756502000] dev=8 APP->RADIO (4 bytes)
    52 02 d8 08                                      |R...|
[16.761764000] dev=8 RADIO->APP (1 bytes)
    57                                               |W|
[16.762884000] dev=8 RADIO->APP (1 bytes)
    02                                               |.|
[16.764034000] dev=8 RADIO->APP (1 bytes)
    d8                                               |.|
[16.765133000] dev=8 RADIO->APP (1 bytes)
    08                                               |.|
[16.766256000] dev=8 RADIO->APP (1 bytes)
    ff                                               |.|
[16.767383000] dev=8 RADIO->APP (1 bytes)
    ff                                               |.|
[16.768506000] dev=8 RADIO->APP (1 bytes)
    ff                                               |.|
[16.769634000] dev=8 RADIO->APP (1 bytes)
    ff                                               |.|
[16.770760000] dev=8 RADIO->APP (1 bytes)
    ff                                               |.|
[16.771884000] dev=8 RADIO->APP (1 bytes)
    ff                                               |.|
[16.773034000] dev=8 RADIO->APP (1 bytes)
    ff                                               |.|
[16.774135000] dev=8 RADIO->APP (1 bytes)
    ff                                               |.|
[16.804420000] dev=8 APP->RADIO (4 bytes)
    52 02 e0 08                                      |R...|
[16.809694000] dev=8 RADIO->APP (1 bytes)
    57                                               |W|
[16.810823000] dev=8 RADIO->APP (1 bytes)
    02                                               |.|
[16.811935000] dev=8 RADIO->APP (1 bytes)
    e0                                               |.|
[16.813032000] dev=8 RADIO->APP (1 bytes)
    08                                               |.|
[16.814191000] dev=8 RADIO->APP (1 bytes)
    ff                                               |.|
[16.815310000] dev=8 RADIO->APP (1 bytes)
    ff                                               |.|
[16.816434000] dev=8 RADIO->APP (1 bytes)
    ff                                               |.|
[16.817557000] dev=8 RADIO->APP (1 bytes)
    ff                                               |.|
[16.818678000] dev=8 RADIO->APP (1 bytes)
    ff                                               |.|
[16.819788000] dev=8 RADIO->APP (1 bytes)
    ff                                               |.|
[16.820932000] dev=8 RADIO->APP (1 bytes)
    ff                                               |.|
[16.822059000] dev=8 RADIO->APP (1 bytes)
    ff                                               |.|
[16.851028000] dev=8 APP->RADIO (4 bytes)
    52 02 e8 08                                      |R...|
[16.856322000] dev=8 RADIO->APP (1 bytes)
    57                                               |W|
[16.857414000] dev=8 RADIO->APP (1 bytes)
    02                                               |.|
[16.858564000] dev=8 RADIO->APP (1 bytes)
    e8                                               |.|
[16.859692000] dev=8 RADIO->APP (1 bytes)
    08                                               |.|
[16.860839000] dev=8 RADIO->APP (1 bytes)
    ff                                               |.|
[16.861906000] dev=8 RADIO->APP (1 bytes)
    ff                                               |.|
[16.863027000] dev=8 RADIO->APP (1 bytes)
    ff                                               |.|
[16.864159000] dev=8 RADIO->APP (1 bytes)
    ff                                               |.|
[16.865283000] dev=8 RADIO->APP (1 bytes)
    ff                                               |.|
[16.866406000] dev=8 RADIO->APP (1 bytes)
    ff                                               |.|
[16.867536000] dev=8 RADIO->APP (1 bytes)
    ff                                               |.|
[16.868657000] dev=8 RADIO->APP (1 bytes)
    ff                                               |.|
[16.897857000] dev=8 APP->RADIO (4 bytes)
    52 02 f0 08                                      |R...|
[16.903192000] dev=8 RADIO->APP (1 bytes)
    57                                               |W|
[16.904256000] dev=8 RADIO->APP (1 bytes)
    02                                               |.|
[16.905438000] dev=8 RADIO->APP (1 bytes)
    f0                                               |.|
[16.906546000] dev=8 RADIO->APP (1 bytes)
    08                                               |.|
[16.907634000] dev=8 RADIO->APP (1 bytes)
    ff                                               |.|
[16.908811000] dev=8 RADIO->APP (1 bytes)
    ff                                               |.|
[16.909934000] dev=8 RADIO->APP (1 bytes)
    ff                                               |.|
[16.911109000] dev=8 RADIO->APP (1 bytes)
    ff                                               |.|
[16.912210000] dev=8 RADIO->APP (1 bytes)
    ff                                               |.|
[16.913233000] dev=8 RADIO->APP (1 bytes)
    ff                                               |.|
[16.914464000] dev=8 RADIO->APP (1 bytes)
    ff                                               |.|
[16.915481000] dev=8 RADIO->APP (1 bytes)
    ff                                               |.|
[16.944511000] dev=8 APP->RADIO (4 bytes)
    52 02 f8 08                                      |R...|
[16.949766000] dev=8 RADIO->APP (1 bytes)
    57                                               |W|
[16.950884000] dev=8 RADIO->APP (1 bytes)
    02                                               |.|
[16.952034000] dev=8 RADIO->APP (1 bytes)
    f8                                               |.|
[16.953133000] dev=8 RADIO->APP (1 bytes)
    08                                               |.|
[16.954258000] dev=8 RADIO->APP (1 bytes)
    ff                                               |.|
[16.955387000] dev=8 RADIO->APP (1 bytes)
    ff                                               |.|
[16.956509000] dev=8 RADIO->APP (1 bytes)
    ff                                               |.|
[16.957632000] dev=8 RADIO->APP (1 bytes)
    ff                                               |.|
[16.958764000] dev=8 RADIO->APP (1 bytes)
    ff                                               |.|
[16.959882000] dev=8 RADIO->APP (1 bytes)
    ff                                               |.|
[16.961033000] dev=8 RADIO->APP (1 bytes)
    ff                                               |.|
[16.962136000] dev=8 RADIO->APP (1 bytes)
    ff                                               |.|
[16.991475000] dev=8 APP->RADIO (4 bytes)
    52 03 00 08                                      |R...|
[16.996713000] dev=8 RADIO->APP (1 bytes)
    57                                               |W|
[16.997859000] dev=8 RADIO->APP (1 bytes)
    03                                               |.|
[16.999009000] dev=8 RADIO->APP (1 bytes)
    00                                               |.|
[17.000108000] dev=8 RADIO->APP (1 bytes)
    08                                               |.|
[17.001233000] dev=8 RADIO->APP (1 bytes)
    ff                                               |.|
[17.002387000] dev=8 RADIO->APP (1 bytes)
    ff                                               |.|
[17.003511000] dev=8 RADIO->APP (1 bytes)
    ff                                               |.|
[17.004633000] dev=8 RADIO->APP (1 bytes)
    ff                                               |.|
[17.005760000] dev=8 RADIO->APP (1 bytes)
    ff                                               |.|
[17.006859000] dev=8 RADIO->APP (1 bytes)
    ff                                               |.|
[17.008035000] dev=8 RADIO->APP (1 bytes)
    ff                                               |.|
[17.009132000] dev=8 RADIO->APP (1 bytes)
    ff                                               |.|
[17.029778000] dev=8 APP->RADIO (4 bytes)
    52 03 08 08                                      |R...|
[17.035142000] dev=8 RADIO->APP (1 bytes)
    57                                               |W|
[17.036263000] dev=8 RADIO->APP (1 bytes)
    03                                               |.|
[17.037386000] dev=8 RADIO->APP (1 bytes)
    08                                               |.|
[17.038510000] dev=8 RADIO->APP (1 bytes)
    08                                               |.|
[17.039636000] dev=8 RADIO->APP (1 bytes)
    ff                                               |.|
[17.040761000] dev=8 RADIO->APP (1 bytes)
    ff                                               |.|
[17.041886000] dev=8 RADIO->APP (1 bytes)
    ff                                               |.|
[17.043010000] dev=8 RADIO->APP (1 bytes)
    ff                                               |.|
[17.044135000] dev=8 RADIO->APP (1 bytes)
    ff                                               |.|
[17.045255000] dev=8 RADIO->APP (1 bytes)
    ff                                               |.|
[17.046302000] dev=8 RADIO->APP (1 bytes)
    ff                                               |.|
[17.047416000] dev=8 RADIO->APP (1 bytes)
    ff                                               |.|
[17.078232000] dev=8 APP->RADIO (4 bytes)
    52 03 10 08                                      |R...|
[17.083461000] dev=8 RADIO->APP (1 bytes)
    57                                               |W|
[17.084628000] dev=8 RADIO->APP (1 bytes)
    03                                               |.|
[17.085781000] dev=8 RADIO->APP (1 bytes)
    10                                               |.|
[17.086937000] dev=8 RADIO->APP (1 bytes)
    08                                               |.|
[17.088113000] dev=8 RADIO->APP (1 bytes)
    ff                                               |.|
[17.089189000] dev=8 RADIO->APP (1 bytes)
    ff                                               |.|
[17.090315000] dev=8 RADIO->APP (1 bytes)
    ff                                               |.|
[17.091434000] dev=8 RADIO->APP (1 bytes)
    ff                                               |.|
[17.092560000] dev=8 RADIO->APP (1 bytes)
    ff                                               |.|
[17.093663000] dev=8 RADIO->APP (1 bytes)
    ff                                               |.|
[17.094813000] dev=8 RADIO->APP (1 bytes)
    ff                                               |.|
[17.095833000] dev=8 RADIO->APP (1 bytes)
    ff                                               |.|
[17.125314000] dev=8 APP->RADIO (4 bytes)
    52 03 18 08                                      |R...|
[17.130664000] dev=8 RADIO->APP (1 bytes)
    57                                               |W|
[17.131799000] dev=8 RADIO->APP (1 bytes)
    03                                               |.|
[17.132909000] dev=8 RADIO->APP (1 bytes)
    18                                               |.|
[17.134109000] dev=8 RADIO->APP (1 bytes)
    08                                               |.|
[17.135164000] dev=8 RADIO->APP (1 bytes)
    ff                                               |.|
[17.136286000] dev=8 RADIO->APP (1 bytes)
    ff                                               |.|
[17.137418000] dev=8 RADIO->APP (1 bytes)
    ff                                               |.|
[17.138478000] dev=8 RADIO->APP (1 bytes)
    ff                                               |.|
[17.139660000] dev=8 RADIO->APP (1 bytes)
    ff                                               |.|
[17.140709000] dev=8 RADIO->APP (1 bytes)
    ff                                               |.|
[17.141837000] dev=8 RADIO->APP (1 bytes)
    ff                                               |.|
[17.143109000] dev=8 RADIO->APP (1 bytes)
    ff                                               |.|
[17.172000000] dev=8 APP->RADIO (4 bytes)
    52 03 20 08                                      |R. .|
[17.177344000] dev=8 RADIO->APP (1 bytes)
    57                                               |W|
[17.178459000] dev=8 RADIO->APP (1 bytes)
    03                                               |.|
[17.179509000] dev=8 RADIO->APP (1 bytes)
    20                                               | |
[17.180712000] dev=8 RADIO->APP (1 bytes)
    08                                               |.|
[17.181835000] dev=8 RADIO->APP (1 bytes)
    ff                                               |.|
[17.182961000] dev=8 RADIO->APP (1 bytes)
    ff                                               |.|
[17.184034000] dev=8 RADIO->APP (1 bytes)
    ff                                               |.|
[17.185210000] dev=8 RADIO->APP (1 bytes)
    ff                                               |.|
[17.186336000] dev=8 RADIO->APP (1 bytes)
    ff                                               |.|
[17.187359000] dev=8 RADIO->APP (1 bytes)
    ff                                               |.|
[17.188585000] dev=8 RADIO->APP (1 bytes)
    ff                                               |.|
[17.189710000] dev=8 RADIO->APP (1 bytes)
    ff                                               |.|
[17.218413000] dev=8 APP->RADIO (4 bytes)
    52 03 28 08                                      |R.(.|
[17.223688000] dev=8 RADIO->APP (1 bytes)
    57                                               |W|
[17.224811000] dev=8 RADIO->APP (1 bytes)
    03                                               |.|
[17.225936000] dev=8 RADIO->APP (1 bytes)
    28                                               |(|
[17.227060000] dev=8 RADIO->APP (1 bytes)
    08                                               |.|
[17.228184000] dev=8 RADIO->APP (1 bytes)
    ff                                               |.|
[17.229309000] dev=8 RADIO->APP (1 bytes)
    ff                                               |.|
[17.230511000] dev=8 RADIO->APP (1 bytes)
    ff                                               |.|
[17.231657000] dev=8 RADIO->APP (1 bytes)
    ff                                               |.|
[17.232681000] dev=8 RADIO->APP (1 bytes)
    ff                                               |.|
[17.233817000] dev=8 RADIO->APP (1 bytes)
    ff                                               |.|
[17.234938000] dev=8 RADIO->APP (1 bytes)
    ff                                               |.|
[17.236136000] dev=8 RADIO->APP (1 bytes)
    ff                                               |.|
[17.265225000] dev=8 APP->RADIO (4 bytes)
    52 03 30 08                                      |R.0.|
[17.270561000] dev=8 RADIO->APP (1 bytes)
    57                                               |W|
[17.271684000] dev=8 RADIO->APP (1 bytes)
    03                                               |.|
[17.272812000] dev=8 RADIO->APP (1 bytes)
    30                                               |0|
[17.273899000] dev=8 RADIO->APP (1 bytes)
    08                                               |.|
[17.275110000] dev=8 RADIO->APP (1 bytes)
    ff                                               |.|
[17.276184000] dev=8 RADIO->APP (1 bytes)
    ff                                               |.|
[17.277323000] dev=8 RADIO->APP (1 bytes)
    ff                                               |.|
[17.278434000] dev=8 RADIO->APP (1 bytes)
    ff                                               |.|
[17.279479000] dev=8 RADIO->APP (1 bytes)
    ff                                               |.|
[17.280608000] dev=8 RADIO->APP (1 bytes)
    ff                                               |.|
[17.281811000] dev=8 RADIO->APP (1 bytes)
    ff                                               |.|
[17.282936000] dev=8 RADIO->APP (1 bytes)
    ff                                               |.|
[17.310713000] dev=8 APP->RADIO (4 bytes)
    52 03 38 08                                      |R.8.|
[17.316115000] dev=8 RADIO->APP (1 bytes)
    57                                               |W|
[17.317058000] dev=8 RADIO->APP (1 bytes)
    03                                               |.|
[17.318181000] dev=8 RADIO->APP (1 bytes)
    38                                               |8|
[17.319333000] dev=8 RADIO->APP (1 bytes)
    08                                               |.|
[17.320457000] dev=8 RADIO->APP (1 bytes)
    ff                                               |.|
[17.321582000] dev=8 RADIO->APP (1 bytes)
    ff                                               |.|
[17.322711000] dev=8 RADIO->APP (1 bytes)
    ff                                               |.|
[17.323832000] dev=8 RADIO->APP (1 bytes)
    ff                                               |.|
[17.325035000] dev=8 RADIO->APP (1 bytes)
    ff                                               |.|
[17.326095000] dev=8 RADIO->APP (1 bytes)
    ff                                               |.|
[17.327210000] dev=8 RADIO->APP (1 bytes)
    ff                                               |.|
[17.328325000] dev=8 RADIO->APP (1 bytes)
    ff                                               |.|
[17.356676000] dev=8 APP->RADIO (4 bytes)
    52 03 40 08                                      |R.@.|
[17.361935000] dev=8 RADIO->APP (1 bytes)
    57                                               |W|
[17.363069000] dev=8 RADIO->APP (1 bytes)
    03                                               |.|
[17.364184000] dev=8 RADIO->APP (1 bytes)
    40                                               |@|
[17.365282000] dev=8 RADIO->APP (1 bytes)
    08                                               |.|
[17.366427000] dev=8 RADIO->APP (1 bytes)
    ff                                               |.|
[17.367638000] dev=8 RADIO->APP (1 bytes)
    ff                                               |.|
[17.368725000] dev=8 RADIO->APP (1 bytes)
    ff                                               |.|
[17.369886000] dev=8 RADIO->APP (1 bytes)
    ff                                               |.|
[17.371014000] dev=8 RADIO->APP (1 bytes)
    ff                                               |.|
[17.372190000] dev=8 RADIO->APP (1 bytes)
    ff                                               |.|
[17.373213000] dev=8 RADIO->APP (1 bytes)
    ff                                               |.|
[17.374312000] dev=8 RADIO->APP (1 bytes)
    ff                                               |.|
[17.403626000] dev=8 APP->RADIO (4 bytes)
    52 03 48 08                                      |R.H.|
[17.408887000] dev=8 RADIO->APP (1 bytes)
    57                                               |W|
[17.410110000] dev=8 RADIO->APP (1 bytes)
    03                                               |.|
[17.411209000] dev=8 RADIO->APP (1 bytes)
    48                                               |H|
[17.412375000] dev=8 RADIO->APP (1 bytes)
    08                                               |.|
[17.413397000] dev=8 RADIO->APP (1 bytes)
    ff                                               |.|
[17.414485000] dev=8 RADIO->APP (1 bytes)
    ff                                               |.|
[17.415607000] dev=8 RADIO->APP (1 bytes)
    ff                                               |.|
[17.416733000] dev=8 RADIO->APP (1 bytes)
    ff                                               |.|
[17.417912000] dev=8 RADIO->APP (1 bytes)
    ff                                               |.|
[17.419016000] dev=8 RADIO->APP (1 bytes)
    ff                                               |.|
[17.420212000] dev=8 RADIO->APP (1 bytes)
    ff                                               |.|
[17.421337000] dev=8 RADIO->APP (1 bytes)
    ff                                               |.|
[17.450346000] dev=8 APP->RADIO (4 bytes)
    52 03 50 08                                      |R.P.|
[17.455613000] dev=8 RADIO->APP (1 bytes)
    57                                               |W|
[17.456733000] dev=8 RADIO->APP (1 bytes)
    03                                               |.|
[17.457859000] dev=8 RADIO->APP (1 bytes)
    50                                               |P|
[17.459036000] dev=8 RADIO->APP (1 bytes)
    08                                               |.|
[17.460109000] dev=8 RADIO->APP (1 bytes)
    ff                                               |.|
[17.461231000] dev=8 RADIO->APP (1 bytes)
    ff                                               |.|
[17.462398000] dev=8 RADIO->APP (1 bytes)
    ff                                               |.|
[17.463560000] dev=8 RADIO->APP (1 bytes)
    ff                                               |.|
[17.464668000] dev=8 RADIO->APP (1 bytes)
    ff                                               |.|
[17.465709000] dev=8 RADIO->APP (1 bytes)
    ff                                               |.|
[17.466934000] dev=8 RADIO->APP (1 bytes)
    ff                                               |.|
[17.468007000] dev=8 RADIO->APP (1 bytes)
    ff                                               |.|
[17.496961000] dev=8 APP->RADIO (4 bytes)
    52 03 58 08                                      |R.X.|
[17.502251000] dev=8 RADIO->APP (1 bytes)
    57                                               |W|
[17.503351000] dev=8 RADIO->APP (1 bytes)
    03                                               |.|
[17.504461000] dev=8 RADIO->APP (1 bytes)
    58                                               |X|
[17.505583000] dev=8 RADIO->APP (1 bytes)
    08                                               |.|
[17.506708000] dev=8 RADIO->APP (1 bytes)
    ff                                               |.|
[17.507907000] dev=8 RADIO->APP (1 bytes)
    ff                                               |.|
[17.509009000] dev=8 RADIO->APP (1 bytes)
    ff                                               |.|
[17.510117000] dev=8 RADIO->APP (1 bytes)
    ff                                               |.|
[17.511185000] dev=8 RADIO->APP (1 bytes)
    ff                                               |.|
[17.512386000] dev=8 RADIO->APP (1 bytes)
    ff                                               |.|
[17.513514000] dev=8 RADIO->APP (1 bytes)
    ff                                               |.|
[17.514556000] dev=8 RADIO->APP (1 bytes)
    ff                                               |.|
[17.544309000] dev=8 APP->RADIO (4 bytes)
    52 03 60 08                                      |R.`.|
[17.549633000] dev=8 RADIO->APP (1 bytes)
    57                                               |W|
[17.550722000] dev=8 RADIO->APP (1 bytes)
    03                                               |.|
[17.551783000] dev=8 RADIO->APP (1 bytes)
    60                                               |`|
[17.552932000] dev=8 RADIO->APP (1 bytes)
    08                                               |.|
[17.554057000] dev=8 RADIO->APP (1 bytes)
    ff                                               |.|
[17.555183000] dev=8 RADIO->APP (1 bytes)
    ff                                               |.|
[17.556294000] dev=8 RADIO->APP (1 bytes)
    ff                                               |.|
[17.557456000] dev=8 RADIO->APP (1 bytes)
    ff                                               |.|
[17.558583000] dev=8 RADIO->APP (1 bytes)
    ff                                               |.|
[17.559688000] dev=8 RADIO->APP (1 bytes)
    ff                                               |.|
[17.560811000] dev=8 RADIO->APP (1 bytes)
    ff                                               |.|
[17.562032000] dev=8 RADIO->APP (1 bytes)
    ff                                               |.|
[17.590029000] dev=8 APP->RADIO (4 bytes)
    52 03 68 08                                      |R.h.|
[17.595286000] dev=8 RADIO->APP (1 bytes)
    57                                               |W|
[17.596384000] dev=8 RADIO->APP (1 bytes)
    03                                               |.|
[17.597608000] dev=8 RADIO->APP (1 bytes)
    68                                               |h|
[17.598671000] dev=8 RADIO->APP (1 bytes)
    08                                               |.|
[17.599854000] dev=8 RADIO->APP (1 bytes)
    ff                                               |.|
[17.600978000] dev=8 RADIO->APP (1 bytes)
    ff                                               |.|
[17.602106000] dev=8 RADIO->APP (1 bytes)
    ff                                               |.|
[17.603232000] dev=8 RADIO->APP (1 bytes)
    ff                                               |.|
[17.604304000] dev=8 RADIO->APP (1 bytes)
    ff                                               |.|
[17.605384000] dev=8 RADIO->APP (1 bytes)
    ff                                               |.|
[17.606508000] dev=8 RADIO->APP (1 bytes)
    ff                                               |.|
[17.607738000] dev=8 RADIO->APP (1 bytes)
    ff                                               |.|
[17.636459000] dev=8 APP->RADIO (4 bytes)
    52 03 70 08                                      |R.p.|
[17.641694000] dev=8 RADIO->APP (1 bytes)
    57                                               |W|
[17.642904000] dev=8 RADIO->APP (1 bytes)
    03                                               |.|
[17.644108000] dev=8 RADIO->APP (1 bytes)
    70                                               |p|
[17.645153000] dev=8 RADIO->APP (1 bytes)
    08                                               |.|
[17.646183000] dev=8 RADIO->APP (1 bytes)
    ff                                               |.|
[17.647440000] dev=8 RADIO->APP (1 bytes)
    ff                                               |.|
[17.648473000] dev=8 RADIO->APP (1 bytes)
    ff                                               |.|
[17.649584000] dev=8 RADIO->APP (1 bytes)
    ff                                               |.|
[17.650778000] dev=8 RADIO->APP (1 bytes)
    ff                                               |.|
[17.651907000] dev=8 RADIO->APP (1 bytes)
    ff                                               |.|
[17.653010000] dev=8 RADIO->APP (1 bytes)
    ff                                               |.|
[17.654057000] dev=8 RADIO->APP (1 bytes)
    ff                                               |.|
[17.683474000] dev=8 APP->RADIO (4 bytes)
    52 03 78 08                                      |R.x.|
[17.688727000] dev=8 RADIO->APP (1 bytes)
    57                                               |W|
[17.689862000] dev=8 RADIO->APP (1 bytes)
    03                                               |.|
[17.691108000] dev=8 RADIO->APP (1 bytes)
    78                                               |x|
[17.692183000] dev=8 RADIO->APP (1 bytes)
    08                                               |.|
[17.693308000] dev=8 RADIO->APP (1 bytes)
    ff                                               |.|
[17.694433000] dev=8 RADIO->APP (1 bytes)
    ff                                               |.|
[17.695562000] dev=8 RADIO->APP (1 bytes)
    ff                                               |.|
[17.696605000] dev=8 RADIO->APP (1 bytes)
    ff                                               |.|
[17.697813000] dev=8 RADIO->APP (1 bytes)
    ff                                               |.|
[17.698832000] dev=8 RADIO->APP (1 bytes)
    ff                                               |.|
[17.700113000] dev=8 RADIO->APP (1 bytes)
    ff                                               |.|
[17.701186000] dev=8 RADIO->APP (1 bytes)
    ff                                               |.|
[17.730388000] dev=8 APP->RADIO (4 bytes)
    52 03 80 08                                      |R...|
[17.735709000] dev=8 RADIO->APP (1 bytes)
    57                                               |W|
[17.736758000] dev=8 RADIO->APP (1 bytes)
    03                                               |.|
[17.737923000] dev=8 RADIO->APP (1 bytes)
    80                                               |.|
[17.739108000] dev=8 RADIO->APP (1 bytes)
    08                                               |.|
[17.740208000] dev=8 RADIO->APP (1 bytes)
    ff                                               |.|
[17.741335000] dev=8 RADIO->APP (1 bytes)
    ff                                               |.|
[17.742462000] dev=8 RADIO->APP (1 bytes)
    ff                                               |.|
[17.743522000] dev=8 RADIO->APP (1 bytes)
    ff                                               |.|
[17.744608000] dev=8 RADIO->APP (1 bytes)
    ff                                               |.|
[17.745747000] dev=8 RADIO->APP (1 bytes)
    ff                                               |.|
[17.746859000] dev=8 RADIO->APP (1 bytes)
    ff                                               |.|
[17.748126000] dev=8 RADIO->APP (1 bytes)
    ff                                               |.|
[17.776829000] dev=8 APP->RADIO (4 bytes)
    52 03 88 08                                      |R...|
[17.782061000] dev=8 RADIO->APP (1 bytes)
    57                                               |W|
[17.783265000] dev=8 RADIO->APP (1 bytes)
    03                                               |.|
[17.784319000] dev=8 RADIO->APP (1 bytes)
    88                                               |.|
[17.785531000] dev=8 RADIO->APP (1 bytes)
    08                                               |.|
[17.786655000] dev=8 RADIO->APP (1 bytes)
    ff                                               |.|
[17.787703000] dev=8 RADIO->APP (1 bytes)
    ff                                               |.|
[17.788906000] dev=8 RADIO->APP (1 bytes)
    ff                                               |.|
[17.790109000] dev=8 RADIO->APP (1 bytes)
    ff                                               |.|
[17.791155000] dev=8 RADIO->APP (1 bytes)
    ff                                               |.|
[17.792243000] dev=8 RADIO->APP (1 bytes)
    ff                                               |.|
[17.793334000] dev=8 RADIO->APP (1 bytes)
    ff                                               |.|
[17.794530000] dev=8 RADIO->APP (1 bytes)
    ff                                               |.|
[17.823184000] dev=8 APP->RADIO (4 bytes)
    52 03 90 08                                      |R...|
[17.828507000] dev=8 RADIO->APP (1 bytes)
    57                                               |W|
[17.829557000] dev=8 RADIO->APP (1 bytes)
    03                                               |.|
[17.830657000] dev=8 RADIO->APP (1 bytes)
    90                                               |.|
[17.831899000] dev=8 RADIO->APP (1 bytes)
    08                                               |.|
[17.832945000] dev=8 RADIO->APP (1 bytes)
    ff                                               |.|
[17.834059000] dev=8 RADIO->APP (1 bytes)
    ff                                               |.|
[17.835191000] dev=8 RADIO->APP (1 bytes)
    ff                                               |.|
[17.836342000] dev=8 RADIO->APP (1 bytes)
    ff                                               |.|
[17.837467000] dev=8 RADIO->APP (1 bytes)
    ff                                               |.|
[17.838594000] dev=8 RADIO->APP (1 bytes)
    ff                                               |.|
[17.839684000] dev=8 RADIO->APP (1 bytes)
    ff                                               |.|
[17.840807000] dev=8 RADIO->APP (1 bytes)
    ff                                               |.|
[17.870448000] dev=8 APP->RADIO (4 bytes)
    52 03 98 08                                      |R...|
[17.875758000] dev=8 RADIO->APP (1 bytes)
    57                                               |W|
[17.876881000] dev=8 RADIO->APP (1 bytes)
    03                                               |.|
[17.878009000] dev=8 RADIO->APP (1 bytes)
    98                                               |.|
[17.879059000] dev=8 RADIO->APP (1 bytes)
    08                                               |.|
[17.880183000] dev=8 RADIO->APP (1 bytes)
    ff                                               |.|
[17.881310000] dev=8 RADIO->APP (1 bytes)
    ff                                               |.|
[17.882460000] dev=8 RADIO->APP (1 bytes)
    ff                                               |.|
[17.883582000] dev=8 RADIO->APP (1 bytes)
    ff                                               |.|
[17.884708000] dev=8 RADIO->APP (1 bytes)
    ff                                               |.|
[17.885838000] dev=8 RADIO->APP (1 bytes)
    ff                                               |.|
[17.887033000] dev=8 RADIO->APP (1 bytes)
    ff                                               |.|
[17.888083000] dev=8 RADIO->APP (1 bytes)
    ff                                               |.|
[17.916980000] dev=8 APP->RADIO (4 bytes)
    52 03 a0 08                                      |R...|
[17.922246000] dev=8 RADIO->APP (1 bytes)
    57                                               |W|
[17.923434000] dev=8 RADIO->APP (1 bytes)
    03                                               |.|
[17.924559000] dev=8 RADIO->APP (1 bytes)
    a0                                               |.|
[17.925686000] dev=8 RADIO->APP (1 bytes)
    08                                               |.|
[17.926812000] dev=8 RADIO->APP (1 bytes)
    ff                                               |.|
[17.927935000] dev=8 RADIO->APP (1 bytes)
    ff                                               |.|
[17.929086000] dev=8 RADIO->APP (1 bytes)
    ff                                               |.|
[17.930186000] dev=8 RADIO->APP (1 bytes)
    ff                                               |.|
[17.931309000] dev=8 RADIO->APP (1 bytes)
    ff                                               |.|
[17.932433000] dev=8 RADIO->APP (1 bytes)
    ff                                               |.|
[17.933562000] dev=8 RADIO->APP (1 bytes)
    ff                                               |.|
[17.934684000] dev=8 RADIO->APP (1 bytes)
    ff                                               |.|
[17.963426000] dev=8 APP->RADIO (4 bytes)
    52 03 a8 08                                      |R...|
[17.968764000] dev=8 RADIO->APP (1 bytes)
    57                                               |W|
[17.969819000] dev=8 RADIO->APP (1 bytes)
    03                                               |.|
[17.970960000] dev=8 RADIO->APP (1 bytes)
    a8                                               |.|
[17.972133000] dev=8 RADIO->APP (1 bytes)
    08                                               |.|
[17.973257000] dev=8 RADIO->APP (1 bytes)
    ff                                               |.|
[17.974385000] dev=8 RADIO->APP (1 bytes)
    ff                                               |.|
[17.975510000] dev=8 RADIO->APP (1 bytes)
    ff                                               |.|
[17.976635000] dev=8 RADIO->APP (1 bytes)
    ff                                               |.|
[17.977725000] dev=8 RADIO->APP (1 bytes)
    ff                                               |.|
[17.978914000] dev=8 RADIO->APP (1 bytes)
    ff                                               |.|
[17.980039000] dev=8 RADIO->APP (1 bytes)
    ff                                               |.|
[17.981167000] dev=8 RADIO->APP (1 bytes)
    ff                                               |.|
[18.010098000] dev=8 APP->RADIO (4 bytes)
    52 03 b0 08                                      |R...|
[18.015364000] dev=8 RADIO->APP (1 bytes)
    57                                               |W|
[18.016485000] dev=8 RADIO->APP (1 bytes)
    03                                               |.|
[18.017609000] dev=8 RADIO->APP (1 bytes)
    b0                                               |.|
[18.018734000] dev=8 RADIO->APP (1 bytes)
    08                                               |.|
[18.019862000] dev=8 RADIO->APP (1 bytes)
    01                                               |.|
[18.021047000] dev=8 RADIO->APP (1 bytes)
    02                                               |.|
[18.022185000] dev=8 RADIO->APP (1 bytes)
    03                                               |.|
[18.023308000] dev=8 RADIO->APP (1 bytes)
    04                                               |.|
[18.024433000] dev=8 RADIO->APP (1 bytes)
    05                                               |.|
[18.025484000] dev=8 RADIO->APP (1 bytes)
    06                                               |.|
[18.026689000] dev=8 RADIO->APP (1 bytes)
    00                                               |.|
[18.027812000] dev=8 RADIO->APP (1 bytes)
    ff                                               |.|
[18.056445000] dev=8 APP->RADIO (4 bytes)
    52 03 b8 08                                      |R...|
[18.061760000] dev=8 RADIO->APP (1 bytes)
    57                                               |W|
[18.062806000] dev=8 RADIO->APP (1 bytes)
    03                                               |.|
[18.063987000] dev=8 RADIO->APP (1 bytes)
    b8                                               |.|
[18.065174000] dev=8 RADIO->APP (1 bytes)
    08                                               |.|
[18.066285000] dev=8 RADIO->APP (1 bytes)
    ff                                               |.|
[18.067417000] dev=8 RADIO->APP (1 bytes)
    ff                                               |.|
[18.068535000] dev=8 RADIO->APP (1 bytes)
    ff                                               |.|
[18.069659000] dev=8 RADIO->APP (1 bytes)
    ff                                               |.|
[18.070706000] dev=8 RADIO->APP (1 bytes)
    ff                                               |.|
[18.071810000] dev=8 RADIO->APP (1 bytes)
    ff                                               |.|
[18.073035000] dev=8 RADIO->APP (1 bytes)
    ff                                               |.|
[18.074084000] dev=8 RADIO->APP (1 bytes)
    ff                                               |.|
[18.102440000] dev=8 APP->RADIO (4 bytes)
    52 03 c0 08                                      |R...|
[18.107762000] dev=8 RADIO->APP (1 bytes)
    57                                               |W|
[18.108808000] dev=8 RADIO->APP (1 bytes)
    03                                               |.|
[18.110107000] dev=8 RADIO->APP (1 bytes)
    c0                                               |.|
[18.111158000] dev=8 RADIO->APP (1 bytes)
    08                                               |.|
[18.112184000] dev=8 RADIO->APP (1 bytes)
    9b                                               |.|
[18.113345000] dev=8 RADIO->APP (1 bytes)
    05                                               |.|
[18.114454000] dev=8 RADIO->APP (1 bytes)
    00                                               |.|
[18.115586000] dev=8 RADIO->APP (1 bytes)
    06                                               |.|
[18.116710000] dev=8 RADIO->APP (1 bytes)
    00                                               |.|
[18.117812000] dev=8 RADIO->APP (1 bytes)
    02                                               |.|
[18.119030000] dev=8 RADIO->APP (1 bytes)
    00                                               |.|
[18.120081000] dev=8 RADIO->APP (1 bytes)
    00                                               |.|
[18.149011000] dev=8 APP->RADIO (4 bytes)
    52 03 c8 08                                      |R...|
[18.154251000] dev=8 RADIO->APP (1 bytes)
    57                                               |W|
[18.155462000] dev=8 RADIO->APP (1 bytes)
    03                                               |.|
[18.156587000] dev=8 RADIO->APP (1 bytes)
    c8                                               |.|
[18.157709000] dev=8 RADIO->APP (1 bytes)
    08                                               |.|
[18.158836000] dev=8 RADIO->APP (1 bytes)
    00                                               |.|
[18.159951000] dev=8 RADIO->APP (1 bytes)
    00                                               |.|
[18.161087000] dev=8 RADIO->APP (1 bytes)
    00                                               |.|
[18.162213000] dev=8 RADIO->APP (1 bytes)
    00                                               |.|
[18.163241000] dev=8 RADIO->APP (1 bytes)
    00                                               |.|
[18.164439000] dev=8 RADIO->APP (1 bytes)
    f8                                               |.|
[18.165612000] dev=8 RADIO->APP (1 bytes)
    ff                                               |.|
[18.166736000] dev=8 RADIO->APP (1 bytes)
    ff                                               |.|
[18.194924000] dev=8 APP->RADIO (4 bytes)
    52 03 d0 08                                      |R...|
[18.200287000] dev=8 RADIO->APP (1 bytes)
    57                                               |W|
[18.201413000] dev=8 RADIO->APP (1 bytes)
    03                                               |.|
[18.202447000] dev=8 RADIO->APP (1 bytes)
    d0                                               |.|
[18.203687000] dev=8 RADIO->APP (1 bytes)
    08                                               |.|
[18.204810000] dev=8 RADIO->APP (1 bytes)
    53                                               |S|
[18.205933000] dev=8 RADIO->APP (1 bytes)
    4d                                               |M|
[18.207115000] dev=8 RADIO->APP (1 bytes)
    ff                                               |.|
[18.208173000] dev=8 RADIO->APP (1 bytes)
    50                                               |P|
[18.209313000] dev=8 RADIO->APP (1 bytes)
    35                                               |5|
[18.210455000] dev=8 RADIO->APP (1 bytes)
    35                                               |5|
[18.211481000] dev=8 RADIO->APP (1 bytes)
    38                                               |8|
[18.212588000] dev=8 RADIO->APP (1 bytes)
    ff                                               |.|
[18.241151000] dev=8 APP->RADIO (4 bytes)
    52 03 d8 08                                      |R...|
[18.246409000] dev=8 RADIO->APP (1 bytes)
    57                                               |W|
[18.247608000] dev=8 RADIO->APP (1 bytes)
    03                                               |.|
[18.248699000] dev=8 RADIO->APP (1 bytes)
    d8                                               |.|
[18.249758000] dev=8 RADIO->APP (1 bytes)
    08                                               |.|
[18.251013000] dev=8 RADIO->APP (1 bytes)
    ff                                               |.|
[18.252058000] dev=8 RADIO->APP (1 bytes)
    ff                                               |.|
[18.253263000] dev=8 RADIO->APP (1 bytes)
    ff                                               |.|
[18.254308000] dev=8 RADIO->APP (1 bytes)
    ff                                               |.|
[18.255510000] dev=8 RADIO->APP (1 bytes)
    ff                                               |.|
[18.256681000] dev=8 RADIO->APP (1 bytes)
    ff                                               |.|
[18.257760000] dev=8 RADIO->APP (1 bytes)
    ff                                               |.|
[18.258885000] dev=8 RADIO->APP (1 bytes)
    ff                                               |.|
[18.288039000] dev=8 APP->RADIO (4 bytes)
    52 03 e0 08                                      |R...|
[18.293360000] dev=8 RADIO->APP (1 bytes)
    57                                               |W|
[18.294485000] dev=8 RADIO->APP (1 bytes)
    03                                               |.|
[18.295612000] dev=8 RADIO->APP (1 bytes)
    e0                                               |.|
[18.296737000] dev=8 RADIO->APP (1 bytes)
    08                                               |.|
[18.297859000] dev=8 RADIO->APP (1 bytes)
    ff                                               |.|
[18.299009000] dev=8 RADIO->APP (1 bytes)
    ff                                               |.|
[18.300135000] dev=8 RADIO->APP (1 bytes)
    ff                                               |.|
[18.301261000] dev=8 RADIO->APP (1 bytes)
    ff                                               |.|
[18.302390000] dev=8 RADIO->APP (1 bytes)
    ff                                               |.|
[18.303497000] dev=8 RADIO->APP (1 bytes)
    ff                                               |.|
[18.304573000] dev=8 RADIO->APP (1 bytes)
    ff                                               |.|
[18.305761000] dev=8 RADIO->APP (1 bytes)
    ff                                               |.|
[18.334379000] dev=8 APP->RADIO (4 bytes)
    52 03 e8 08                                      |R...|
[18.339634000] dev=8 RADIO->APP (1 bytes)
    57                                               |W|
[18.340758000] dev=8 RADIO->APP (1 bytes)
    03                                               |.|
[18.341906000] dev=8 RADIO->APP (1 bytes)
    e8                                               |.|
[18.343030000] dev=8 RADIO->APP (1 bytes)
    08                                               |.|
[18.344139000] dev=8 RADIO->APP (1 bytes)
    ff                                               |.|
[18.345263000] dev=8 RADIO->APP (1 bytes)
    ff                                               |.|
[18.346419000] dev=8 RADIO->APP (1 bytes)
    ff                                               |.|
[18.347610000] dev=8 RADIO->APP (1 bytes)
    ff                                               |.|
[18.348632000] dev=8 RADIO->APP (1 bytes)
    ff                                               |.|
[18.349762000] dev=8 RADIO->APP (1 bytes)
    ff                                               |.|
[18.350986000] dev=8 RADIO->APP (1 bytes)
    ff                                               |.|
[18.352068000] dev=8 RADIO->APP (1 bytes)
    ff                                               |.|
[18.449033000] dev=8 RADIO->APP (10 bytes)
    a1 20 00 00 00 00 02 00 00 1e                    |. ........|
