# Transcript gerado a partir de .\rt18_read_from_radio.pcapng
# OUT (direction=0) = APP->RADIO (host envia)
# IN  (direction=1) = RADIO->APP (dispositivo responde)

[18.985562000] dev=8 RADIO->APP (10 bytes)
    a1 20 00 00 00 00 02 00 82 1e                    |. ........|
[19.106133000] dev=8 APP->RADIO (8 bytes)
    02 4a 53 4f 47 52 41 50                          |.JSOGRAP|
[19.115915000] dev=8 RADIO->APP (1 bytes)
    06                                               |.|
[19.121364000] dev=8 APP->RADIO (1 bytes)
    02                                               |.|
[19.124672000] dev=8 RADIO->APP (1 bytes)
    06                                               |.|
[19.125687000] dev=8 RADIO->APP (1 bytes)
    03                                               |.|
[19.126922000] dev=8 RADIO->APP (1 bytes)
    e8                                               |.|
[19.128027000] dev=8 RADIO->APP (1 bytes)
    08                                               |.|
[19.129086000] dev=8 RADIO->APP (1 bytes)
    ff                                               |.|
[19.130295000] dev=8 RADIO->APP (1 bytes)
    ff                                               |.|
[19.131428000] dev=8 RADIO->APP (1 bytes)
    ff                                               |.|
[19.132570000] dev=8 RADIO->APP (1 bytes)
    ff                                               |.|
[19.152715000] dev=8 APP->RADIO (1 bytes)
    06                                               |.|
[19.155146000] dev=8 RADIO->APP (1 bytes)
    06                                               |.|
[19.168627000] dev=8 APP->RADIO (1 bytes)
    05                                               |.|
[19.170730000] dev=8 RADIO->APP (1 bytes)
    ff                                               |.|
[19.171864000] dev=8 RADIO->APP (1 bytes)
    ff                                               |.|
[19.172989000] dev=8 RADIO->APP (1 bytes)
    ff                                               |.|
[19.174135000] dev=8 RADIO->APP (1 bytes)
    ff                                               |.|
[19.175278000] dev=8 RADIO->APP (1 bytes)
    ff                                               |.|
[19.176426000] dev=8 RADIO->APP (1 bytes)
    ff                                               |.|
[19.198927000] dev=8 APP->RADIO (1 bytes)
    06                                               |.|
[19.201426000] dev=8 RADIO->APP (1 bytes)
    06                                               |.|
[19.214074000] dev=8 APP->RADIO (4 bytes)
    52 00 00 08                                      |R...|
[19.219437000] dev=8 RADIO->APP (1 bytes)
    57                                               |W|
[19.220661000] dev=8 RADIO->APP (1 bytes)
    00                                               |.|
[19.221711000] dev=8 RADIO->APP (1 bytes)
    00                                               |.|
[19.222836000] dev=8 RADIO->APP (1 bytes)
    08                                               |.|
[19.223964000] dev=8 RADIO->APP (1 bytes)
    00                                               |.|
[19.225007000] dev=8 RADIO->APP (1 bytes)
    25                                               |%|
[19.226140000] dev=8 RADIO->APP (1 bytes)
    27                                               |'|
[19.227365000] dev=8 RADIO->APP (1 bytes)
    46                                               |F|
[19.228485000] dev=8 RADIO->APP (1 bytes)
    00                                               |.|
[19.229661000] dev=8 RADIO->APP (1 bytes)
    25                                               |%|
[19.230659000] dev=8 RADIO->APP (1 bytes)
    27                                               |'|
[19.231869000] dev=8 RADIO->APP (1 bytes)
    46                                               |F|
[19.261353000] dev=8 APP->RADIO (4 bytes)
    52 00 08 08                                      |R...|
[19.266714000] dev=8 RADIO->APP (1 bytes)
    57                                               |W|
[19.267871000] dev=8 RADIO->APP (1 bytes)
    00                                               |.|
[19.269004000] dev=8 RADIO->APP (1 bytes)
    08                                               |.|
[19.270065000] dev=8 RADIO->APP (1 bytes)
    08                                               |.|
[19.271236000] dev=8 RADIO->APP (1 bytes)
    54                                               |T|
[19.272319000] dev=8 RADIO->APP (1 bytes)
    c7                                               |.|
[19.273486000] dev=8 RADIO->APP (1 bytes)
    54                                               |T|
[19.274661000] dev=8 RADIO->APP (1 bytes)
    c7                                               |.|
[19.275665000] dev=8 RADIO->APP (1 bytes)
    ec                                               |.|
[19.276814000] dev=8 RADIO->APP (1 bytes)
    00                                               |.|
[19.277917000] dev=8 RADIO->APP (1 bytes)
    05                                               |.|
[19.279060000] dev=8 RADIO->APP (1 bytes)
    ff                                               |.|
[19.308989000] dev=8 APP->RADIO (4 bytes)
    52 00 10 08                                      |R...|
[19.314269000] dev=8 RADIO->APP (1 bytes)
    57                                               |W|
[19.315388000] dev=8 RADIO->APP (1 bytes)
    00                                               |.|
[19.316560000] dev=8 RADIO->APP (1 bytes)
    10                                               |.|
[19.317675000] dev=8 RADIO->APP (1 bytes)
    08                                               |.|
[19.318785000] dev=8 RADIO->APP (1 bytes)
    50                                               |P|
[19.319910000] dev=8 RADIO->APP (1 bytes)
    62                                               |b|
[19.321035000] dev=8 RADIO->APP (1 bytes)
    25                                               |%|
[19.322160000] dev=8 RADIO->APP (1 bytes)
    46                                               |F|
[19.323310000] dev=8 RADIO->APP (1 bytes)
    50                                               |P|
[19.324473000] dev=8 RADIO->APP (1 bytes)
    62                                               |b|
[19.325589000] dev=8 RADIO->APP (1 bytes)
    25                                               |%|
[19.326690000] dev=8 RADIO->APP (1 bytes)
    46                                               |F|
[19.354432000] dev=8 APP->RADIO (4 bytes)
    52 00 18 08                                      |R...|
[19.359823000] dev=8 RADIO->APP (1 bytes)
    57                                               |W|
[19.360941000] dev=8 RADIO->APP (1 bytes)
    00                                               |.|
[19.362067000] dev=8 RADIO->APP (1 bytes)
    18                                               |.|
[19.363191000] dev=8 RADIO->APP (1 bytes)
    08                                               |.|
[19.364343000] dev=8 RADIO->APP (1 bytes)
    54                                               |T|
[19.365407000] dev=8 RADIO->APP (1 bytes)
    c7                                               |.|
[19.366669000] dev=8 RADIO->APP (1 bytes)
    54                                               |T|
[19.367715000] dev=8 RADIO->APP (1 bytes)
    c7                                               |.|
[19.368841000] dev=8 RADIO->APP (1 bytes)
    ec                                               |.|
[19.369936000] dev=8 RADIO->APP (1 bytes)
    50                                               |P|
[19.371116000] dev=8 RADIO->APP (1 bytes)
    87                                               |.|
[19.372240000] dev=8 RADIO->APP (1 bytes)
    25                                               |%|
[19.401195000] dev=8 APP->RADIO (4 bytes)
    52 00 20 08                                      |R. .|
[19.406570000] dev=8 RADIO->APP (1 bytes)
    57                                               |W|
[19.407691000] dev=8 RADIO->APP (1 bytes)
    00                                               |.|
[19.408767000] dev=8 RADIO->APP (1 bytes)
    20                                               | |
[19.409950000] dev=8 RADIO->APP (1 bytes)
    08                                               |.|
[19.411014000] dev=8 RADIO->APP (1 bytes)
    50                                               |P|
[19.412138000] dev=8 RADIO->APP (1 bytes)
    87                                               |.|
[19.413265000] dev=8 RADIO->APP (1 bytes)
    25                                               |%|
[19.414415000] dev=8 RADIO->APP (1 bytes)
    46                                               |F|
[19.415592000] dev=8 RADIO->APP (1 bytes)
    50                                               |P|
[19.416661000] dev=8 RADIO->APP (1 bytes)
    87                                               |.|
[19.417793000] dev=8 RADIO->APP (1 bytes)
    25                                               |%|
[19.418891000] dev=8 RADIO->APP (1 bytes)
    46                                               |F|
[19.448378000] dev=8 APP->RADIO (4 bytes)
    52 00 28 08                                      |R.(.|
[19.453771000] dev=8 RADIO->APP (1 bytes)
    57                                               |W|
[19.454826000] dev=8 RADIO->APP (1 bytes)
    00                                               |.|
[19.456017000] dev=8 RADIO->APP (1 bytes)
    28                                               |(|
[19.457168000] dev=8 RADIO->APP (1 bytes)
    08                                               |.|
[19.458324000] dev=8 RADIO->APP (1 bytes)
    54                                               |T|
[19.459380000] dev=8 RADIO->APP (1 bytes)
    c7                                               |.|
[19.460541000] dev=8 RADIO->APP (1 bytes)
    54                                               |T|
[19.461667000] dev=8 RADIO->APP (1 bytes)
    c7                                               |.|
[19.462771000] dev=8 RADIO->APP (1 bytes)
    ec                                               |.|
[19.463839000] dev=8 RADIO->APP (1 bytes)
    50                                               |P|
[19.465068000] dev=8 RADIO->APP (1 bytes)
    12                                               |.|
[19.466191000] dev=8 RADIO->APP (1 bytes)
    26                                               |&|
[19.494879000] dev=8 APP->RADIO (4 bytes)
    52 00 30 08                                      |R.0.|
[19.500269000] dev=8 RADIO->APP (1 bytes)
    57                                               |W|
[19.501391000] dev=8 RADIO->APP (1 bytes)
    00                                               |.|
[19.502516000] dev=8 RADIO->APP (1 bytes)
    30                                               |0|
[19.503665000] dev=8 RADIO->APP (1 bytes)
    08                                               |.|
[19.504790000] dev=8 RADIO->APP (1 bytes)
    50                                               |P|
[19.505858000] dev=8 RADIO->APP (1 bytes)
    12                                               |.|
[19.507039000] dev=8 RADIO->APP (1 bytes)
    26                                               |&|
[19.508165000] dev=8 RADIO->APP (1 bytes)
    46                                               |F|
[19.509297000] dev=8 RADIO->APP (1 bytes)
    50                                               |P|
[19.510446000] dev=8 RADIO->APP (1 bytes)
    12                                               |.|
[19.511569000] dev=8 RADIO->APP (1 bytes)
    26                                               |&|
[19.512692000] dev=8 RADIO->APP (1 bytes)
    46                                               |F|
[19.541095000] dev=8 APP->RADIO (4 bytes)
    52 00 38 08                                      |R.8.|
[19.546391000] dev=8 RADIO->APP (1 bytes)
    57                                               |W|
[19.547590000] dev=8 RADIO->APP (1 bytes)
    00                                               |.|
[19.548668000] dev=8 RADIO->APP (1 bytes)
    38                                               |8|
[19.549766000] dev=8 RADIO->APP (1 bytes)
    08                                               |.|
[19.550918000] dev=8 RADIO->APP (1 bytes)
    54                                               |T|
[19.552043000] dev=8 RADIO->APP (1 bytes)
    c7                                               |.|
[19.553172000] dev=8 RADIO->APP (1 bytes)
    54                                               |T|
[19.554317000] dev=8 RADIO->APP (1 bytes)
    c7                                               |.|
[19.555518000] dev=8 RADIO->APP (1 bytes)
    ec                                               |.|
[19.556667000] dev=8 RADIO->APP (1 bytes)
    50                                               |P|
[19.557684000] dev=8 RADIO->APP (1 bytes)
    37                                               |7|
[19.558825000] dev=8 RADIO->APP (1 bytes)
    26                                               |&|
[19.587220000] dev=8 APP->RADIO (4 bytes)
    52 00 40 08                                      |R.@.|
[19.592671000] dev=8 RADIO->APP (1 bytes)
    57                                               |W|
[19.593741000] dev=8 RADIO->APP (1 bytes)
    00                                               |.|
[19.594865000] dev=8 RADIO->APP (1 bytes)
    40                                               |@|
[19.595962000] dev=8 RADIO->APP (1 bytes)
    08                                               |.|
[19.597096000] dev=8 RADIO->APP (1 bytes)
    50                                               |P|
[19.598243000] dev=8 RADIO->APP (1 bytes)
    37                                               |7|
[19.599370000] dev=8 RADIO->APP (1 bytes)
    26                                               |&|
[19.600517000] dev=8 RADIO->APP (1 bytes)
    46                                               |F|
[19.601670000] dev=8 RADIO->APP (1 bytes)
    50                                               |P|
[19.602767000] dev=8 RADIO->APP (1 bytes)
    37                                               |7|
[19.603818000] dev=8 RADIO->APP (1 bytes)
    26                                               |&|
[19.604965000] dev=8 RADIO->APP (1 bytes)
    46                                               |F|
[19.633544000] dev=8 APP->RADIO (4 bytes)
    52 00 48 08                                      |R.H.|
[19.638909000] dev=8 RADIO->APP (1 bytes)
    57                                               |W|
[19.640040000] dev=8 RADIO->APP (1 bytes)
    00                                               |.|
[19.641190000] dev=8 RADIO->APP (1 bytes)
    48                                               |H|
[19.642216000] dev=8 RADIO->APP (1 bytes)
    08                                               |.|
[19.643444000] dev=8 RADIO->APP (1 bytes)
    54                                               |T|
[19.644568000] dev=8 RADIO->APP (1 bytes)
    c7                                               |.|
[19.645614000] dev=8 RADIO->APP (1 bytes)
    54                                               |T|
[19.646763000] dev=8 RADIO->APP (1 bytes)
    c7                                               |.|
[19.647892000] dev=8 RADIO->APP (1 bytes)
    ec                                               |.|
[19.648990000] dev=8 RADIO->APP (1 bytes)
    50                                               |P|
[19.650143000] dev=8 RADIO->APP (1 bytes)
    62                                               |b|
[19.651263000] dev=8 RADIO->APP (1 bytes)
    26                                               |&|
[19.680247000] dev=8 APP->RADIO (4 bytes)
    52 00 50 08                                      |R.P.|
[19.685670000] dev=8 RADIO->APP (1 bytes)
    57                                               |W|
[19.686767000] dev=8 RADIO->APP (1 bytes)
    00                                               |.|
[19.687895000] dev=8 RADIO->APP (1 bytes)
    50                                               |P|
[19.689042000] dev=8 RADIO->APP (1 bytes)
    08                                               |.|
[19.690168000] dev=8 RADIO->APP (1 bytes)
    50                                               |P|
[19.691293000] dev=8 RADIO->APP (1 bytes)
    62                                               |b|
[19.692342000] dev=8 RADIO->APP (1 bytes)
    26                                               |&|
[19.693543000] dev=8 RADIO->APP (1 bytes)
    46                                               |F|
[19.694692000] dev=8 RADIO->APP (1 bytes)
    50                                               |P|
[19.695752000] dev=8 RADIO->APP (1 bytes)
    62                                               |b|
[19.696940000] dev=8 RADIO->APP (1 bytes)
    26                                               |&|
[19.698074000] dev=8 RADIO->APP (1 bytes)
    46                                               |F|
[19.727281000] dev=8 APP->RADIO (4 bytes)
    52 00 58 08                                      |R.X.|
[19.732670000] dev=8 RADIO->APP (1 bytes)
    57                                               |W|
[19.733791000] dev=8 RADIO->APP (1 bytes)
    00                                               |.|
[19.734943000] dev=8 RADIO->APP (1 bytes)
    58                                               |X|
[19.736066000] dev=8 RADIO->APP (1 bytes)
    08                                               |.|
[19.737193000] dev=8 RADIO->APP (1 bytes)
    54                                               |T|
[19.738314000] dev=8 RADIO->APP (1 bytes)
    c7                                               |.|
[19.739393000] dev=8 RADIO->APP (1 bytes)
    54                                               |T|
[19.740666000] dev=8 RADIO->APP (1 bytes)
    c7                                               |.|
[19.741713000] dev=8 RADIO->APP (1 bytes)
    ec                                               |.|
[19.742843000] dev=8 RADIO->APP (1 bytes)
    00                                               |.|
[19.743889000] dev=8 RADIO->APP (1 bytes)
    25                                               |%|
[19.745094000] dev=8 RADIO->APP (1 bytes)
    26                                               |&|
[19.773767000] dev=8 APP->RADIO (4 bytes)
    52 00 60 08                                      |R.`.|
[19.779069000] dev=8 RADIO->APP (1 bytes)
    57                                               |W|
[19.780191000] dev=8 RADIO->APP (1 bytes)
    00                                               |.|
[19.781313000] dev=8 RADIO->APP (1 bytes)
    60                                               |`|
[19.782441000] dev=8 RADIO->APP (1 bytes)
    08                                               |.|
[19.783619000] dev=8 RADIO->APP (1 bytes)
    00                                               |.|
[19.784718000] dev=8 RADIO->APP (1 bytes)
    25                                               |%|
[19.785918000] dev=8 RADIO->APP (1 bytes)
    26                                               |&|
[19.787042000] dev=8 RADIO->APP (1 bytes)
    46                                               |F|
[19.788153000] dev=8 RADIO->APP (1 bytes)
    00                                               |.|
[19.789209000] dev=8 RADIO->APP (1 bytes)
    25                                               |%|
[19.790416000] dev=8 RADIO->APP (1 bytes)
    26                                               |&|
[19.791567000] dev=8 RADIO->APP (1 bytes)
    46                                               |F|
[19.819482000] dev=8 APP->RADIO (4 bytes)
    52 00 68 08                                      |R.h.|
[19.824893000] dev=8 RADIO->APP (1 bytes)
    57                                               |W|
[19.825929000] dev=8 RADIO->APP (1 bytes)
    00                                               |.|
[19.827168000] dev=8 RADIO->APP (1 bytes)
    68                                               |h|
[19.828293000] dev=8 RADIO->APP (1 bytes)
    08                                               |.|
[19.829410000] dev=8 RADIO->APP (1 bytes)
    54                                               |T|
[19.830492000] dev=8 RADIO->APP (1 bytes)
    c7                                               |.|
[19.831667000] dev=8 RADIO->APP (1 bytes)
    54                                               |T|
[19.832794000] dev=8 RADIO->APP (1 bytes)
    c7                                               |.|
[19.833945000] dev=8 RADIO->APP (1 bytes)
    ec                                               |.|
[19.835066000] dev=8 RADIO->APP (1 bytes)
    00                                               |.|
[19.836194000] dev=8 RADIO->APP (1 bytes)
    25                                               |%|
[19.837316000] dev=8 RADIO->APP (1 bytes)
    27                                               |'|
[19.866642000] dev=8 APP->RADIO (4 bytes)
    52 00 70 08                                      |R.p.|
[19.872020000] dev=8 RADIO->APP (1 bytes)
    57                                               |W|
[19.873140000] dev=8 RADIO->APP (1 bytes)
    00                                               |.|
[19.874198000] dev=8 RADIO->APP (1 bytes)
    70                                               |p|
[19.875340000] dev=8 RADIO->APP (1 bytes)
    08                                               |.|
[19.876542000] dev=8 RADIO->APP (1 bytes)
    00                                               |.|
[19.877667000] dev=8 RADIO->APP (1 bytes)
    25                                               |%|
[19.878792000] dev=8 RADIO->APP (1 bytes)
    27                                               |'|
[19.879839000] dev=8 RADIO->APP (1 bytes)
    46                                               |F|
[19.880963000] dev=8 RADIO->APP (1 bytes)
    00                                               |.|
[19.882125000] dev=8 RADIO->APP (1 bytes)
    25                                               |%|
[19.883221000] dev=8 RADIO->APP (1 bytes)
    27                                               |'|
[19.884345000] dev=8 RADIO->APP (1 bytes)
    46                                               |F|
[19.913551000] dev=8 APP->RADIO (4 bytes)
    52 00 78 08                                      |R.x.|
[19.918947000] dev=8 RADIO->APP (1 bytes)
    57                                               |W|
[19.920067000] dev=8 RADIO->APP (1 bytes)
    00                                               |.|
[19.921191000] dev=8 RADIO->APP (1 bytes)
    78                                               |x|
[19.922238000] dev=8 RADIO->APP (1 bytes)
    08                                               |.|
[19.923467000] dev=8 RADIO->APP (1 bytes)
    54                                               |T|
[19.924668000] dev=8 RADIO->APP (1 bytes)
    c7                                               |.|
[19.925615000] dev=8 RADIO->APP (1 bytes)
    54                                               |T|
[19.926843000] dev=8 RADIO->APP (1 bytes)
    c7                                               |.|
[19.927966000] dev=8 RADIO->APP (1 bytes)
    ec                                               |.|
[19.929094000] dev=8 RADIO->APP (1 bytes)
    50                                               |P|
[19.930233000] dev=8 RADIO->APP (1 bytes)
    87                                               |.|
[19.931320000] dev=8 RADIO->APP (1 bytes)
    26                                               |&|
[19.959961000] dev=8 APP->RADIO (4 bytes)
    52 00 80 08                                      |R...|
[19.965343000] dev=8 RADIO->APP (1 bytes)
    57                                               |W|
[19.966470000] dev=8 RADIO->APP (1 bytes)
    00                                               |.|
[19.967669000] dev=8 RADIO->APP (1 bytes)
    80                                               |.|
[19.968743000] dev=8 RADIO->APP (1 bytes)
    08                                               |.|
[19.969791000] dev=8 RADIO->APP (1 bytes)
    50                                               |P|
[19.970991000] dev=8 RADIO->APP (1 bytes)
    87                                               |.|
[19.972116000] dev=8 RADIO->APP (1 bytes)
    26                                               |&|
[19.973252000] dev=8 RADIO->APP (1 bytes)
    46                                               |F|
[19.974354000] dev=8 RADIO->APP (1 bytes)
    50                                               |P|
[19.975413000] dev=8 RADIO->APP (1 bytes)
    87                                               |.|
[19.976561000] dev=8 RADIO->APP (1 bytes)
    26                                               |&|
[19.977660000] dev=8 RADIO->APP (1 bytes)
    46                                               |F|
[20.006846000] dev=8 APP->RADIO (4 bytes)
    52 00 88 08                                      |R...|
[20.012173000] dev=8 RADIO->APP (1 bytes)
    57                                               |W|
[20.013293000] dev=8 RADIO->APP (1 bytes)
    00                                               |.|
[20.014422000] dev=8 RADIO->APP (1 bytes)
    88                                               |.|
[20.015590000] dev=8 RADIO->APP (1 bytes)
    08                                               |.|
[20.016694000] dev=8 RADIO->APP (1 bytes)
    54                                               |T|
[20.017815000] dev=8 RADIO->APP (1 bytes)
    c7                                               |.|
[20.019019000] dev=8 RADIO->APP (1 bytes)
    54                                               |T|
[20.020127000] dev=8 RADIO->APP (1 bytes)
    c7                                               |.|
[20.021209000] dev=8 RADIO->APP (1 bytes)
    ec                                               |.|
[20.022290000] dev=8 RADIO->APP (1 bytes)
    50                                               |P|
[20.023467000] dev=8 RADIO->APP (1 bytes)
    12                                               |.|
[20.024589000] dev=8 RADIO->APP (1 bytes)
    27                                               |'|
[20.053257000] dev=8 APP->RADIO (4 bytes)
    52 00 90 08                                      |R...|
[20.058591000] dev=8 RADIO->APP (1 bytes)
    57                                               |W|
[20.059821000] dev=8 RADIO->APP (1 bytes)
    00                                               |.|
[20.060942000] dev=8 RADIO->APP (1 bytes)
    90                                               |.|
[20.062070000] dev=8 RADIO->APP (1 bytes)
    08                                               |.|
[20.063170000] dev=8 RADIO->APP (1 bytes)
    50                                               |P|
[20.064299000] dev=8 RADIO->APP (1 bytes)
    12                                               |.|
[20.065468000] dev=8 RADIO->APP (1 bytes)
    27                                               |'|
[20.066668000] dev=8 RADIO->APP (1 bytes)
    46                                               |F|
[20.067717000] dev=8 RADIO->APP (1 bytes)
    50                                               |P|
[20.068767000] dev=8 RADIO->APP (1 bytes)
    12                                               |.|
[20.069928000] dev=8 RADIO->APP (1 bytes)
    27                                               |'|
[20.071091000] dev=8 RADIO->APP (1 bytes)
    46                                               |F|
[20.099641000] dev=8 APP->RADIO (4 bytes)
    52 00 98 08                                      |R...|
[20.105018000] dev=8 RADIO->APP (1 bytes)
    57                                               |W|
[20.106169000] dev=8 RADIO->APP (1 bytes)
    00                                               |.|
[20.107225000] dev=8 RADIO->APP (1 bytes)
    98                                               |.|
[20.108409000] dev=8 RADIO->APP (1 bytes)
    08                                               |.|
[20.109466000] dev=8 RADIO->APP (1 bytes)
    54                                               |T|
[20.110669000] dev=8 RADIO->APP (1 bytes)
    c7                                               |.|
[20.111794000] dev=8 RADIO->APP (1 bytes)
    54                                               |T|
[20.112943000] dev=8 RADIO->APP (1 bytes)
    c7                                               |.|
[20.113991000] dev=8 RADIO->APP (1 bytes)
    ec                                               |.|
[20.115117000] dev=8 RADIO->APP (1 bytes)
    00                                               |.|
[20.116240000] dev=8 RADIO->APP (1 bytes)
    50                                               |P|
[20.117365000] dev=8 RADIO->APP (1 bytes)
    25                                               |%|
[20.146694000] dev=8 APP->RADIO (4 bytes)
    52 00 a0 08                                      |R...|
[20.152094000] dev=8 RADIO->APP (1 bytes)
    57                                               |W|
[20.153222000] dev=8 RADIO->APP (1 bytes)
    00                                               |.|
[20.154331000] dev=8 RADIO->APP (1 bytes)
    a0                                               |.|
[20.155409000] dev=8 RADIO->APP (1 bytes)
    08                                               |.|
[20.156665000] dev=8 RADIO->APP (1 bytes)
    00                                               |.|
[20.157741000] dev=8 RADIO->APP (1 bytes)
    50                                               |P|
[20.158789000] dev=8 RADIO->APP (1 bytes)
    25                                               |%|
[20.159991000] dev=8 RADIO->APP (1 bytes)
    46                                               |F|
[20.161116000] dev=8 RADIO->APP (1 bytes)
    00                                               |.|
[20.162342000] dev=8 RADIO->APP (1 bytes)
    50                                               |P|
[20.163311000] dev=8 RADIO->APP (1 bytes)
    25                                               |%|
[20.164440000] dev=8 RADIO->APP (1 bytes)
    46                                               |F|
[20.193195000] dev=8 APP->RADIO (4 bytes)
    52 00 a8 08                                      |R...|
[20.198669000] dev=8 RADIO->APP (1 bytes)
    57                                               |W|
[20.199718000] dev=8 RADIO->APP (1 bytes)
    00                                               |.|
[20.200829000] dev=8 RADIO->APP (1 bytes)
    a8                                               |.|
[20.201921000] dev=8 RADIO->APP (1 bytes)
    08                                               |.|
[20.203118000] dev=8 RADIO->APP (1 bytes)
    54                                               |T|
[20.204242000] dev=8 RADIO->APP (1 bytes)
    c7                                               |.|
[20.205369000] dev=8 RADIO->APP (1 bytes)
    54                                               |T|
[20.206491000] dev=8 RADIO->APP (1 bytes)
    c7                                               |.|
[20.207669000] dev=8 RADIO->APP (1 bytes)
    ec                                               |.|
[20.208693000] dev=8 RADIO->APP (1 bytes)
    00                                               |.|
[20.209833000] dev=8 RADIO->APP (1 bytes)
    75                                               |u|
[20.211020000] dev=8 RADIO->APP (1 bytes)
    25                                               |%|
[20.238447000] dev=8 APP->RADIO (4 bytes)
    52 00 b0 08                                      |R...|
[20.243818000] dev=8 RADIO->APP (1 bytes)
    57                                               |W|
[20.244963000] dev=8 RADIO->APP (1 bytes)
    00                                               |.|
[20.246090000] dev=8 RADIO->APP (1 bytes)
    b0                                               |.|
[20.247218000] dev=8 RADIO->APP (1 bytes)
    08                                               |.|
[20.248339000] dev=8 RADIO->APP (1 bytes)
    00                                               |.|
[20.249465000] dev=8 RADIO->APP (1 bytes)
    75                                               |u|
[20.250615000] dev=8 RADIO->APP (1 bytes)
    25                                               |%|
[20.251821000] dev=8 RADIO->APP (1 bytes)
    46                                               |F|
[20.252846000] dev=8 RADIO->APP (1 bytes)
    00                                               |.|
[20.254067000] dev=8 RADIO->APP (1 bytes)
    75                                               |u|
[20.255194000] dev=8 RADIO->APP (1 bytes)
    25                                               |%|
[20.256277000] dev=8 RADIO->APP (1 bytes)
    46                                               |F|
[20.284081000] dev=8 APP->RADIO (4 bytes)
    52 00 b8 08                                      |R...|
[20.289471000] dev=8 RADIO->APP (1 bytes)
    57                                               |W|
[20.290669000] dev=8 RADIO->APP (1 bytes)
    00                                               |.|
[20.291746000] dev=8 RADIO->APP (1 bytes)
    b8                                               |.|
[20.292804000] dev=8 RADIO->APP (1 bytes)
    08                                               |.|
[20.293992000] dev=8 RADIO->APP (1 bytes)
    54                                               |T|
[20.295117000] dev=8 RADIO->APP (1 bytes)
    c7                                               |.|
[20.296275000] dev=8 RADIO->APP (1 bytes)
    54                                               |T|
[20.297392000] dev=8 RADIO->APP (1 bytes)
    c7                                               |.|
[20.298516000] dev=8 RADIO->APP (1 bytes)
    ec                                               |.|
[20.299564000] dev=8 RADIO->APP (1 bytes)
    00                                               |.|
[20.300769000] dev=8 RADIO->APP (1 bytes)
    00                                               |.|
[20.301826000] dev=8 RADIO->APP (1 bytes)
    26                                               |&|
[20.329968000] dev=8 APP->RADIO (4 bytes)
    52 00 c0 08                                      |R...|
[20.335344000] dev=8 RADIO->APP (1 bytes)
    57                                               |W|
[20.336468000] dev=8 RADIO->APP (1 bytes)
    00                                               |.|
[20.337645000] dev=8 RADIO->APP (1 bytes)
    c0                                               |.|
[20.338743000] dev=8 RADIO->APP (1 bytes)
    08                                               |.|
[20.339867000] dev=8 RADIO->APP (1 bytes)
    00                                               |.|
[20.340992000] dev=8 RADIO->APP (1 bytes)
    00                                               |.|
[20.342021000] dev=8 RADIO->APP (1 bytes)
    26                                               |&|
[20.343246000] dev=8 RADIO->APP (1 bytes)
    46                                               |F|
[20.344392000] dev=8 RADIO->APP (1 bytes)
    00                                               |.|
[20.345518000] dev=8 RADIO->APP (1 bytes)
    00                                               |.|
[20.346675000] dev=8 RADIO->APP (1 bytes)
    26                                               |&|
[20.347691000] dev=8 RADIO->APP (1 bytes)
    46                                               |F|
[20.375937000] dev=8 APP->RADIO (4 bytes)
    52 00 c8 08                                      |R...|
[20.381319000] dev=8 RADIO->APP (1 bytes)
    57                                               |W|
[20.382444000] dev=8 RADIO->APP (1 bytes)
    00                                               |.|
[20.383567000] dev=8 RADIO->APP (1 bytes)
    c8                                               |.|
[20.384717000] dev=8 RADIO->APP (1 bytes)
    08                                               |.|
[20.385842000] dev=8 RADIO->APP (1 bytes)
    54                                               |T|
[20.386891000] dev=8 RADIO->APP (1 bytes)
    c7                                               |.|
[20.388014000] dev=8 RADIO->APP (1 bytes)
    54                                               |T|
[20.389216000] dev=8 RADIO->APP (1 bytes)
    c7                                               |.|
[20.390367000] dev=8 RADIO->APP (1 bytes)
    ec                                               |.|
[20.391493000] dev=8 RADIO->APP (1 bytes)
    00                                               |.|
[20.392567000] dev=8 RADIO->APP (1 bytes)
    50                                               |P|
[20.393747000] dev=8 RADIO->APP (1 bytes)
    26                                               |&|
[20.423160000] dev=8 APP->RADIO (4 bytes)
    52 00 d0 08                                      |R...|
[20.428548000] dev=8 RADIO->APP (1 bytes)
    57                                               |W|
[20.429697000] dev=8 RADIO->APP (1 bytes)
    00                                               |.|
[20.430819000] dev=8 RADIO->APP (1 bytes)
    d0                                               |.|
[20.431944000] dev=8 RADIO->APP (1 bytes)
    08                                               |.|
[20.433069000] dev=8 RADIO->APP (1 bytes)
    00                                               |.|
[20.434192000] dev=8 RADIO->APP (1 bytes)
    50                                               |P|
[20.435318000] dev=8 RADIO->APP (1 bytes)
    26                                               |&|
[20.436470000] dev=8 RADIO->APP (1 bytes)
    46                                               |F|
[20.437578000] dev=8 RADIO->APP (1 bytes)
    00                                               |.|
[20.438643000] dev=8 RADIO->APP (1 bytes)
    50                                               |P|
[20.439847000] dev=8 RADIO->APP (1 bytes)
    26                                               |&|
[20.440967000] dev=8 RADIO->APP (1 bytes)
    46                                               |F|
[20.469937000] dev=8 APP->RADIO (4 bytes)
    52 00 d8 08                                      |R...|
[20.475241000] dev=8 RADIO->APP (1 bytes)
    57                                               |W|
[20.476392000] dev=8 RADIO->APP (1 bytes)
    00                                               |.|
[20.477587000] dev=8 RADIO->APP (1 bytes)
    d8                                               |.|
[20.478640000] dev=8 RADIO->APP (1 bytes)
    08                                               |.|
[20.479764000] dev=8 RADIO->APP (1 bytes)
    54                                               |T|
[20.480891000] dev=8 RADIO->APP (1 bytes)
    c7                                               |.|
[20.482015000] dev=8 RADIO->APP (1 bytes)
    54                                               |T|
[20.483243000] dev=8 RADIO->APP (1 bytes)
    c7                                               |.|
[20.484298000] dev=8 RADIO->APP (1 bytes)
    ec                                               |.|
[20.485393000] dev=8 RADIO->APP (1 bytes)
    00                                               |.|
[20.486667000] dev=8 RADIO->APP (1 bytes)
    75                                               |u|
[20.487743000] dev=8 RADIO->APP (1 bytes)
    26                                               |&|
[20.516848000] dev=8 APP->RADIO (4 bytes)
    52 00 e0 08                                      |R...|
[20.522219000] dev=8 RADIO->APP (1 bytes)
    57                                               |W|
[20.523342000] dev=8 RADIO->APP (1 bytes)
    00                                               |.|
[20.524468000] dev=8 RADIO->APP (1 bytes)
    e0                                               |.|
[20.525562000] dev=8 RADIO->APP (1 bytes)
    08                                               |.|
[20.526714000] dev=8 RADIO->APP (1 bytes)
    00                                               |.|
[20.527865000] dev=8 RADIO->APP (1 bytes)
    75                                               |u|
[20.528999000] dev=8 RADIO->APP (1 bytes)
    26                                               |&|
[20.530119000] dev=8 RADIO->APP (1 bytes)
    46                                               |F|
[20.531246000] dev=8 RADIO->APP (1 bytes)
    00                                               |.|
[20.532317000] dev=8 RADIO->APP (1 bytes)
    75                                               |u|
[20.533517000] dev=8 RADIO->APP (1 bytes)
    26                                               |&|
[20.534667000] dev=8 RADIO->APP (1 bytes)
    46                                               |F|
[20.562814000] dev=8 APP->RADIO (4 bytes)
    52 00 e8 08                                      |R...|
[20.568138000] dev=8 RADIO->APP (1 bytes)
    57                                               |W|
[20.569242000] dev=8 RADIO->APP (1 bytes)
    00                                               |.|
[20.570392000] dev=8 RADIO->APP (1 bytes)
    e8                                               |.|
[20.571590000] dev=8 RADIO->APP (1 bytes)
    08                                               |.|
[20.572660000] dev=8 RADIO->APP (1 bytes)
    54                                               |T|
[20.573782000] dev=8 RADIO->APP (1 bytes)
    c7                                               |.|
[20.574890000] dev=8 RADIO->APP (1 bytes)
    54                                               |T|
[20.576017000] dev=8 RADIO->APP (1 bytes)
    c7                                               |.|
[20.577144000] dev=8 RADIO->APP (1 bytes)
    ec                                               |.|
[20.578291000] dev=8 RADIO->APP (1 bytes)
    00                                               |.|
[20.579425000] dev=8 RADIO->APP (1 bytes)
    00                                               |.|
[20.580567000] dev=8 RADIO->APP (1 bytes)
    27                                               |'|
[20.610376000] dev=8 APP->RADIO (4 bytes)
    52 00 f0 08                                      |R...|
[20.615776000] dev=8 RADIO->APP (1 bytes)
    57                                               |W|
[20.616892000] dev=8 RADIO->APP (1 bytes)
    00                                               |.|
[20.618017000] dev=8 RADIO->APP (1 bytes)
    f0                                               |.|
[20.619168000] dev=8 RADIO->APP (1 bytes)
    08                                               |.|
[20.620231000] dev=8 RADIO->APP (1 bytes)
    00                                               |.|
[20.621425000] dev=8 RADIO->APP (1 bytes)
    00                                               |.|
[20.622542000] dev=8 RADIO->APP (1 bytes)
    27                                               |'|
[20.623667000] dev=8 RADIO->APP (1 bytes)
    46                                               |F|
[20.624790000] dev=8 RADIO->APP (1 bytes)
    00                                               |.|
[20.625885000] dev=8 RADIO->APP (1 bytes)
    00                                               |.|
[20.627069000] dev=8 RADIO->APP (1 bytes)
    27                                               |'|
[20.628191000] dev=8 RADIO->APP (1 bytes)
    46                                               |F|
[20.657278000] dev=8 APP->RADIO (4 bytes)
    52 00 f8 08                                      |R...|
[20.662668000] dev=8 RADIO->APP (1 bytes)
    57                                               |W|
[20.663791000] dev=8 RADIO->APP (1 bytes)
    00                                               |.|
[20.664915000] dev=8 RADIO->APP (1 bytes)
    f8                                               |.|
[20.666043000] dev=8 RADIO->APP (1 bytes)
    08                                               |.|
[20.667193000] dev=8 RADIO->APP (1 bytes)
    54                                               |T|
[20.668252000] dev=8 RADIO->APP (1 bytes)
    c7                                               |.|
[20.669443000] dev=8 RADIO->APP (1 bytes)
    54                                               |T|
[20.670566000] dev=8 RADIO->APP (1 bytes)
    c7                                               |.|
[20.671652000] dev=8 RADIO->APP (1 bytes)
    ec                                               |.|
[20.672742000] dev=8 RADIO->APP (1 bytes)
    00                                               |.|
[20.673969000] dev=8 RADIO->APP (1 bytes)
    25                                               |%|
[20.675104000] dev=8 RADIO->APP (1 bytes)
    27                                               |'|
[20.703430000] dev=8 APP->RADIO (4 bytes)
    52 01 00 08                                      |R...|
[20.708738000] dev=8 RADIO->APP (1 bytes)
    57                                               |W|
[20.709877000] dev=8 RADIO->APP (1 bytes)
    01                                               |.|
[20.711066000] dev=8 RADIO->APP (1 bytes)
    00                                               |.|
[20.712093000] dev=8 RADIO->APP (1 bytes)
    08                                               |.|
[20.713331000] dev=8 RADIO->APP (1 bytes)
    00                                               |.|
[20.714374000] dev=8 RADIO->APP (1 bytes)
    25                                               |%|
[20.715668000] dev=8 RADIO->APP (1 bytes)
    27                                               |'|
[20.716718000] dev=8 RADIO->APP (1 bytes)
    46                                               |F|
[20.717740000] dev=8 RADIO->APP (1 bytes)
    00                                               |.|
[20.718993000] dev=8 RADIO->APP (1 bytes)
    25                                               |%|
[20.720042000] dev=8 RADIO->APP (1 bytes)
    27                                               |'|
[20.721243000] dev=8 RADIO->APP (1 bytes)
    46                                               |F|
[20.750531000] dev=8 APP->RADIO (4 bytes)
    52 01 08 08                                      |R...|
[20.755919000] dev=8 RADIO->APP (1 bytes)
    57                                               |W|
[20.757043000] dev=8 RADIO->APP (1 bytes)
    01                                               |.|
[20.758193000] dev=8 RADIO->APP (1 bytes)
    08                                               |.|
[20.759317000] dev=8 RADIO->APP (1 bytes)
    08                                               |.|
[20.760442000] dev=8 RADIO->APP (1 bytes)
    54                                               |T|
[20.761490000] dev=8 RADIO->APP (1 bytes)
    c7                                               |.|
[20.762693000] dev=8 RADIO->APP (1 bytes)
    54                                               |T|
[20.763823000] dev=8 RADIO->APP (1 bytes)
    c7                                               |.|
[20.764967000] dev=8 RADIO->APP (1 bytes)
    ec                                               |.|
[20.766096000] dev=8 RADIO->APP (1 bytes)
    00                                               |.|
[20.767219000] dev=8 RADIO->APP (1 bytes)
    05                                               |.|
[20.768326000] dev=8 RADIO->APP (1 bytes)
    ff                                               |.|
[20.796679000] dev=8 APP->RADIO (4 bytes)
    52 01 10 08                                      |R...|
[20.801941000] dev=8 RADIO->APP (1 bytes)
    57                                               |W|
[20.803065000] dev=8 RADIO->APP (1 bytes)
    01                                               |.|
[20.804192000] dev=8 RADIO->APP (1 bytes)
    10                                               |.|
[20.805347000] dev=8 RADIO->APP (1 bytes)
    08                                               |.|
[20.806414000] dev=8 RADIO->APP (1 bytes)
    ff                                               |.|
[20.807592000] dev=8 RADIO->APP (1 bytes)
    ff                                               |.|
[20.808715000] dev=8 RADIO->APP (1 bytes)
    ff                                               |.|
[20.809815000] dev=8 RADIO->APP (1 bytes)
    ff                                               |.|
[20.811041000] dev=8 RADIO->APP (1 bytes)
    ff                                               |.|
[20.812165000] dev=8 RADIO->APP (1 bytes)
    ff                                               |.|
[20.813291000] dev=8 RADIO->APP (1 bytes)
    ff                                               |.|
[20.814441000] dev=8 RADIO->APP (1 bytes)
    ff                                               |.|
[20.843545000] dev=8 APP->RADIO (4 bytes)
    52 01 18 08                                      |R...|
[20.848893000] dev=8 RADIO->APP (1 bytes)
    57                                               |W|
[20.849941000] dev=8 RADIO->APP (1 bytes)
    01                                               |.|
[20.851063000] dev=8 RADIO->APP (1 bytes)
    18                                               |.|
[20.852265000] dev=8 RADIO->APP (1 bytes)
    08                                               |.|
[20.853390000] dev=8 RADIO->APP (1 bytes)
    ff                                               |.|
[20.854543000] dev=8 RADIO->APP (1 bytes)
    ff                                               |.|
[20.855668000] dev=8 RADIO->APP (1 bytes)
    ff                                               |.|
[20.856790000] dev=8 RADIO->APP (1 bytes)
    ff                                               |.|
[20.857861000] dev=8 RADIO->APP (1 bytes)
    ff                                               |.|
[20.859001000] dev=8 RADIO->APP (1 bytes)
    ff                                               |.|
[20.860192000] dev=8 RADIO->APP (1 bytes)
    ff                                               |.|
[20.861323000] dev=8 RADIO->APP (1 bytes)
    ff                                               |.|
[20.889963000] dev=8 APP->RADIO (4 bytes)
    52 01 20 08                                      |R. .|
[20.895296000] dev=8 RADIO->APP (1 bytes)
    57                                               |W|
[20.896347000] dev=8 RADIO->APP (1 bytes)
    01                                               |.|
[20.897464000] dev=8 RADIO->APP (1 bytes)
    20                                               | |
[20.898612000] dev=8 RADIO->APP (1 bytes)
    08                                               |.|
[20.899740000] dev=8 RADIO->APP (1 bytes)
    ff                                               |.|
[20.900864000] dev=8 RADIO->APP (1 bytes)
    ff                                               |.|
[20.901991000] dev=8 RADIO->APP (1 bytes)
    ff                                               |.|
[20.903117000] dev=8 RADIO->APP (1 bytes)
    ff                                               |.|
[20.904265000] dev=8 RADIO->APP (1 bytes)
    ff                                               |.|
[20.905416000] dev=8 RADIO->APP (1 bytes)
    ff                                               |.|
[20.906627000] dev=8 RADIO->APP (1 bytes)
    ff                                               |.|
[20.907645000] dev=8 RADIO->APP (1 bytes)
    ff                                               |.|
[20.935576000] dev=8 APP->RADIO (4 bytes)
    52 01 28 08                                      |R.(.|
[20.940852000] dev=8 RADIO->APP (1 bytes)
    57                                               |W|
[20.941975000] dev=8 RADIO->APP (1 bytes)
    01                                               |.|
[20.943174000] dev=8 RADIO->APP (1 bytes)
    28                                               |(|
[20.944291000] dev=8 RADIO->APP (1 bytes)
    08                                               |.|
[20.945360000] dev=8 RADIO->APP (1 bytes)
    ff                                               |.|
[20.946536000] dev=8 RADIO->APP (1 bytes)
    ff                                               |.|
[20.947691000] dev=8 RADIO->APP (1 bytes)
    ff                                               |.|
[20.948817000] dev=8 RADIO->APP (1 bytes)
    ff                                               |.|
[20.949941000] dev=8 RADIO->APP (1 bytes)
    ff                                               |.|
[20.951017000] dev=8 RADIO->APP (1 bytes)
    ff                                               |.|
[20.952216000] dev=8 RADIO->APP (1 bytes)
    ff                                               |.|
[20.953345000] dev=8 RADIO->APP (1 bytes)
    ff                                               |.|
[20.980713000] dev=8 APP->RADIO (4 bytes)
    52 01 30 08                                      |R.0.|
[20.986044000] dev=8 RADIO->APP (1 bytes)
    57                                               |W|
[20.987193000] dev=8 RADIO->APP (1 bytes)
    01                                               |.|
[20.988302000] dev=8 RADIO->APP (1 bytes)
    30                                               |0|
[20.989391000] dev=8 RADIO->APP (1 bytes)
    08                                               |.|
[20.990572000] dev=8 RADIO->APP (1 bytes)
    ff                                               |.|
[20.991725000] dev=8 RADIO->APP (1 bytes)
    ff                                               |.|
[20.992748000] dev=8 RADIO->APP (1 bytes)
    ff                                               |.|
[20.993966000] dev=8 RADIO->APP (1 bytes)
    ff                                               |.|
[20.995090000] dev=8 RADIO->APP (1 bytes)
    ff                                               |.|
[20.996275000] dev=8 RADIO->APP (1 bytes)
    ff                                               |.|
[20.997238000] dev=8 RADIO->APP (1 bytes)
    ff                                               |.|
[20.998489000] dev=8 RADIO->APP (1 bytes)
    ff                                               |.|
[21.027329000] dev=8 APP->RADIO (4 bytes)
    52 01 38 08                                      |R.8.|
[21.032594000] dev=8 RADIO->APP (1 bytes)
    57                                               |W|
[21.033715000] dev=8 RADIO->APP (1 bytes)
    01                                               |.|
[21.034866000] dev=8 RADIO->APP (1 bytes)
    38                                               |8|
[21.035990000] dev=8 RADIO->APP (1 bytes)
    08                                               |.|
[21.037115000] dev=8 RADIO->APP (1 bytes)
    ff                                               |.|
[21.038220000] dev=8 RADIO->APP (1 bytes)
    ff                                               |.|
[21.039450000] dev=8 RADIO->APP (1 bytes)
    ff                                               |.|
[21.040666000] dev=8 RADIO->APP (1 bytes)
    ff                                               |.|
[21.041762000] dev=8 RADIO->APP (1 bytes)
    ff                                               |.|
[21.042775000] dev=8 RADIO->APP (1 bytes)
    ff                                               |.|
[21.043889000] dev=8 RADIO->APP (1 bytes)
    ff                                               |.|
[21.045120000] dev=8 RADIO->APP (1 bytes)
    ff                                               |.|
[21.072826000] dev=8 APP->RADIO (4 bytes)
    52 01 40 08                                      |R.@.|
[21.078075000] dev=8 RADIO->APP (1 bytes)
    57                                               |W|
[21.079291000] dev=8 RADIO->APP (1 bytes)
    01                                               |.|
[21.080415000] dev=8 RADIO->APP (1 bytes)
    40                                               |@|
[21.081539000] dev=8 RADIO->APP (1 bytes)
    08                                               |.|
[21.082672000] dev=8 RADIO->APP (1 bytes)
    ff                                               |.|
[21.083819000] dev=8 RADIO->APP (1 bytes)
    ff                                               |.|
[21.084943000] dev=8 RADIO->APP (1 bytes)
    ff                                               |.|
[21.085983000] dev=8 RADIO->APP (1 bytes)
    ff                                               |.|
[21.087193000] dev=8 RADIO->APP (1 bytes)
    ff                                               |.|
[21.088265000] dev=8 RADIO->APP (1 bytes)
    ff                                               |.|
[21.089388000] dev=8 RADIO->APP (1 bytes)
    ff                                               |.|
[21.090590000] dev=8 RADIO->APP (1 bytes)
    ff                                               |.|
[21.119285000] dev=8 APP->RADIO (4 bytes)
    52 01 48 08                                      |R.H.|
[21.124667000] dev=8 RADIO->APP (1 bytes)
    57                                               |W|
[21.125665000] dev=8 RADIO->APP (1 bytes)
    01                                               |.|
[21.126868000] dev=8 RADIO->APP (1 bytes)
    48                                               |H|
[21.128022000] dev=8 RADIO->APP (1 bytes)
    08                                               |.|
[21.129141000] dev=8 RADIO->APP (1 bytes)
    ff                                               |.|
[21.130188000] dev=8 RADIO->APP (1 bytes)
    ff                                               |.|
[21.131318000] dev=8 RADIO->APP (1 bytes)
    ff                                               |.|
[21.132437000] dev=8 RADIO->APP (1 bytes)
    ff                                               |.|
[21.133588000] dev=8 RADIO->APP (1 bytes)
    ff                                               |.|
[21.134715000] dev=8 RADIO->APP (1 bytes)
    ff                                               |.|
[21.135840000] dev=8 RADIO->APP (1 bytes)
    ff                                               |.|
[21.136962000] dev=8 RADIO->APP (1 bytes)
    ff                                               |.|
[21.165743000] dev=8 APP->RADIO (4 bytes)
    52 01 50 08                                      |R.P.|
[21.171074000] dev=8 RADIO->APP (1 bytes)
    57                                               |W|
[21.172216000] dev=8 RADIO->APP (1 bytes)
    01                                               |.|
[21.173342000] dev=8 RADIO->APP (1 bytes)
    50                                               |P|
[21.174468000] dev=8 RADIO->APP (1 bytes)
    08                                               |.|
[21.175590000] dev=8 RADIO->APP (1 bytes)
    ff                                               |.|
[21.176676000] dev=8 RADIO->APP (1 bytes)
    ff                                               |.|
[21.177767000] dev=8 RADIO->APP (1 bytes)
    ff                                               |.|
[21.178994000] dev=8 RADIO->APP (1 bytes)
    ff                                               |.|
[21.180124000] dev=8 RADIO->APP (1 bytes)
    ff                                               |.|
[21.181207000] dev=8 RADIO->APP (1 bytes)
    ff                                               |.|
[21.182289000] dev=8 RADIO->APP (1 bytes)
    ff                                               |.|
[21.183516000] dev=8 RADIO->APP (1 bytes)
    ff                                               |.|
[21.212700000] dev=8 APP->RADIO (4 bytes)
    52 01 58 08                                      |R.X.|
[21.218044000] dev=8 RADIO->APP (1 bytes)
    57                                               |W|
[21.219169000] dev=8 RADIO->APP (1 bytes)
    01                                               |.|
[21.220268000] dev=8 RADIO->APP (1 bytes)
    58                                               |X|
[21.221441000] dev=8 RADIO->APP (1 bytes)
    08                                               |.|
[21.222572000] dev=8 RADIO->APP (1 bytes)
    ff                                               |.|
[21.223621000] dev=8 RADIO->APP (1 bytes)
    ff                                               |.|
[21.224821000] dev=8 RADIO->APP (1 bytes)
    ff                                               |.|
[21.225865000] dev=8 RADIO->APP (1 bytes)
    ff                                               |.|
[21.227066000] dev=8 RADIO->APP (1 bytes)
    ff                                               |.|
[21.228118000] dev=8 RADIO->APP (1 bytes)
    ff                                               |.|
[21.229342000] dev=8 RADIO->APP (1 bytes)
    ff                                               |.|
[21.230469000] dev=8 RADIO->APP (1 bytes)
    ff                                               |.|
[21.258751000] dev=8 APP->RADIO (4 bytes)
    52 01 60 08                                      |R.`.|
[21.263995000] dev=8 RADIO->APP (1 bytes)
    57                                               |W|
[21.265141000] dev=8 RADIO->APP (1 bytes)
    01                                               |.|
[21.266265000] dev=8 RADIO->APP (1 bytes)
    60                                               |`|
[21.267394000] dev=8 RADIO->APP (1 bytes)
    08                                               |.|
[21.268565000] dev=8 RADIO->APP (1 bytes)
    ff                                               |.|
[21.269640000] dev=8 RADIO->APP (1 bytes)
    ff                                               |.|
[21.270766000] dev=8 RADIO->APP (1 bytes)
    ff                                               |.|
[21.271995000] dev=8 RADIO->APP (1 bytes)
    ff                                               |.|
[21.273118000] dev=8 RADIO->APP (1 bytes)
    ff                                               |.|
[21.274304000] dev=8 RADIO->APP (1 bytes)
    ff                                               |.|
[21.275290000] dev=8 RADIO->APP (1 bytes)
    ff                                               |.|
[21.276390000] dev=8 RADIO->APP (1 bytes)
    ff                                               |.|
[21.306051000] dev=8 APP->RADIO (4 bytes)
    52 01 68 08                                      |R.h.|
[21.311394000] dev=8 RADIO->APP (1 bytes)
    57                                               |W|
[21.312517000] dev=8 RADIO->APP (1 bytes)
    01                                               |.|
[21.313628000] dev=8 RADIO->APP (1 bytes)
    68                                               |h|
[21.314714000] dev=8 RADIO->APP (1 bytes)
    08                                               |.|
[21.315895000] dev=8 RADIO->APP (1 bytes)
    ff                                               |.|
[21.317015000] dev=8 RADIO->APP (1 bytes)
    ff                                               |.|
[21.318138000] dev=8 RADIO->APP (1 bytes)
    ff                                               |.|
[21.319291000] dev=8 RADIO->APP (1 bytes)
    ff                                               |.|
[21.320416000] dev=8 RADIO->APP (1 bytes)
    ff                                               |.|
[21.321570000] dev=8 RADIO->APP (1 bytes)
    ff                                               |.|
[21.322631000] dev=8 RADIO->APP (1 bytes)
    ff                                               |.|
[21.323811000] dev=8 RADIO->APP (1 bytes)
    ff                                               |.|
[21.352309000] dev=8 APP->RADIO (4 bytes)
    52 01 70 08                                      |R.p.|
[21.357667000] dev=8 RADIO->APP (1 bytes)
    57                                               |W|
[21.358689000] dev=8 RADIO->APP (1 bytes)
    01                                               |.|
[21.359890000] dev=8 RADIO->APP (1 bytes)
    70                                               |p|
[21.361015000] dev=8 RADIO->APP (1 bytes)
    08                                               |.|
[21.362141000] dev=8 RADIO->APP (1 bytes)
    ff                                               |.|
[21.363189000] dev=8 RADIO->APP (1 bytes)
    ff                                               |.|
[21.364338000] dev=8 RADIO->APP (1 bytes)
    ff                                               |.|
[21.365467000] dev=8 RADIO->APP (1 bytes)
    ff                                               |.|
[21.366589000] dev=8 RADIO->APP (1 bytes)
    ff                                               |.|
[21.367712000] dev=8 RADIO->APP (1 bytes)
    ff                                               |.|
[21.368849000] dev=8 RADIO->APP (1 bytes)
    ff                                               |.|
[21.369989000] dev=8 RADIO->APP (1 bytes)
    ff                                               |.|
[21.399389000] dev=8 APP->RADIO (4 bytes)
    52 01 78 08                                      |R.x.|
[21.404723000] dev=8 RADIO->APP (1 bytes)
    57                                               |W|
[21.405844000] dev=8 RADIO->APP (1 bytes)
    01                                               |.|
[21.406993000] dev=8 RADIO->APP (1 bytes)
    78                                               |x|
[21.408118000] dev=8 RADIO->APP (1 bytes)
    08                                               |.|
[21.409165000] dev=8 RADIO->APP (1 bytes)
    ff                                               |.|
[21.410314000] dev=8 RADIO->APP (1 bytes)
    ff                                               |.|
[21.411491000] dev=8 RADIO->APP (1 bytes)
    ff                                               |.|
[21.412667000] dev=8 RADIO->APP (1 bytes)
    ff                                               |.|
[21.413768000] dev=8 RADIO->APP (1 bytes)
    ff                                               |.|
[21.414790000] dev=8 RADIO->APP (1 bytes)
    ff                                               |.|
[21.416018000] dev=8 RADIO->APP (1 bytes)
    ff                                               |.|
[21.417143000] dev=8 RADIO->APP (1 bytes)
    ff                                               |.|
[21.444733000] dev=8 APP->RADIO (4 bytes)
    52 01 80 08                                      |R...|
[21.450055000] dev=8 RADIO->APP (1 bytes)
    57                                               |W|
[21.451191000] dev=8 RADIO->APP (1 bytes)
    01                                               |.|
[21.452316000] dev=8 RADIO->APP (1 bytes)
    80                                               |.|
[21.453441000] dev=8 RADIO->APP (1 bytes)
    08                                               |.|
[21.454608000] dev=8 RADIO->APP (1 bytes)
    ff                                               |.|
[21.455716000] dev=8 RADIO->APP (1 bytes)
    ff                                               |.|
[21.456844000] dev=8 RADIO->APP (1 bytes)
    ff                                               |.|
[21.457899000] dev=8 RADIO->APP (1 bytes)
    ff                                               |.|
[21.459012000] dev=8 RADIO->APP (1 bytes)
    ff                                               |.|
[21.460114000] dev=8 RADIO->APP (1 bytes)
    ff                                               |.|
[21.461366000] dev=8 RADIO->APP (1 bytes)
    ff                                               |.|
[21.462489000] dev=8 RADIO->APP (1 bytes)
    ff                                               |.|
[21.490926000] dev=8 APP->RADIO (4 bytes)
    52 01 88 08                                      |R...|
[21.496198000] dev=8 RADIO->APP (1 bytes)
    57                                               |W|
[21.497316000] dev=8 RADIO->APP (1 bytes)
    01                                               |.|
[21.498437000] dev=8 RADIO->APP (1 bytes)
    88                                               |.|
[21.499591000] dev=8 RADIO->APP (1 bytes)
    08                                               |.|
[21.500714000] dev=8 RADIO->APP (1 bytes)
    ff                                               |.|
[21.501848000] dev=8 RADIO->APP (1 bytes)
    ff                                               |.|
[21.503043000] dev=8 RADIO->APP (1 bytes)
    ff                                               |.|
[21.504166000] dev=8 RADIO->APP (1 bytes)
    ff                                               |.|
[21.505218000] dev=8 RADIO->APP (1 bytes)
    ff                                               |.|
[21.506314000] dev=8 RADIO->APP (1 bytes)
    ff                                               |.|
[21.507568000] dev=8 RADIO->APP (1 bytes)
    ff                                               |.|
[21.508629000] dev=8 RADIO->APP (1 bytes)
    ff                                               |.|
[21.537734000] dev=8 APP->RADIO (4 bytes)
    52 01 90 08                                      |R...|
[21.543071000] dev=8 RADIO->APP (1 bytes)
    57                                               |W|
[21.544193000] dev=8 RADIO->APP (1 bytes)
    01                                               |.|
[21.545343000] dev=8 RADIO->APP (1 bytes)
    90                                               |.|
[21.546467000] dev=8 RADIO->APP (1 bytes)
    08                                               |.|
[21.547666000] dev=8 RADIO->APP (1 bytes)
    ff                                               |.|
[21.548715000] dev=8 RADIO->APP (1 bytes)
    ff                                               |.|
[21.549841000] dev=8 RADIO->APP (1 bytes)
    ff                                               |.|
[21.550993000] dev=8 RADIO->APP (1 bytes)
    ff                                               |.|
[21.552041000] dev=8 RADIO->APP (1 bytes)
    ff                                               |.|
[21.553141000] dev=8 RADIO->APP (1 bytes)
    ff                                               |.|
[21.554369000] dev=8 RADIO->APP (1 bytes)
    ff                                               |.|
[21.555491000] dev=8 RADIO->APP (1 bytes)
    ff                                               |.|
[21.584901000] dev=8 APP->RADIO (4 bytes)
    52 01 98 08                                      |R...|
[21.590218000] dev=8 RADIO->APP (1 bytes)
    57                                               |W|
[21.591344000] dev=8 RADIO->APP (1 bytes)
    01                                               |.|
[21.592418000] dev=8 RADIO->APP (1 bytes)
    98                                               |.|
[21.593666000] dev=8 RADIO->APP (1 bytes)
    08                                               |.|
[21.594741000] dev=8 RADIO->APP (1 bytes)
    ff                                               |.|
[21.595872000] dev=8 RADIO->APP (1 bytes)
    ff                                               |.|
[21.596932000] dev=8 RADIO->APP (1 bytes)
    ff                                               |.|
[21.598066000] dev=8 RADIO->APP (1 bytes)
    ff                                               |.|
[21.599190000] dev=8 RADIO->APP (1 bytes)
    ff                                               |.|
[21.600316000] dev=8 RADIO->APP (1 bytes)
    ff                                               |.|
[21.601438000] dev=8 RADIO->APP (1 bytes)
    ff                                               |.|
[21.602590000] dev=8 RADIO->APP (1 bytes)
    ff                                               |.|
[21.630512000] dev=8 APP->RADIO (4 bytes)
    52 01 a0 08                                      |R...|
[21.635849000] dev=8 RADIO->APP (1 bytes)
    57                                               |W|
[21.636967000] dev=8 RADIO->APP (1 bytes)
    01                                               |.|
[21.638091000] dev=8 RADIO->APP (1 bytes)
    a0                                               |.|
[21.639240000] dev=8 RADIO->APP (1 bytes)
    08                                               |.|
[21.640369000] dev=8 RADIO->APP (1 bytes)
    ff                                               |.|
[21.641431000] dev=8 RADIO->APP (1 bytes)
    ff                                               |.|
[21.642568000] dev=8 RADIO->APP (1 bytes)
    ff                                               |.|
[21.643745000] dev=8 RADIO->APP (1 bytes)
    ff                                               |.|
[21.644867000] dev=8 RADIO->APP (1 bytes)
    ff                                               |.|
[21.645983000] dev=8 RADIO->APP (1 bytes)
    ff                                               |.|
[21.647075000] dev=8 RADIO->APP (1 bytes)
    ff                                               |.|
[21.648267000] dev=8 RADIO->APP (1 bytes)
    ff                                               |.|
[21.677395000] dev=8 APP->RADIO (4 bytes)
    52 01 a8 08                                      |R...|
[21.682726000] dev=8 RADIO->APP (1 bytes)
    57                                               |W|
[21.683832000] dev=8 RADIO->APP (1 bytes)
    01                                               |.|
[21.684953000] dev=8 RADIO->APP (1 bytes)
    a8                                               |.|
[21.686115000] dev=8 RADIO->APP (1 bytes)
    08                                               |.|
[21.687242000] dev=8 RADIO->APP (1 bytes)
    ff                                               |.|
[21.688367000] dev=8 RADIO->APP (1 bytes)
    ff                                               |.|
[21.689491000] dev=8 RADIO->APP (1 bytes)
    ff                                               |.|
[21.690667000] dev=8 RADIO->APP (1 bytes)
    ff                                               |.|
[21.691801000] dev=8 RADIO->APP (1 bytes)
    ff                                               |.|
[21.692801000] dev=8 RADIO->APP (1 bytes)
    ff                                               |.|
[21.693914000] dev=8 RADIO->APP (1 bytes)
    ff                                               |.|
[21.695139000] dev=8 RADIO->APP (1 bytes)
    ff                                               |.|
[21.722940000] dev=8 APP->RADIO (4 bytes)
    52 01 b0 08                                      |R...|
[21.728195000] dev=8 RADIO->APP (1 bytes)
    57                                               |W|
[21.729317000] dev=8 RADIO->APP (1 bytes)
    01                                               |.|
[21.730438000] dev=8 RADIO->APP (1 bytes)
    b0                                               |.|
[21.731590000] dev=8 RADIO->APP (1 bytes)
    08                                               |.|
[21.732717000] dev=8 RADIO->APP (1 bytes)
    ff                                               |.|
[21.733842000] dev=8 RADIO->APP (1 bytes)
    ff                                               |.|
[21.735021000] dev=8 RADIO->APP (1 bytes)
    ff                                               |.|
[21.736129000] dev=8 RADIO->APP (1 bytes)
    ff                                               |.|
[21.737260000] dev=8 RADIO->APP (1 bytes)
    ff                                               |.|
[21.738340000] dev=8 RADIO->APP (1 bytes)
    ff                                               |.|
[21.739567000] dev=8 RADIO->APP (1 bytes)
    ff                                               |.|
[21.740691000] dev=8 RADIO->APP (1 bytes)
    ff                                               |.|
[21.769944000] dev=8 APP->RADIO (4 bytes)
    52 01 b8 08                                      |R...|
[21.775172000] dev=8 RADIO->APP (1 bytes)
    57                                               |W|
[21.776344000] dev=8 RADIO->APP (1 bytes)
    01                                               |.|
[21.777467000] dev=8 RADIO->APP (1 bytes)
    b8                                               |.|
[21.778593000] dev=8 RADIO->APP (1 bytes)
    08                                               |.|
[21.779719000] dev=8 RADIO->APP (1 bytes)
    ff                                               |.|
[21.780843000] dev=8 RADIO->APP (1 bytes)
    ff                                               |.|
[21.781992000] dev=8 RADIO->APP (1 bytes)
    ff                                               |.|
[21.783118000] dev=8 RADIO->APP (1 bytes)
    ff                                               |.|
[21.784243000] dev=8 RADIO->APP (1 bytes)
    ff                                               |.|
[21.785367000] dev=8 RADIO->APP (1 bytes)
    ff                                               |.|
[21.786475000] dev=8 RADIO->APP (1 bytes)
    ff                                               |.|
[21.787617000] dev=8 RADIO->APP (1 bytes)
    ff                                               |.|
[21.817928000] dev=8 APP->RADIO (4 bytes)
    52 01 c0 08                                      |R...|
[21.823188000] dev=8 RADIO->APP (1 bytes)
    57                                               |W|
[21.824317000] dev=8 RADIO->APP (1 bytes)
    01                                               |.|
[21.825438000] dev=8 RADIO->APP (1 bytes)
    c0                                               |.|
[21.826588000] dev=8 RADIO->APP (1 bytes)
    08                                               |.|
[21.827690000] dev=8 RADIO->APP (1 bytes)
    ff                                               |.|
[21.828840000] dev=8 RADIO->APP (1 bytes)
    ff                                               |.|
[21.829966000] dev=8 RADIO->APP (1 bytes)
    ff                                               |.|
[21.831172000] dev=8 RADIO->APP (1 bytes)
    ff                                               |.|
[21.832214000] dev=8 RADIO->APP (1 bytes)
    ff                                               |.|
[21.833340000] dev=8 RADIO->APP (1 bytes)
    ff                                               |.|
[21.834468000] dev=8 RADIO->APP (1 bytes)
    ff                                               |.|
[21.835615000] dev=8 RADIO->APP (1 bytes)
    ff                                               |.|
[21.864959000] dev=8 APP->RADIO (4 bytes)
    52 01 c8 08                                      |R...|
[21.870296000] dev=8 RADIO->APP (1 bytes)
    57                                               |W|
[21.871407000] dev=8 RADIO->APP (1 bytes)
    01                                               |.|
[21.872487000] dev=8 RADIO->APP (1 bytes)
    c8                                               |.|
[21.873665000] dev=8 RADIO->APP (1 bytes)
    08                                               |.|
[21.874791000] dev=8 RADIO->APP (1 bytes)
    ff                                               |.|
[21.875868000] dev=8 RADIO->APP (1 bytes)
    ff                                               |.|
[21.877065000] dev=8 RADIO->APP (1 bytes)
    ff                                               |.|
[21.878190000] dev=8 RADIO->APP (1 bytes)
    ff                                               |.|
[21.879318000] dev=8 RADIO->APP (1 bytes)
    ff                                               |.|
[21.880436000] dev=8 RADIO->APP (1 bytes)
    ff                                               |.|
[21.881537000] dev=8 RADIO->APP (1 bytes)
    ff                                               |.|
[21.882716000] dev=8 RADIO->APP (1 bytes)
    ff                                               |.|
[21.911728000] dev=8 APP->RADIO (4 bytes)
    52 01 d0 08                                      |R...|
[21.916996000] dev=8 RADIO->APP (1 bytes)
    57                                               |W|
[21.918115000] dev=8 RADIO->APP (1 bytes)
    01                                               |.|
[21.919239000] dev=8 RADIO->APP (1 bytes)
    d0                                               |.|
[21.920367000] dev=8 RADIO->APP (1 bytes)
    08                                               |.|
[21.921490000] dev=8 RADIO->APP (1 bytes)
    ff                                               |.|
[21.922613000] dev=8 RADIO->APP (1 bytes)
    ff                                               |.|
[21.923771000] dev=8 RADIO->APP (1 bytes)
    ff                                               |.|
[21.924889000] dev=8 RADIO->APP (1 bytes)
    ff                                               |.|
[21.926064000] dev=8 RADIO->APP (1 bytes)
    ff                                               |.|
[21.927138000] dev=8 RADIO->APP (1 bytes)
    ff                                               |.|
[21.928260000] dev=8 RADIO->APP (1 bytes)
    ff                                               |.|
[21.929387000] dev=8 RADIO->APP (1 bytes)
    ff                                               |.|
[21.959161000] dev=8 APP->RADIO (4 bytes)
    52 01 d8 08                                      |R...|
[21.964420000] dev=8 RADIO->APP (1 bytes)
    57                                               |W|
[21.965591000] dev=8 RADIO->APP (1 bytes)
    01                                               |.|
[21.966666000] dev=8 RADIO->APP (1 bytes)
    d8                                               |.|
[21.967807000] dev=8 RADIO->APP (1 bytes)
    08                                               |.|
[21.968937000] dev=8 RADIO->APP (1 bytes)
    ff                                               |.|
[21.970065000] dev=8 RADIO->APP (1 bytes)
    ff                                               |.|
[21.971192000] dev=8 RADIO->APP (1 bytes)
    ff                                               |.|
[21.972318000] dev=8 RADIO->APP (1 bytes)
    ff                                               |.|
[21.973438000] dev=8 RADIO->APP (1 bytes)
    ff                                               |.|
[21.974591000] dev=8 RADIO->APP (1 bytes)
    ff                                               |.|
[21.975668000] dev=8 RADIO->APP (1 bytes)
    ff                                               |.|
[21.976794000] dev=8 RADIO->APP (1 bytes)
    ff                                               |.|
[22.006563000] dev=8 APP->RADIO (4 bytes)
    52 01 e0 08                                      |R...|
[22.011892000] dev=8 RADIO->APP (1 bytes)
    57                                               |W|
[22.013012000] dev=8 RADIO->APP (1 bytes)
    01                                               |.|
[22.014144000] dev=8 RADIO->APP (1 bytes)
    e0                                               |.|
[22.015268000] dev=8 RADIO->APP (1 bytes)
    08                                               |.|
[22.016422000] dev=8 RADIO->APP (1 bytes)
    ff                                               |.|
[22.017542000] dev=8 RADIO->APP (1 bytes)
    ff                                               |.|
[22.018670000] dev=8 RADIO->APP (1 bytes)
    ff                                               |.|
[22.019791000] dev=8 RADIO->APP (1 bytes)
    ff                                               |.|
[22.020918000] dev=8 RADIO->APP (1 bytes)
    ff                                               |.|
[22.022043000] dev=8 RADIO->APP (1 bytes)
    ff                                               |.|
[22.023090000] dev=8 RADIO->APP (1 bytes)
    ff                                               |.|
[22.024322000] dev=8 RADIO->APP (1 bytes)
    ff                                               |.|
[22.053389000] dev=8 APP->RADIO (4 bytes)
    52 01 e8 08                                      |R...|
[22.058637000] dev=8 RADIO->APP (1 bytes)
    57                                               |W|
[22.059768000] dev=8 RADIO->APP (1 bytes)
    01                                               |.|
[22.060876000] dev=8 RADIO->APP (1 bytes)
    e8                                               |.|
[22.062040000] dev=8 RADIO->APP (1 bytes)
    08                                               |.|
[22.063248000] dev=8 RADIO->APP (1 bytes)
    ff                                               |.|
[22.064366000] dev=8 RADIO->APP (1 bytes)
    ff                                               |.|
[22.065494000] dev=8 RADIO->APP (1 bytes)
    ff                                               |.|
[22.066666000] dev=8 RADIO->APP (1 bytes)
    ff                                               |.|
[22.067665000] dev=8 RADIO->APP (1 bytes)
    ff                                               |.|
[22.068845000] dev=8 RADIO->APP (1 bytes)
    ff                                               |.|
[22.069939000] dev=8 RADIO->APP (1 bytes)
    ff                                               |.|
[22.071065000] dev=8 RADIO->APP (1 bytes)
    ff                                               |.|
[22.100090000] dev=8 APP->RADIO (4 bytes)
    52 01 f0 08                                      |R...|
[22.105445000] dev=8 RADIO->APP (1 bytes)
    57                                               |W|
[22.106569000] dev=8 RADIO->APP (1 bytes)
    01                                               |.|
[22.107695000] dev=8 RADIO->APP (1 bytes)
    f0                                               |.|
[22.108718000] dev=8 RADIO->APP (1 bytes)
    08                                               |.|
[22.109943000] dev=8 RADIO->APP (1 bytes)
    ff                                               |.|
[22.111037000] dev=8 RADIO->APP (1 bytes)
    ff                                               |.|
[22.112217000] dev=8 RADIO->APP (1 bytes)
    ff                                               |.|
[22.113342000] dev=8 RADIO->APP (1 bytes)
    ff                                               |.|
[22.114466000] dev=8 RADIO->APP (1 bytes)
    ff                                               |.|
[22.115629000] dev=8 RADIO->APP (1 bytes)
    ff                                               |.|
[22.116723000] dev=8 RADIO->APP (1 bytes)
    ff                                               |.|
[22.117868000] dev=8 RADIO->APP (1 bytes)
    ff                                               |.|
[22.146684000] dev=8 APP->RADIO (4 bytes)
    52 01 f8 08                                      |R...|
[22.152019000] dev=8 RADIO->APP (1 bytes)
    57                                               |W|
[22.153144000] dev=8 RADIO->APP (1 bytes)
    01                                               |.|
[22.154296000] dev=8 RADIO->APP (1 bytes)
    f8                                               |.|
[22.155351000] dev=8 RADIO->APP (1 bytes)
    08                                               |.|
[22.156439000] dev=8 RADIO->APP (1 bytes)
    ff                                               |.|
[22.157572000] dev=8 RADIO->APP (1 bytes)
    ff                                               |.|
[22.158714000] dev=8 RADIO->APP (1 bytes)
    ff                                               |.|
[22.159877000] dev=8 RADIO->APP (1 bytes)
    ff                                               |.|
[22.161068000] dev=8 RADIO->APP (1 bytes)
    ff                                               |.|
[22.162194000] dev=8 RADIO->APP (1 bytes)
    ff                                               |.|
[22.163242000] dev=8 RADIO->APP (1 bytes)
    ff                                               |.|
[22.164365000] dev=8 RADIO->APP (1 bytes)
    ff                                               |.|
[22.193291000] dev=8 APP->RADIO (4 bytes)
    52 02 00 08                                      |R...|
[22.198572000] dev=8 RADIO->APP (1 bytes)
    57                                               |W|
[22.199665000] dev=8 RADIO->APP (1 bytes)
    02                                               |.|
[22.200788000] dev=8 RADIO->APP (1 bytes)
    00                                               |.|
[22.201916000] dev=8 RADIO->APP (1 bytes)
    08                                               |.|
[22.203040000] dev=8 RADIO->APP (1 bytes)
    ff                                               |.|
[22.204176000] dev=8 RADIO->APP (1 bytes)
    ff                                               |.|
[22.205315000] dev=8 RADIO->APP (1 bytes)
    ff                                               |.|
[22.206442000] dev=8 RADIO->APP (1 bytes)
    ff                                               |.|
[22.207567000] dev=8 RADIO->APP (1 bytes)
    ff                                               |.|
[22.208690000] dev=8 RADIO->APP (1 bytes)
    ff                                               |.|
[22.209845000] dev=8 RADIO->APP (1 bytes)
    ff                                               |.|
[22.210969000] dev=8 RADIO->APP (1 bytes)
    ff                                               |.|
[22.240422000] dev=8 APP->RADIO (4 bytes)
    52 02 08 08                                      |R...|
[22.245780000] dev=8 RADIO->APP (1 bytes)
    57                                               |W|
[22.246894000] dev=8 RADIO->APP (1 bytes)
    02                                               |.|
[22.248016000] dev=8 RADIO->APP (1 bytes)
    08                                               |.|
[22.249067000] dev=8 RADIO->APP (1 bytes)
    08                                               |.|
[22.250291000] dev=8 RADIO->APP (1 bytes)
    ff                                               |.|
[22.251418000] dev=8 RADIO->APP (1 bytes)
    ff                                               |.|
[22.252540000] dev=8 RADIO->APP (1 bytes)
    ff                                               |.|
[22.253667000] dev=8 RADIO->APP (1 bytes)
    ff                                               |.|
[22.254793000] dev=8 RADIO->APP (1 bytes)
    ff                                               |.|
[22.255944000] dev=8 RADIO->APP (1 bytes)
    ff                                               |.|
[22.256971000] dev=8 RADIO->APP (1 bytes)
    ff                                               |.|
[22.258194000] dev=8 RADIO->APP (1 bytes)
    ff                                               |.|
[22.286626000] dev=8 APP->RADIO (4 bytes)
    52 02 10 08                                      |R...|
[22.291873000] dev=8 RADIO->APP (1 bytes)
    57                                               |W|
[22.293100000] dev=8 RADIO->APP (1 bytes)
    02                                               |.|
[22.294218000] dev=8 RADIO->APP (1 bytes)
    10                                               |.|
[22.295348000] dev=8 RADIO->APP (1 bytes)
    08                                               |.|
[22.296421000] dev=8 RADIO->APP (1 bytes)
    ff                                               |.|
[22.297668000] dev=8 RADIO->APP (1 bytes)
    ff                                               |.|
[22.298727000] dev=8 RADIO->APP (1 bytes)
    ff                                               |.|
[22.299869000] dev=8 RADIO->APP (1 bytes)
    ff                                               |.|
[22.300995000] dev=8 RADIO->APP (1 bytes)
    ff                                               |.|
[22.302039000] dev=8 RADIO->APP (1 bytes)
    ff                                               |.|
[22.303162000] dev=8 RADIO->APP (1 bytes)
    ff                                               |.|
[22.304291000] dev=8 RADIO->APP (1 bytes)
    ff                                               |.|
[22.333617000] dev=8 APP->RADIO (4 bytes)
    52 02 18 08                                      |R...|
[22.338858000] dev=8 RADIO->APP (1 bytes)
    57                                               |W|
[22.340066000] dev=8 RADIO->APP (1 bytes)
    02                                               |.|
[22.341217000] dev=8 RADIO->APP (1 bytes)
    18                                               |.|
[22.342266000] dev=8 RADIO->APP (1 bytes)
    08                                               |.|
[22.343470000] dev=8 RADIO->APP (1 bytes)
    ff                                               |.|
[22.344594000] dev=8 RADIO->APP (1 bytes)
    ff                                               |.|
[22.345716000] dev=8 RADIO->APP (1 bytes)
    ff                                               |.|
[22.346868000] dev=8 RADIO->APP (1 bytes)
    ff                                               |.|
[22.347993000] dev=8 RADIO->APP (1 bytes)
    ff                                               |.|
[22.349118000] dev=8 RADIO->APP (1 bytes)
    ff                                               |.|
[22.350142000] dev=8 RADIO->APP (1 bytes)
    ff                                               |.|
[22.351296000] dev=8 RADIO->APP (1 bytes)
    ff                                               |.|
[22.380069000] dev=8 APP->RADIO (4 bytes)
    52 02 20 08                                      |R. .|
[22.385395000] dev=8 RADIO->APP (1 bytes)
    57                                               |W|
[22.386526000] dev=8 RADIO->APP (1 bytes)
    02                                               |.|
[22.387669000] dev=8 RADIO->APP (1 bytes)
    20                                               | |
[22.388793000] dev=8 RADIO->APP (1 bytes)
    08                                               |.|
[22.389901000] dev=8 RADIO->APP (1 bytes)
    ff                                               |.|
[22.390996000] dev=8 RADIO->APP (1 bytes)
    ff                                               |.|
[22.392082000] dev=8 RADIO->APP (1 bytes)
    ff                                               |.|
[22.393303000] dev=8 RADIO->APP (1 bytes)
    ff                                               |.|
[22.394442000] dev=8 RADIO->APP (1 bytes)
    ff                                               |.|
[22.395566000] dev=8 RADIO->APP (1 bytes)
    ff                                               |.|
[22.396693000] dev=8 RADIO->APP (1 bytes)
    ff                                               |.|
[22.397819000] dev=8 RADIO->APP (1 bytes)
    ff                                               |.|
[22.427436000] dev=8 APP->RADIO (4 bytes)
    52 02 28 08                                      |R.(.|
[22.432698000] dev=8 RADIO->APP (1 bytes)
    57                                               |W|
[22.433813000] dev=8 RADIO->APP (1 bytes)
    02                                               |.|
[22.434939000] dev=8 RADIO->APP (1 bytes)
    28                                               |(|
[22.436080000] dev=8 RADIO->APP (1 bytes)
    08                                               |.|
[22.437192000] dev=8 RADIO->APP (1 bytes)
    ff                                               |.|
[22.438343000] dev=8 RADIO->APP (1 bytes)
    ff                                               |.|
[22.439545000] dev=8 RADIO->APP (1 bytes)
    ff                                               |.|
[22.440666000] dev=8 RADIO->APP (1 bytes)
    ff                                               |.|
[22.441837000] dev=8 RADIO->APP (1 bytes)
    ff                                               |.|
[22.442874000] dev=8 RADIO->APP (1 bytes)
    ff                                               |.|
[22.443955000] dev=8 RADIO->APP (1 bytes)
    ff                                               |.|
[22.445192000] dev=8 RADIO->APP (1 bytes)
    ff                                               |.|
[22.473857000] dev=8 APP->RADIO (4 bytes)
    52 02 30 08                                      |R.0.|
[22.479127000] dev=8 RADIO->APP (1 bytes)
    57                                               |W|
[22.480319000] dev=8 RADIO->APP (1 bytes)
    02                                               |.|
[22.481443000] dev=8 RADIO->APP (1 bytes)
    30                                               |0|
[22.482567000] dev=8 RADIO->APP (1 bytes)
    08                                               |.|
[22.483656000] dev=8 RADIO->APP (1 bytes)
    ff                                               |.|
[22.484843000] dev=8 RADIO->APP (1 bytes)
    ff                                               |.|
[22.485967000] dev=8 RADIO->APP (1 bytes)
    ff                                               |.|
[22.487093000] dev=8 RADIO->APP (1 bytes)
    ff                                               |.|
[22.488219000] dev=8 RADIO->APP (1 bytes)
    ff                                               |.|
[22.489344000] dev=8 RADIO->APP (1 bytes)
    ff                                               |.|
[22.490392000] dev=8 RADIO->APP (1 bytes)
    ff                                               |.|
[22.491603000] dev=8 RADIO->APP (1 bytes)
    ff                                               |.|
[22.520114000] dev=8 APP->RADIO (4 bytes)
    52 02 38 08                                      |R.8.|
[22.525377000] dev=8 RADIO->APP (1 bytes)
    57                                               |W|
[22.526567000] dev=8 RADIO->APP (1 bytes)
    02                                               |.|
[22.527677000] dev=8 RADIO->APP (1 bytes)
    38                                               |8|
[22.528806000] dev=8 RADIO->APP (1 bytes)
    08                                               |.|
[22.529965000] dev=8 RADIO->APP (1 bytes)
    ff                                               |.|
[22.531089000] dev=8 RADIO->APP (1 bytes)
    ff                                               |.|
[22.532214000] dev=8 RADIO->APP (1 bytes)
    ff                                               |.|
[22.533339000] dev=8 RADIO->APP (1 bytes)
    ff                                               |.|
[22.534490000] dev=8 RADIO->APP (1 bytes)
    ff                                               |.|
[22.535666000] dev=8 RADIO->APP (1 bytes)
    ff                                               |.|
[22.536665000] dev=8 RADIO->APP (1 bytes)
    ff                                               |.|
[22.537787000] dev=8 RADIO->APP (1 bytes)
    ff                                               |.|
[22.567009000] dev=8 APP->RADIO (4 bytes)
    52 02 40 08                                      |R.@.|
[22.572342000] dev=8 RADIO->APP (1 bytes)
    57                                               |W|
[22.573468000] dev=8 RADIO->APP (1 bytes)
    02                                               |.|
[22.574632000] dev=8 RADIO->APP (1 bytes)
    40                                               |@|
[22.575614000] dev=8 RADIO->APP (1 bytes)
    08                                               |.|
[22.576838000] dev=8 RADIO->APP (1 bytes)
    ff                                               |.|
[22.577993000] dev=8 RADIO->APP (1 bytes)
    ff                                               |.|
[22.579102000] dev=8 RADIO->APP (1 bytes)
    ff                                               |.|
[22.580241000] dev=8 RADIO->APP (1 bytes)
    ff                                               |.|
[22.581365000] dev=8 RADIO->APP (1 bytes)
    ff                                               |.|
[22.582491000] dev=8 RADIO->APP (1 bytes)
    ff                                               |.|
[22.583572000] dev=8 RADIO->APP (1 bytes)
    ff                                               |.|
[22.584666000] dev=8 RADIO->APP (1 bytes)
    ff                                               |.|
[22.613719000] dev=8 APP->RADIO (4 bytes)
    52 02 48 08                                      |R.H.|
[22.619066000] dev=8 RADIO->APP (1 bytes)
    57                                               |W|
[22.620190000] dev=8 RADIO->APP (1 bytes)
    02                                               |.|
[22.621320000] dev=8 RADIO->APP (1 bytes)
    48                                               |H|
[22.622440000] dev=8 RADIO->APP (1 bytes)
    08                                               |.|
[22.623593000] dev=8 RADIO->APP (1 bytes)
    ff                                               |.|
[22.624638000] dev=8 RADIO->APP (1 bytes)
    ff                                               |.|
[22.625740000] dev=8 RADIO->APP (1 bytes)
    ff                                               |.|
[22.626942000] dev=8 RADIO->APP (1 bytes)
    ff                                               |.|
[22.628049000] dev=8 RADIO->APP (1 bytes)
    ff                                               |.|
[22.629116000] dev=8 RADIO->APP (1 bytes)
    ff                                               |.|
[22.630340000] dev=8 RADIO->APP (1 bytes)
    ff                                               |.|
[22.631472000] dev=8 RADIO->APP (1 bytes)
    ff                                               |.|
[22.660835000] dev=8 APP->RADIO (4 bytes)
    52 02 50 08                                      |R.P.|
[22.666113000] dev=8 RADIO->APP (1 bytes)
    57                                               |W|
[22.667237000] dev=8 RADIO->APP (1 bytes)
    02                                               |.|
[22.668363000] dev=8 RADIO->APP (1 bytes)
    50                                               |P|
[22.669487000] dev=8 RADIO->APP (1 bytes)
    08                                               |.|
[22.670635000] dev=8 RADIO->APP (1 bytes)
    ff                                               |.|
[22.671715000] dev=8 RADIO->APP (1 bytes)
    ff                                               |.|
[22.672888000] dev=8 RADIO->APP (1 bytes)
    ff                                               |.|
[22.674015000] dev=8 RADIO->APP (1 bytes)
    ff                                               |.|
[22.675234000] dev=8 RADIO->APP (1 bytes)
    ff                                               |.|
[22.676308000] dev=8 RADIO->APP (1 bytes)
    ff                                               |.|
[22.677470000] dev=8 RADIO->APP (1 bytes)
    ff                                               |.|
[22.678577000] dev=8 RADIO->APP (1 bytes)
    ff                                               |.|
[22.707805000] dev=8 APP->RADIO (4 bytes)
    52 02 58 08                                      |R.X.|
[22.713043000] dev=8 RADIO->APP (1 bytes)
    57                                               |W|
[22.714191000] dev=8 RADIO->APP (1 bytes)
    02                                               |.|
[22.715316000] dev=8 RADIO->APP (1 bytes)
    58                                               |X|
[22.716439000] dev=8 RADIO->APP (1 bytes)
    08                                               |.|
[22.717589000] dev=8 RADIO->APP (1 bytes)
    ff                                               |.|
[22.718689000] dev=8 RADIO->APP (1 bytes)
    ff                                               |.|
[22.719893000] dev=8 RADIO->APP (1 bytes)
    ff                                               |.|
[22.720929000] dev=8 RADIO->APP (1 bytes)
    ff                                               |.|
[22.722166000] dev=8 RADIO->APP (1 bytes)
    ff                                               |.|
[22.723215000] dev=8 RADIO->APP (1 bytes)
    ff                                               |.|
[22.724417000] dev=8 RADIO->APP (1 bytes)
    ff                                               |.|
[22.725442000] dev=8 RADIO->APP (1 bytes)
    ff                                               |.|
[22.754127000] dev=8 APP->RADIO (4 bytes)
    52 02 60 08                                      |R.`.|
[22.759457000] dev=8 RADIO->APP (1 bytes)
    57                                               |W|
[22.760672000] dev=8 RADIO->APP (1 bytes)
    02                                               |.|
[22.761672000] dev=8 RADIO->APP (1 bytes)
    60                                               |`|
[22.762833000] dev=8 RADIO->APP (1 bytes)
    08                                               |.|
[22.763968000] dev=8 RADIO->APP (1 bytes)
    ff                                               |.|
[22.765092000] dev=8 RADIO->APP (1 bytes)
    ff                                               |.|
[22.766218000] dev=8 RADIO->APP (1 bytes)
    ff                                               |.|
[22.767342000] dev=8 RADIO->APP (1 bytes)
    ff                                               |.|
[22.768490000] dev=8 RADIO->APP (1 bytes)
    ff                                               |.|
[22.769597000] dev=8 RADIO->APP (1 bytes)
    ff                                               |.|
[22.770664000] dev=8 RADIO->APP (1 bytes)
    ff                                               |.|
[22.771790000] dev=8 RADIO->APP (1 bytes)
    ff                                               |.|
[22.800436000] dev=8 APP->RADIO (4 bytes)
    52 02 68 08                                      |R.h.|
[22.805844000] dev=8 RADIO->APP (1 bytes)
    57                                               |W|
[22.806968000] dev=8 RADIO->APP (1 bytes)
    02                                               |.|
[22.808116000] dev=8 RADIO->APP (1 bytes)
    68                                               |h|
[22.809164000] dev=8 RADIO->APP (1 bytes)
    08                                               |.|
[22.810369000] dev=8 RADIO->APP (1 bytes)
    ff                                               |.|
[22.811492000] dev=8 RADIO->APP (1 bytes)
    ff                                               |.|
[22.812584000] dev=8 RADIO->APP (1 bytes)
    ff                                               |.|
[22.813768000] dev=8 RADIO->APP (1 bytes)
    ff                                               |.|
[22.814894000] dev=8 RADIO->APP (1 bytes)
    ff                                               |.|
[22.815917000] dev=8 RADIO->APP (1 bytes)
    ff                                               |.|
[22.817082000] dev=8 RADIO->APP (1 bytes)
    ff                                               |.|
[22.818293000] dev=8 RADIO->APP (1 bytes)
    ff                                               |.|
[22.846184000] dev=8 APP->RADIO (4 bytes)
    52 02 70 08                                      |R.p.|
[22.851517000] dev=8 RADIO->APP (1 bytes)
    57                                               |W|
[22.852667000] dev=8 RADIO->APP (1 bytes)
    02                                               |.|
[22.853793000] dev=8 RADIO->APP (1 bytes)
    70                                               |p|
[22.854917000] dev=8 RADIO->APP (1 bytes)
    08                                               |.|
[22.856042000] dev=8 RADIO->APP (1 bytes)
    ff                                               |.|
[22.857134000] dev=8 RADIO->APP (1 bytes)
    ff                                               |.|
[22.858318000] dev=8 RADIO->APP (1 bytes)
    ff                                               |.|
[22.859442000] dev=8 RADIO->APP (1 bytes)
    ff                                               |.|
[22.860568000] dev=8 RADIO->APP (1 bytes)
    ff                                               |.|
[22.861723000] dev=8 RADIO->APP (1 bytes)
    ff                                               |.|
[22.862738000] dev=8 RADIO->APP (1 bytes)
    ff                                               |.|
[22.863967000] dev=8 RADIO->APP (1 bytes)
    ff                                               |.|
[22.892887000] dev=8 APP->RADIO (4 bytes)
    52 02 78 08                                      |R.x.|
[22.898171000] dev=8 RADIO->APP (1 bytes)
    57                                               |W|
[22.899297000] dev=8 RADIO->APP (1 bytes)
    02                                               |.|
[22.900413000] dev=8 RADIO->APP (1 bytes)
    78                                               |x|
[22.901591000] dev=8 RADIO->APP (1 bytes)
    08                                               |.|
[22.902687000] dev=8 RADIO->APP (1 bytes)
    ff                                               |.|
[22.903813000] dev=8 RADIO->APP (1 bytes)
    ff                                               |.|
[22.904913000] dev=8 RADIO->APP (1 bytes)
    ff                                               |.|
[22.906088000] dev=8 RADIO->APP (1 bytes)
    ff                                               |.|
[22.907290000] dev=8 RADIO->APP (1 bytes)
    ff                                               |.|
[22.908416000] dev=8 RADIO->APP (1 bytes)
    ff                                               |.|
[22.909445000] dev=8 RADIO->APP (1 bytes)
    ff                                               |.|
[22.910564000] dev=8 RADIO->APP (1 bytes)
    ff                                               |.|
[22.939701000] dev=8 APP->RADIO (4 bytes)
    52 02 80 08                                      |R...|
[22.945046000] dev=8 RADIO->APP (1 bytes)
    57                                               |W|
[22.946177000] dev=8 RADIO->APP (1 bytes)
    02                                               |.|
[22.947292000] dev=8 RADIO->APP (1 bytes)
    80                                               |.|
[22.948400000] dev=8 RADIO->APP (1 bytes)
    08                                               |.|
[22.949549000] dev=8 RADIO->APP (1 bytes)
    ff                                               |.|
[22.950689000] dev=8 RADIO->APP (1 bytes)
    ff                                               |.|
[22.951814000] dev=8 RADIO->APP (1 bytes)
    ff                                               |.|
[22.952941000] dev=8 RADIO->APP (1 bytes)
    ff                                               |.|
[22.954075000] dev=8 RADIO->APP (1 bytes)
    ff                                               |.|
[22.955215000] dev=8 RADIO->APP (1 bytes)
    ff                                               |.|
[22.956344000] dev=8 RADIO->APP (1 bytes)
    ff                                               |.|
[22.957402000] dev=8 RADIO->APP (1 bytes)
    ff                                               |.|
[22.987646000] dev=8 APP->RADIO (4 bytes)
    52 02 88 08                                      |R...|
[22.992891000] dev=8 RADIO->APP (1 bytes)
    57                                               |W|
[22.994037000] dev=8 RADIO->APP (1 bytes)
    02                                               |.|
[22.995165000] dev=8 RADIO->APP (1 bytes)
    88                                               |.|
[22.996267000] dev=8 RADIO->APP (1 bytes)
    08                                               |.|
[22.997416000] dev=8 RADIO->APP (1 bytes)
    ff                                               |.|
[22.998564000] dev=8 RADIO->APP (1 bytes)
    ff                                               |.|
[22.999694000] dev=8 RADIO->APP (1 bytes)
    ff                                               |.|
[23.000893000] dev=8 RADIO->APP (1 bytes)
    ff                                               |.|
[23.002040000] dev=8 RADIO->APP (1 bytes)
    ff                                               |.|
[23.003171000] dev=8 RADIO->APP (1 bytes)
    ff                                               |.|
[23.004293000] dev=8 RADIO->APP (1 bytes)
    ff                                               |.|
[23.005371000] dev=8 RADIO->APP (1 bytes)
    ff                                               |.|
[23.033517000] dev=8 APP->RADIO (4 bytes)
    52 02 90 08                                      |R...|
[23.038869000] dev=8 RADIO->APP (1 bytes)
    57                                               |W|
[23.039992000] dev=8 RADIO->APP (1 bytes)
    02                                               |.|
[23.041102000] dev=8 RADIO->APP (1 bytes)
    90                                               |.|
[23.042193000] dev=8 RADIO->APP (1 bytes)
    08                                               |.|
[23.043391000] dev=8 RADIO->APP (1 bytes)
    ff                                               |.|
[23.044521000] dev=8 RADIO->APP (1 bytes)
    ff                                               |.|
[23.045666000] dev=8 RADIO->APP (1 bytes)
    ff                                               |.|
[23.046790000] dev=8 RADIO->APP (1 bytes)
    ff                                               |.|
[23.047915000] dev=8 RADIO->APP (1 bytes)
    ff                                               |.|
[23.049041000] dev=8 RADIO->APP (1 bytes)
    ff                                               |.|
[23.050169000] dev=8 RADIO->APP (1 bytes)
    ff                                               |.|
[23.051216000] dev=8 RADIO->APP (1 bytes)
    ff                                               |.|
[23.080556000] dev=8 APP->RADIO (4 bytes)
    52 02 98 08                                      |R...|
[23.085894000] dev=8 RADIO->APP (1 bytes)
    57                                               |W|
[23.087042000] dev=8 RADIO->APP (1 bytes)
    02                                               |.|
[23.088153000] dev=8 RADIO->APP (1 bytes)
    98                                               |.|
[23.089214000] dev=8 RADIO->APP (1 bytes)
    08                                               |.|
[23.090322000] dev=8 RADIO->APP (1 bytes)
    ff                                               |.|
[23.091542000] dev=8 RADIO->APP (1 bytes)
    ff                                               |.|
[23.092631000] dev=8 RADIO->APP (1 bytes)
    ff                                               |.|
[23.093815000] dev=8 RADIO->APP (1 bytes)
    ff                                               |.|
[23.094940000] dev=8 RADIO->APP (1 bytes)
    ff                                               |.|
[23.096069000] dev=8 RADIO->APP (1 bytes)
    ff                                               |.|
[23.097124000] dev=8 RADIO->APP (1 bytes)
    ff                                               |.|
[23.098251000] dev=8 RADIO->APP (1 bytes)
    ff                                               |.|
[23.127351000] dev=8 APP->RADIO (4 bytes)
    52 02 a0 08                                      |R...|
[23.132693000] dev=8 RADIO->APP (1 bytes)
    57                                               |W|
[23.133816000] dev=8 RADIO->APP (1 bytes)
    02                                               |.|
[23.134965000] dev=8 RADIO->APP (1 bytes)
    a0                                               |.|
[23.136096000] dev=8 RADIO->APP (1 bytes)
    08                                               |.|
[23.137219000] dev=8 RADIO->APP (1 bytes)
    ff                                               |.|
[23.138341000] dev=8 RADIO->APP (1 bytes)
    ff                                               |.|
[23.139433000] dev=8 RADIO->APP (1 bytes)
    ff                                               |.|
[23.140668000] dev=8 RADIO->APP (1 bytes)
    ff                                               |.|
[23.141742000] dev=8 RADIO->APP (1 bytes)
    ff                                               |.|
[23.142774000] dev=8 RADIO->APP (1 bytes)
    ff                                               |.|
[23.143944000] dev=8 RADIO->APP (1 bytes)
    ff                                               |.|
[23.145143000] dev=8 RADIO->APP (1 bytes)
    ff                                               |.|
[23.174690000] dev=8 APP->RADIO (4 bytes)
    52 02 a8 08                                      |R...|
[23.180023000] dev=8 RADIO->APP (1 bytes)
    57                                               |W|
[23.181142000] dev=8 RADIO->APP (1 bytes)
    02                                               |.|
[23.182296000] dev=8 RADIO->APP (1 bytes)
    a8                                               |.|
[23.183404000] dev=8 RADIO->APP (1 bytes)
    08                                               |.|
[23.184484000] dev=8 RADIO->APP (1 bytes)
    ff                                               |.|
[23.185667000] dev=8 RADIO->APP (1 bytes)
    ff                                               |.|
[23.186818000] dev=8 RADIO->APP (1 bytes)
    ff                                               |.|
[23.187940000] dev=8 RADIO->APP (1 bytes)
    ff                                               |.|
[23.189069000] dev=8 RADIO->APP (1 bytes)
    ff                                               |.|
[23.190190000] dev=8 RADIO->APP (1 bytes)
    ff                                               |.|
[23.191344000] dev=8 RADIO->APP (1 bytes)
    ff                                               |.|
[23.192362000] dev=8 RADIO->APP (1 bytes)
    ff                                               |.|
[23.221609000] dev=8 APP->RADIO (4 bytes)
    52 02 b0 08                                      |R...|
[23.226866000] dev=8 RADIO->APP (1 bytes)
    57                                               |W|
[23.228014000] dev=8 RADIO->APP (1 bytes)
    02                                               |.|
[23.229141000] dev=8 RADIO->APP (1 bytes)
    b0                                               |.|
[23.230266000] dev=8 RADIO->APP (1 bytes)
    08                                               |.|
[23.231390000] dev=8 RADIO->APP (1 bytes)
    ff                                               |.|
[23.232590000] dev=8 RADIO->APP (1 bytes)
    ff                                               |.|
[23.233742000] dev=8 RADIO->APP (1 bytes)
    ff                                               |.|
[23.234850000] dev=8 RADIO->APP (1 bytes)
    ff                                               |.|
[23.235984000] dev=8 RADIO->APP (1 bytes)
    ff                                               |.|
[23.237038000] dev=8 RADIO->APP (1 bytes)
    ff                                               |.|
[23.238174000] dev=8 RADIO->APP (1 bytes)
    ff                                               |.|
[23.239390000] dev=8 RADIO->APP (1 bytes)
    ff                                               |.|
[23.267488000] dev=8 APP->RADIO (4 bytes)
    52 02 b8 08                                      |R...|
[23.272845000] dev=8 RADIO->APP (1 bytes)
    57                                               |W|
[23.273979000] dev=8 RADIO->APP (1 bytes)
    02                                               |.|
[23.275117000] dev=8 RADIO->APP (1 bytes)
    b8                                               |.|
[23.276177000] dev=8 RADIO->APP (1 bytes)
    08                                               |.|
[23.277366000] dev=8 RADIO->APP (1 bytes)
    ff                                               |.|
[23.278488000] dev=8 RADIO->APP (1 bytes)
    ff                                               |.|
[23.279663000] dev=8 RADIO->APP (1 bytes)
    ff                                               |.|
[23.280771000] dev=8 RADIO->APP (1 bytes)
    ff                                               |.|
[23.281891000] dev=8 RADIO->APP (1 bytes)
    ff                                               |.|
[23.283016000] dev=8 RADIO->APP (1 bytes)
    ff                                               |.|
[23.284091000] dev=8 RADIO->APP (1 bytes)
    ff                                               |.|
[23.285222000] dev=8 RADIO->APP (1 bytes)
    ff                                               |.|
[23.314936000] dev=8 APP->RADIO (4 bytes)
    52 02 c0 08                                      |R...|
[23.320269000] dev=8 RADIO->APP (1 bytes)
    57                                               |W|
[23.321394000] dev=8 RADIO->APP (1 bytes)
    02                                               |.|
[23.322518000] dev=8 RADIO->APP (1 bytes)
    c0                                               |.|
[23.323609000] dev=8 RADIO->APP (1 bytes)
    08                                               |.|
[23.324790000] dev=8 RADIO->APP (1 bytes)
    ff                                               |.|
[23.325828000] dev=8 RADIO->APP (1 bytes)
    ff                                               |.|
[23.327042000] dev=8 RADIO->APP (1 bytes)
    ff                                               |.|
[23.328192000] dev=8 RADIO->APP (1 bytes)
    ff                                               |.|
[23.329317000] dev=8 RADIO->APP (1 bytes)
    ff                                               |.|
[23.330442000] dev=8 RADIO->APP (1 bytes)
    ff                                               |.|
[23.331489000] dev=8 RADIO->APP (1 bytes)
    ff                                               |.|
[23.332614000] dev=8 RADIO->APP (1 bytes)
    ff                                               |.|
[23.361788000] dev=8 APP->RADIO (4 bytes)
    52 02 c8 08                                      |R...|
[23.367147000] dev=8 RADIO->APP (1 bytes)
    57                                               |W|
[23.368266000] dev=8 RADIO->APP (1 bytes)
    02                                               |.|
[23.369390000] dev=8 RADIO->APP (1 bytes)
    c8                                               |.|
[23.370515000] dev=8 RADIO->APP (1 bytes)
    08                                               |.|
[23.371669000] dev=8 RADIO->APP (1 bytes)
    ff                                               |.|
[23.372695000] dev=8 RADIO->APP (1 bytes)
    ff                                               |.|
[23.373853000] dev=8 RADIO->APP (1 bytes)
    ff                                               |.|
[23.374964000] dev=8 RADIO->APP (1 bytes)
    ff                                               |.|
[23.376106000] dev=8 RADIO->APP (1 bytes)
    ff                                               |.|
[23.377316000] dev=8 RADIO->APP (1 bytes)
    ff                                               |.|
[23.378369000] dev=8 RADIO->APP (1 bytes)
    ff                                               |.|
[23.379526000] dev=8 RADIO->APP (1 bytes)
    ff                                               |.|
[23.408726000] dev=8 APP->RADIO (4 bytes)
    52 02 d0 08                                      |R...|
[23.414046000] dev=8 RADIO->APP (1 bytes)
    57                                               |W|
[23.415195000] dev=8 RADIO->APP (1 bytes)
    02                                               |.|
[23.416303000] dev=8 RADIO->APP (1 bytes)
    d0                                               |.|
[23.417362000] dev=8 RADIO->APP (1 bytes)
    08                                               |.|
[23.418487000] dev=8 RADIO->APP (1 bytes)
    ff                                               |.|
[23.419723000] dev=8 RADIO->APP (1 bytes)
    ff                                               |.|
[23.420841000] dev=8 RADIO->APP (1 bytes)
    ff                                               |.|
[23.421965000] dev=8 RADIO->APP (1 bytes)
    ff                                               |.|
[23.423090000] dev=8 RADIO->APP (1 bytes)
    ff                                               |.|
[23.424276000] dev=8 RADIO->APP (1 bytes)
    ff                                               |.|
[23.425284000] dev=8 RADIO->APP (1 bytes)
    ff                                               |.|
[23.426436000] dev=8 RADIO->APP (1 bytes)
    ff                                               |.|
[23.454716000] dev=8 APP->RADIO (4 bytes)
    52 02 d8 08                                      |R...|
[23.459967000] dev=8 RADIO->APP (1 bytes)
    57                                               |W|
[23.461096000] dev=8 RADIO->APP (1 bytes)
    02                                               |.|
[23.462237000] dev=8 RADIO->APP (1 bytes)
    d8                                               |.|
[23.463370000] dev=8 RADIO->APP (1 bytes)
    08                                               |.|
[23.464489000] dev=8 RADIO->APP (1 bytes)
    ff                                               |.|
[23.465614000] dev=8 RADIO->APP (1 bytes)
    ff                                               |.|
[23.466817000] dev=8 RADIO->APP (1 bytes)
    ff                                               |.|
[23.467968000] dev=8 RADIO->APP (1 bytes)
    ff                                               |.|
[23.469082000] dev=8 RADIO->APP (1 bytes)
    ff                                               |.|
[23.470137000] dev=8 RADIO->APP (1 bytes)
    ff                                               |.|
[23.471265000] dev=8 RADIO->APP (1 bytes)
    ff                                               |.|
[23.472413000] dev=8 RADIO->APP (1 bytes)
    ff                                               |.|
[23.502156000] dev=8 APP->RADIO (4 bytes)
    52 02 e0 08                                      |R...|
[23.507492000] dev=8 RADIO->APP (1 bytes)
    57                                               |W|
[23.508619000] dev=8 RADIO->APP (1 bytes)
    02                                               |.|
[23.509767000] dev=8 RADIO->APP (1 bytes)
    e0                                               |.|
[23.510892000] dev=8 RADIO->APP (1 bytes)
    08                                               |.|
[23.511946000] dev=8 RADIO->APP (1 bytes)
    ff                                               |.|
[23.513165000] dev=8 RADIO->APP (1 bytes)
    ff                                               |.|
[23.514293000] dev=8 RADIO->APP (1 bytes)
    ff                                               |.|
[23.515417000] dev=8 RADIO->APP (1 bytes)
    ff                                               |.|
[23.516566000] dev=8 RADIO->APP (1 bytes)
    ff                                               |.|
[23.517691000] dev=8 RADIO->APP (1 bytes)
    ff                                               |.|
[23.518820000] dev=8 RADIO->APP (1 bytes)
    ff                                               |.|
[23.519928000] dev=8 RADIO->APP (1 bytes)
    ff                                               |.|
[23.547914000] dev=8 APP->RADIO (4 bytes)
    52 02 e8 08                                      |R...|
[23.553245000] dev=8 RADIO->APP (1 bytes)
    57                                               |W|
[23.554291000] dev=8 RADIO->APP (1 bytes)
    02                                               |.|
[23.555437000] dev=8 RADIO->APP (1 bytes)
    e8                                               |.|
[23.556587000] dev=8 RADIO->APP (1 bytes)
    08                                               |.|
[23.557687000] dev=8 RADIO->APP (1 bytes)
    ff                                               |.|
[23.558821000] dev=8 RADIO->APP (1 bytes)
    ff                                               |.|
[23.559964000] dev=8 RADIO->APP (1 bytes)
    ff                                               |.|
[23.561096000] dev=8 RADIO->APP (1 bytes)
    ff                                               |.|
[23.562212000] dev=8 RADIO->APP (1 bytes)
    ff                                               |.|
[23.563365000] dev=8 RADIO->APP (1 bytes)
    ff                                               |.|
[23.564467000] dev=8 RADIO->APP (1 bytes)
    ff                                               |.|
[23.565591000] dev=8 RADIO->APP (1 bytes)
    ff                                               |.|
[23.595127000] dev=8 APP->RADIO (4 bytes)
    52 02 f0 08                                      |R...|
[23.600469000] dev=8 RADIO->APP (1 bytes)
    57                                               |W|
[23.601667000] dev=8 RADIO->APP (1 bytes)
    02                                               |.|
[23.602717000] dev=8 RADIO->APP (1 bytes)
    f0                                               |.|
[23.603866000] dev=8 RADIO->APP (1 bytes)
    08                                               |.|
[23.604990000] dev=8 RADIO->APP (1 bytes)
    ff                                               |.|
[23.606116000] dev=8 RADIO->APP (1 bytes)
    ff                                               |.|
[23.607197000] dev=8 RADIO->APP (1 bytes)
    ff                                               |.|
[23.608398000] dev=8 RADIO->APP (1 bytes)
    ff                                               |.|
[23.609517000] dev=8 RADIO->APP (1 bytes)
    ff                                               |.|
[23.610670000] dev=8 RADIO->APP (1 bytes)
    ff                                               |.|
[23.611715000] dev=8 RADIO->APP (1 bytes)
    ff                                               |.|
[23.612922000] dev=8 RADIO->APP (1 bytes)
    ff                                               |.|
[23.641832000] dev=8 APP->RADIO (4 bytes)
    52 02 f8 08                                      |R...|
[23.647174000] dev=8 RADIO->APP (1 bytes)
    57                                               |W|
[23.648293000] dev=8 RADIO->APP (1 bytes)
    02                                               |.|
[23.649443000] dev=8 RADIO->APP (1 bytes)
    f8                                               |.|
[23.650573000] dev=8 RADIO->APP (1 bytes)
    08                                               |.|
[23.651693000] dev=8 RADIO->APP (1 bytes)
    ff                                               |.|
[23.652785000] dev=8 RADIO->APP (1 bytes)
    ff                                               |.|
[23.653957000] dev=8 RADIO->APP (1 bytes)
    ff                                               |.|
[23.655091000] dev=8 RADIO->APP (1 bytes)
    ff                                               |.|
[23.656214000] dev=8 RADIO->APP (1 bytes)
    ff                                               |.|
[23.657365000] dev=8 RADIO->APP (1 bytes)
    ff                                               |.|
[23.658430000] dev=8 RADIO->APP (1 bytes)
    ff                                               |.|
[23.659666000] dev=8 RADIO->APP (1 bytes)
    ff                                               |.|
[23.688537000] dev=8 APP->RADIO (4 bytes)
    52 03 00 08                                      |R...|
[23.693872000] dev=8 RADIO->APP (1 bytes)
    57                                               |W|
[23.695022000] dev=8 RADIO->APP (1 bytes)
    03                                               |.|
[23.696142000] dev=8 RADIO->APP (1 bytes)
    00                                               |.|
[23.697265000] dev=8 RADIO->APP (1 bytes)
    08                                               |.|
[23.698415000] dev=8 RADIO->APP (1 bytes)
    ff                                               |.|
[23.699540000] dev=8 RADIO->APP (1 bytes)
    ff                                               |.|
[23.700591000] dev=8 RADIO->APP (1 bytes)
    ff                                               |.|
[23.701793000] dev=8 RADIO->APP (1 bytes)
    ff                                               |.|
[23.702942000] dev=8 RADIO->APP (1 bytes)
    ff                                               |.|
[23.703998000] dev=8 RADIO->APP (1 bytes)
    ff                                               |.|
[23.705115000] dev=8 RADIO->APP (1 bytes)
    ff                                               |.|
[23.706340000] dev=8 RADIO->APP (1 bytes)
    ff                                               |.|
[23.734305000] dev=8 APP->RADIO (4 bytes)
    52 03 08 08                                      |R...|
[23.739595000] dev=8 RADIO->APP (1 bytes)
    57                                               |W|
[23.740689000] dev=8 RADIO->APP (1 bytes)
    03                                               |.|
[23.741882000] dev=8 RADIO->APP (1 bytes)
    08                                               |.|
[23.742971000] dev=8 RADIO->APP (1 bytes)
    08                                               |.|
[23.744091000] dev=8 RADIO->APP (1 bytes)
    ff                                               |.|
[23.745214000] dev=8 RADIO->APP (1 bytes)
    ff                                               |.|
[23.746316000] dev=8 RADIO->APP (1 bytes)
    ff                                               |.|
[23.747489000] dev=8 RADIO->APP (1 bytes)
    ff                                               |.|
[23.748614000] dev=8 RADIO->APP (1 bytes)
    ff                                               |.|
[23.749718000] dev=8 RADIO->APP (1 bytes)
    ff                                               |.|
[23.750868000] dev=8 RADIO->APP (1 bytes)
    ff                                               |.|
[23.752018000] dev=8 RADIO->APP (1 bytes)
    ff                                               |.|
[23.780910000] dev=8 APP->RADIO (4 bytes)
    52 03 10 08                                      |R...|
[23.786174000] dev=8 RADIO->APP (1 bytes)
    57                                               |W|
[23.787295000] dev=8 RADIO->APP (1 bytes)
    03                                               |.|
[23.788420000] dev=8 RADIO->APP (1 bytes)
    10                                               |.|
[23.789571000] dev=8 RADIO->APP (1 bytes)
    08                                               |.|
[23.790716000] dev=8 RADIO->APP (1 bytes)
    ff                                               |.|
[23.791914000] dev=8 RADIO->APP (1 bytes)
    ff                                               |.|
[23.792966000] dev=8 RADIO->APP (1 bytes)
    ff                                               |.|
[23.794189000] dev=8 RADIO->APP (1 bytes)
    ff                                               |.|
[23.795241000] dev=8 RADIO->APP (1 bytes)
    ff                                               |.|
[23.796341000] dev=8 RADIO->APP (1 bytes)
    ff                                               |.|
[23.797597000] dev=8 RADIO->APP (1 bytes)
    ff                                               |.|
[23.798638000] dev=8 RADIO->APP (1 bytes)
    ff                                               |.|
[23.827048000] dev=8 APP->RADIO (4 bytes)
    52 03 18 08                                      |R...|
[23.832293000] dev=8 RADIO->APP (1 bytes)
    57                                               |W|
[23.833416000] dev=8 RADIO->APP (1 bytes)
    03                                               |.|
[23.834589000] dev=8 RADIO->APP (1 bytes)
    18                                               |.|
[23.835713000] dev=8 RADIO->APP (1 bytes)
    08                                               |.|
[23.836838000] dev=8 RADIO->APP (1 bytes)
    ff                                               |.|
[23.837962000] dev=8 RADIO->APP (1 bytes)
    ff                                               |.|
[23.839089000] dev=8 RADIO->APP (1 bytes)
    ff                                               |.|
[23.840238000] dev=8 RADIO->APP (1 bytes)
    ff                                               |.|
[23.841374000] dev=8 RADIO->APP (1 bytes)
    ff                                               |.|
[23.842465000] dev=8 RADIO->APP (1 bytes)
    ff                                               |.|
[23.843617000] dev=8 RADIO->APP (1 bytes)
    ff                                               |.|
[23.844766000] dev=8 RADIO->APP (1 bytes)
    ff                                               |.|
[23.874033000] dev=8 APP->RADIO (4 bytes)
    52 03 20 08                                      |R. .|
[23.879273000] dev=8 RADIO->APP (1 bytes)
    57                                               |W|
[23.880428000] dev=8 RADIO->APP (1 bytes)
    03                                               |.|
[23.881566000] dev=8 RADIO->APP (1 bytes)
    20                                               | |
[23.882666000] dev=8 RADIO->APP (1 bytes)
    08                                               |.|
[23.883815000] dev=8 RADIO->APP (1 bytes)
    ff                                               |.|
[23.884945000] dev=8 RADIO->APP (1 bytes)
    ff                                               |.|
[23.886089000] dev=8 RADIO->APP (1 bytes)
    ff                                               |.|
[23.887221000] dev=8 RADIO->APP (1 bytes)
    ff                                               |.|
[23.888337000] dev=8 RADIO->APP (1 bytes)
    ff                                               |.|
[23.889466000] dev=8 RADIO->APP (1 bytes)
    ff                                               |.|
[23.890594000] dev=8 RADIO->APP (1 bytes)
    ff                                               |.|
[23.891723000] dev=8 RADIO->APP (1 bytes)
    ff                                               |.|
[23.920179000] dev=8 APP->RADIO (4 bytes)
    52 03 28 08                                      |R.(.|
[23.925451000] dev=8 RADIO->APP (1 bytes)
    57                                               |W|
[23.926590000] dev=8 RADIO->APP (1 bytes)
    03                                               |.|
[23.927688000] dev=8 RADIO->APP (1 bytes)
    28                                               |(|
[23.928837000] dev=8 RADIO->APP (1 bytes)
    08                                               |.|
[23.929965000] dev=8 RADIO->APP (1 bytes)
    ff                                               |.|
[23.931093000] dev=8 RADIO->APP (1 bytes)
    ff                                               |.|
[23.932208000] dev=8 RADIO->APP (1 bytes)
    ff                                               |.|
[23.933373000] dev=8 RADIO->APP (1 bytes)
    ff                                               |.|
[23.934499000] dev=8 RADIO->APP (1 bytes)
    ff                                               |.|
[23.935590000] dev=8 RADIO->APP (1 bytes)
    ff                                               |.|
[23.936717000] dev=8 RADIO->APP (1 bytes)
    ff                                               |.|
[23.937865000] dev=8 RADIO->APP (1 bytes)
    ff                                               |.|
[23.966900000] dev=8 APP->RADIO (4 bytes)
    52 03 30 08                                      |R.0.|
[23.972150000] dev=8 RADIO->APP (1 bytes)
    57                                               |W|
[23.973266000] dev=8 RADIO->APP (1 bytes)
    03                                               |.|
[23.974396000] dev=8 RADIO->APP (1 bytes)
    30                                               |0|
[23.975574000] dev=8 RADIO->APP (1 bytes)
    08                                               |.|
[23.976663000] dev=8 RADIO->APP (1 bytes)
    ff                                               |.|
[23.977814000] dev=8 RADIO->APP (1 bytes)
    ff                                               |.|
[23.978940000] dev=8 RADIO->APP (1 bytes)
    ff                                               |.|
[23.980090000] dev=8 RADIO->APP (1 bytes)
    ff                                               |.|
[23.981216000] dev=8 RADIO->APP (1 bytes)
    ff                                               |.|
[23.982318000] dev=8 RADIO->APP (1 bytes)
    ff                                               |.|
[23.983467000] dev=8 RADIO->APP (1 bytes)
    ff                                               |.|
[23.984570000] dev=8 RADIO->APP (1 bytes)
    ff                                               |.|
[24.013665000] dev=8 APP->RADIO (4 bytes)
    52 03 38 08                                      |R.8.|
[24.018949000] dev=8 RADIO->APP (1 bytes)
    57                                               |W|
[24.020065000] dev=8 RADIO->APP (1 bytes)
    03                                               |.|
[24.021197000] dev=8 RADIO->APP (1 bytes)
    38                                               |8|
[24.022319000] dev=8 RADIO->APP (1 bytes)
    08                                               |.|
[24.023438000] dev=8 RADIO->APP (1 bytes)
    ff                                               |.|
[24.024589000] dev=8 RADIO->APP (1 bytes)
    ff                                               |.|
[24.025694000] dev=8 RADIO->APP (1 bytes)
    ff                                               |.|
[24.026822000] dev=8 RADIO->APP (1 bytes)
    ff                                               |.|
[24.027964000] dev=8 RADIO->APP (1 bytes)
    ff                                               |.|
[24.029115000] dev=8 RADIO->APP (1 bytes)
    ff                                               |.|
[24.030220000] dev=8 RADIO->APP (1 bytes)
    ff                                               |.|
[24.031340000] dev=8 RADIO->APP (1 bytes)
    ff                                               |.|
[24.060087000] dev=8 APP->RADIO (4 bytes)
    52 03 40 08                                      |R.@.|
[24.065352000] dev=8 RADIO->APP (1 bytes)
    57                                               |W|
[24.066491000] dev=8 RADIO->APP (1 bytes)
    03                                               |.|
[24.067618000] dev=8 RADIO->APP (1 bytes)
    40                                               |@|
[24.068781000] dev=8 RADIO->APP (1 bytes)
    08                                               |.|
[24.069902000] dev=8 RADIO->APP (1 bytes)
    ff                                               |.|
[24.071028000] dev=8 RADIO->APP (1 bytes)
    ff                                               |.|
[24.072120000] dev=8 RADIO->APP (1 bytes)
    ff                                               |.|
[24.073268000] dev=8 RADIO->APP (1 bytes)
    ff                                               |.|
[24.074416000] dev=8 RADIO->APP (1 bytes)
    ff                                               |.|
[24.075566000] dev=8 RADIO->APP (1 bytes)
    ff                                               |.|
[24.076678000] dev=8 RADIO->APP (1 bytes)
    ff                                               |.|
[24.077817000] dev=8 RADIO->APP (1 bytes)
    ff                                               |.|
[24.106101000] dev=8 APP->RADIO (4 bytes)
    52 03 48 08                                      |R.H.|
[24.111346000] dev=8 RADIO->APP (1 bytes)
    57                                               |W|
[24.112466000] dev=8 RADIO->APP (1 bytes)
    03                                               |.|
[24.113612000] dev=8 RADIO->APP (1 bytes)
    48                                               |H|
[24.114742000] dev=8 RADIO->APP (1 bytes)
    08                                               |.|
[24.115863000] dev=8 RADIO->APP (1 bytes)
    ff                                               |.|
[24.117020000] dev=8 RADIO->APP (1 bytes)
    ff                                               |.|
[24.118157000] dev=8 RADIO->APP (1 bytes)
    ff                                               |.|
[24.119263000] dev=8 RADIO->APP (1 bytes)
    ff                                               |.|
[24.120384000] dev=8 RADIO->APP (1 bytes)
    ff                                               |.|
[24.121596000] dev=8 RADIO->APP (1 bytes)
    ff                                               |.|
[24.122665000] dev=8 RADIO->APP (1 bytes)
    ff                                               |.|
[24.123792000] dev=8 RADIO->APP (1 bytes)
    ff                                               |.|
[24.152753000] dev=8 APP->RADIO (4 bytes)
    52 03 50 08                                      |R.P.|
[24.157993000] dev=8 RADIO->APP (1 bytes)
    57                                               |W|
[24.159141000] dev=8 RADIO->APP (1 bytes)
    03                                               |.|
[24.160266000] dev=8 RADIO->APP (1 bytes)
    50                                               |P|
[24.161391000] dev=8 RADIO->APP (1 bytes)
    08                                               |.|
[24.162592000] dev=8 RADIO->APP (1 bytes)
    ff                                               |.|
[24.163666000] dev=8 RADIO->APP (1 bytes)
    ff                                               |.|
[24.164791000] dev=8 RADIO->APP (1 bytes)
    ff                                               |.|
[24.165916000] dev=8 RADIO->APP (1 bytes)
    ff                                               |.|
[24.167041000] dev=8 RADIO->APP (1 bytes)
    ff                                               |.|
[24.168198000] dev=8 RADIO->APP (1 bytes)
    ff                                               |.|
[24.169314000] dev=8 RADIO->APP (1 bytes)
    ff                                               |.|
[24.170441000] dev=8 RADIO->APP (1 bytes)
    ff                                               |.|
[24.199372000] dev=8 APP->RADIO (4 bytes)
    52 03 58 08                                      |R.X.|
[24.204647000] dev=8 RADIO->APP (1 bytes)
    57                                               |W|
[24.205775000] dev=8 RADIO->APP (1 bytes)
    03                                               |.|
[24.206916000] dev=8 RADIO->APP (1 bytes)
    58                                               |X|
[24.208037000] dev=8 RADIO->APP (1 bytes)
    08                                               |.|
[24.209165000] dev=8 RADIO->APP (1 bytes)
    ff                                               |.|
[24.210289000] dev=8 RADIO->APP (1 bytes)
    ff                                               |.|
[24.211441000] dev=8 RADIO->APP (1 bytes)
    ff                                               |.|
[24.212593000] dev=8 RADIO->APP (1 bytes)
    ff                                               |.|
[24.213700000] dev=8 RADIO->APP (1 bytes)
    ff                                               |.|
[24.214866000] dev=8 RADIO->APP (1 bytes)
    ff                                               |.|
[24.215964000] dev=8 RADIO->APP (1 bytes)
    ff                                               |.|
[24.217094000] dev=8 RADIO->APP (1 bytes)
    ff                                               |.|
[24.245869000] dev=8 APP->RADIO (4 bytes)
    52 03 60 08                                      |R.`.|
[24.251126000] dev=8 RADIO->APP (1 bytes)
    57                                               |W|
[24.252248000] dev=8 RADIO->APP (1 bytes)
    03                                               |.|
[24.253397000] dev=8 RADIO->APP (1 bytes)
    60                                               |`|
[24.254571000] dev=8 RADIO->APP (1 bytes)
    08                                               |.|
[24.255645000] dev=8 RADIO->APP (1 bytes)
    ff                                               |.|
[24.256771000] dev=8 RADIO->APP (1 bytes)
    ff                                               |.|
[24.257920000] dev=8 RADIO->APP (1 bytes)
    ff                                               |.|
[24.259064000] dev=8 RADIO->APP (1 bytes)
    ff                                               |.|
[24.260194000] dev=8 RADIO->APP (1 bytes)
    ff                                               |.|
[24.261336000] dev=8 RADIO->APP (1 bytes)
    ff                                               |.|
[24.262447000] dev=8 RADIO->APP (1 bytes)
    ff                                               |.|
[24.263565000] dev=8 RADIO->APP (1 bytes)
    ff                                               |.|
[24.292434000] dev=8 APP->RADIO (4 bytes)
    52 03 68 08                                      |R.h.|
[24.297774000] dev=8 RADIO->APP (1 bytes)
    57                                               |W|
[24.298892000] dev=8 RADIO->APP (1 bytes)
    03                                               |.|
[24.300017000] dev=8 RADIO->APP (1 bytes)
    68                                               |h|
[24.301145000] dev=8 RADIO->APP (1 bytes)
    08                                               |.|
[24.302294000] dev=8 RADIO->APP (1 bytes)
    ff                                               |.|
[24.303422000] dev=8 RADIO->APP (1 bytes)
    ff                                               |.|
[24.304599000] dev=8 RADIO->APP (1 bytes)
    ff                                               |.|
[24.305678000] dev=8 RADIO->APP (1 bytes)
    ff                                               |.|
[24.306798000] dev=8 RADIO->APP (1 bytes)
    ff                                               |.|
[24.307969000] dev=8 RADIO->APP (1 bytes)
    ff                                               |.|
[24.309069000] dev=8 RADIO->APP (1 bytes)
    ff                                               |.|
[24.310195000] dev=8 RADIO->APP (1 bytes)
    ff                                               |.|
[24.340234000] dev=8 APP->RADIO (4 bytes)
    52 03 70 08                                      |R.p.|
[24.345473000] dev=8 RADIO->APP (1 bytes)
    57                                               |W|
[24.346620000] dev=8 RADIO->APP (1 bytes)
    03                                               |.|
[24.347747000] dev=8 RADIO->APP (1 bytes)
    70                                               |p|
[24.348871000] dev=8 RADIO->APP (1 bytes)
    08                                               |.|
[24.349998000] dev=8 RADIO->APP (1 bytes)
    ff                                               |.|
[24.351146000] dev=8 RADIO->APP (1 bytes)
    ff                                               |.|
[24.352272000] dev=8 RADIO->APP (1 bytes)
    ff                                               |.|
[24.353398000] dev=8 RADIO->APP (1 bytes)
    ff                                               |.|
[24.354591000] dev=8 RADIO->APP (1 bytes)
    ff                                               |.|
[24.355672000] dev=8 RADIO->APP (1 bytes)
    ff                                               |.|
[24.356819000] dev=8 RADIO->APP (1 bytes)
    ff                                               |.|
[24.357914000] dev=8 RADIO->APP (1 bytes)
    ff                                               |.|
[24.387732000] dev=8 APP->RADIO (4 bytes)
    52 03 78 08                                      |R.x.|
[24.393028000] dev=8 RADIO->APP (1 bytes)
    57                                               |W|
[24.394152000] dev=8 RADIO->APP (1 bytes)
    03                                               |.|
[24.395273000] dev=8 RADIO->APP (1 bytes)
    78                                               |x|
[24.396412000] dev=8 RADIO->APP (1 bytes)
    08                                               |.|
[24.397568000] dev=8 RADIO->APP (1 bytes)
    ff                                               |.|
[24.398693000] dev=8 RADIO->APP (1 bytes)
    ff                                               |.|
[24.399800000] dev=8 RADIO->APP (1 bytes)
    ff                                               |.|
[24.400924000] dev=8 RADIO->APP (1 bytes)
    ff                                               |.|
[24.402071000] dev=8 RADIO->APP (1 bytes)
    ff                                               |.|
[24.403198000] dev=8 RADIO->APP (1 bytes)
    ff                                               |.|
[24.404323000] dev=8 RADIO->APP (1 bytes)
    ff                                               |.|
[24.405469000] dev=8 RADIO->APP (1 bytes)
    ff                                               |.|
[24.434375000] dev=8 APP->RADIO (4 bytes)
    52 03 80 08                                      |R...|
[24.439642000] dev=8 RADIO->APP (1 bytes)
    57                                               |W|
[24.440765000] dev=8 RADIO->APP (1 bytes)
    03                                               |.|
[24.441922000] dev=8 RADIO->APP (1 bytes)
    80                                               |.|
[24.443041000] dev=8 RADIO->APP (1 bytes)
    08                                               |.|
[24.444164000] dev=8 RADIO->APP (1 bytes)
    ff                                               |.|
[24.445288000] dev=8 RADIO->APP (1 bytes)
    ff                                               |.|
[24.446421000] dev=8 RADIO->APP (1 bytes)
    ff                                               |.|
[24.447591000] dev=8 RADIO->APP (1 bytes)
    ff                                               |.|
[24.448688000] dev=8 RADIO->APP (1 bytes)
    ff                                               |.|
[24.449791000] dev=8 RADIO->APP (1 bytes)
    ff                                               |.|
[24.450917000] dev=8 RADIO->APP (1 bytes)
    ff                                               |.|
[24.452091000] dev=8 RADIO->APP (1 bytes)
    ff                                               |.|
[24.480590000] dev=8 APP->RADIO (4 bytes)
    52 03 88 08                                      |R...|
[24.485866000] dev=8 RADIO->APP (1 bytes)
    57                                               |W|
[24.486989000] dev=8 RADIO->APP (1 bytes)
    03                                               |.|
[24.488112000] dev=8 RADIO->APP (1 bytes)
    88                                               |.|
[24.489239000] dev=8 RADIO->APP (1 bytes)
    08                                               |.|
[24.490389000] dev=8 RADIO->APP (1 bytes)
    ff                                               |.|
[24.491588000] dev=8 RADIO->APP (1 bytes)
    ff                                               |.|
[24.492614000] dev=8 RADIO->APP (1 bytes)
    ff                                               |.|
[24.493773000] dev=8 RADIO->APP (1 bytes)
    ff                                               |.|
[24.494916000] dev=8 RADIO->APP (1 bytes)
    ff                                               |.|
[24.496049000] dev=8 RADIO->APP (1 bytes)
    ff                                               |.|
[24.497164000] dev=8 RADIO->APP (1 bytes)
    ff                                               |.|
[24.498290000] dev=8 RADIO->APP (1 bytes)
    ff                                               |.|
[24.526803000] dev=8 APP->RADIO (4 bytes)
    52 03 90 08                                      |R...|
[24.532073000] dev=8 RADIO->APP (1 bytes)
    57                                               |W|
[24.533191000] dev=8 RADIO->APP (1 bytes)
    03                                               |.|
[24.534314000] dev=8 RADIO->APP (1 bytes)
    90                                               |.|
[24.535437000] dev=8 RADIO->APP (1 bytes)
    08                                               |.|
[24.536591000] dev=8 RADIO->APP (1 bytes)
    ff                                               |.|
[24.537717000] dev=8 RADIO->APP (1 bytes)
    ff                                               |.|
[24.538841000] dev=8 RADIO->APP (1 bytes)
    ff                                               |.|
[24.539966000] dev=8 RADIO->APP (1 bytes)
    ff                                               |.|
[24.541090000] dev=8 RADIO->APP (1 bytes)
    ff                                               |.|
[24.542220000] dev=8 RADIO->APP (1 bytes)
    ff                                               |.|
[24.543340000] dev=8 RADIO->APP (1 bytes)
    ff                                               |.|
[24.544467000] dev=8 RADIO->APP (1 bytes)
    ff                                               |.|
[24.572235000] dev=8 APP->RADIO (4 bytes)
    52 03 98 08                                      |R...|
[24.577473000] dev=8 RADIO->APP (1 bytes)
    57                                               |W|
[24.578618000] dev=8 RADIO->APP (1 bytes)
    03                                               |.|
[24.579741000] dev=8 RADIO->APP (1 bytes)
    98                                               |.|
[24.580890000] dev=8 RADIO->APP (1 bytes)
    08                                               |.|
[24.582015000] dev=8 RADIO->APP (1 bytes)
    ff                                               |.|
[24.583139000] dev=8 RADIO->APP (1 bytes)
    ff                                               |.|
[24.584265000] dev=8 RADIO->APP (1 bytes)
    ff                                               |.|
[24.585390000] dev=8 RADIO->APP (1 bytes)
    ff                                               |.|
[24.586589000] dev=8 RADIO->APP (1 bytes)
    ff                                               |.|
[24.587645000] dev=8 RADIO->APP (1 bytes)
    ff                                               |.|
[24.588792000] dev=8 RADIO->APP (1 bytes)
    ff                                               |.|
[24.589914000] dev=8 RADIO->APP (1 bytes)
    ff                                               |.|
[24.618817000] dev=8 APP->RADIO (4 bytes)
    52 03 a0 08                                      |R...|
[24.624090000] dev=8 RADIO->APP (1 bytes)
    57                                               |W|
[24.625248000] dev=8 RADIO->APP (1 bytes)
    03                                               |.|
[24.626340000] dev=8 RADIO->APP (1 bytes)
    a0                                               |.|
[24.627464000] dev=8 RADIO->APP (1 bytes)
    08                                               |.|
[24.628587000] dev=8 RADIO->APP (1 bytes)
    ff                                               |.|
[24.629737000] dev=8 RADIO->APP (1 bytes)
    ff                                               |.|
[24.630865000] dev=8 RADIO->APP (1 bytes)
    ff                                               |.|
[24.631990000] dev=8 RADIO->APP (1 bytes)
    ff                                               |.|
[24.633115000] dev=8 RADIO->APP (1 bytes)
    ff                                               |.|
[24.634242000] dev=8 RADIO->APP (1 bytes)
    ff                                               |.|
[24.635395000] dev=8 RADIO->APP (1 bytes)
    ff                                               |.|
[24.636589000] dev=8 RADIO->APP (1 bytes)
    ff                                               |.|
[24.664847000] dev=8 APP->RADIO (4 bytes)
    52 03 a8 08                                      |R...|
[24.670093000] dev=8 RADIO->APP (1 bytes)
    57                                               |W|
[24.671241000] dev=8 RADIO->APP (1 bytes)
    03                                               |.|
[24.672343000] dev=8 RADIO->APP (1 bytes)
    a8                                               |.|
[24.673492000] dev=8 RADIO->APP (1 bytes)
    08                                               |.|
[24.674613000] dev=8 RADIO->APP (1 bytes)
    ff                                               |.|
[24.675765000] dev=8 RADIO->APP (1 bytes)
    ff                                               |.|
[24.676868000] dev=8 RADIO->APP (1 bytes)
    ff                                               |.|
[24.677990000] dev=8 RADIO->APP (1 bytes)
    ff                                               |.|
[24.679138000] dev=8 RADIO->APP (1 bytes)
    ff                                               |.|
[24.680258000] dev=8 RADIO->APP (1 bytes)
    ff                                               |.|
[24.681368000] dev=8 RADIO->APP (1 bytes)
    ff                                               |.|
[24.682590000] dev=8 RADIO->APP (1 bytes)
    ff                                               |.|
[24.712098000] dev=8 APP->RADIO (4 bytes)
    52 03 b0 08                                      |R...|
[24.717370000] dev=8 RADIO->APP (1 bytes)
    57                                               |W|
[24.718490000] dev=8 RADIO->APP (1 bytes)
    03                                               |.|
[24.719617000] dev=8 RADIO->APP (1 bytes)
    b0                                               |.|
[24.720739000] dev=8 RADIO->APP (1 bytes)
    08                                               |.|
[24.721863000] dev=8 RADIO->APP (1 bytes)
    ff                                               |.|
[24.723012000] dev=8 RADIO->APP (1 bytes)
    ff                                               |.|
[24.724138000] dev=8 RADIO->APP (1 bytes)
    ff                                               |.|
[24.725293000] dev=8 RADIO->APP (1 bytes)
    ff                                               |.|
[24.726387000] dev=8 RADIO->APP (1 bytes)
    ff                                               |.|
[24.727590000] dev=8 RADIO->APP (1 bytes)
    ff                                               |.|
[24.728660000] dev=8 RADIO->APP (1 bytes)
    00                                               |.|
[24.729787000] dev=8 RADIO->APP (1 bytes)
    ff                                               |.|
[24.758103000] dev=8 APP->RADIO (4 bytes)
    52 03 b8 08                                      |R...|
[24.763344000] dev=8 RADIO->APP (1 bytes)
    57                                               |W|
[24.764462000] dev=8 RADIO->APP (1 bytes)
    03                                               |.|
[24.765587000] dev=8 RADIO->APP (1 bytes)
    b8                                               |.|
[24.766712000] dev=8 RADIO->APP (1 bytes)
    08                                               |.|
[24.767862000] dev=8 RADIO->APP (1 bytes)
    ff                                               |.|
[24.768988000] dev=8 RADIO->APP (1 bytes)
    ff                                               |.|
[24.770113000] dev=8 RADIO->APP (1 bytes)
    ff                                               |.|
[24.771237000] dev=8 RADIO->APP (1 bytes)
    ff                                               |.|
[24.772363000] dev=8 RADIO->APP (1 bytes)
    ff                                               |.|
[24.773563000] dev=8 RADIO->APP (1 bytes)
    ff                                               |.|
[24.774646000] dev=8 RADIO->APP (1 bytes)
    ff                                               |.|
[24.775765000] dev=8 RADIO->APP (1 bytes)
    ff                                               |.|
[24.804191000] dev=8 APP->RADIO (4 bytes)
    52 03 c0 08                                      |R...|
[24.809426000] dev=8 RADIO->APP (1 bytes)
    57                                               |W|
[24.810570000] dev=8 RADIO->APP (1 bytes)
    03                                               |.|
[24.811695000] dev=8 RADIO->APP (1 bytes)
    c0                                               |.|
[24.812820000] dev=8 RADIO->APP (1 bytes)
    08                                               |.|
[24.813945000] dev=8 RADIO->APP (1 bytes)
    9b                                               |.|
[24.815094000] dev=8 RADIO->APP (1 bytes)
    05                                               |.|
[24.816218000] dev=8 RADIO->APP (1 bytes)
    00                                               |.|
[24.817367000] dev=8 RADIO->APP (1 bytes)
    06                                               |.|
[24.818462000] dev=8 RADIO->APP (1 bytes)
    00                                               |.|
[24.819616000] dev=8 RADIO->APP (1 bytes)
    02                                               |.|
[24.820745000] dev=8 RADIO->APP (1 bytes)
    03                                               |.|
[24.821892000] dev=8 RADIO->APP (1 bytes)
    00                                               |.|
[24.851343000] dev=8 APP->RADIO (4 bytes)
    52 03 c8 08                                      |R...|
[24.856621000] dev=8 RADIO->APP (1 bytes)
    57                                               |W|
[24.857740000] dev=8 RADIO->APP (1 bytes)
    03                                               |.|
[24.858864000] dev=8 RADIO->APP (1 bytes)
    c8                                               |.|
[24.859996000] dev=8 RADIO->APP (1 bytes)
    08                                               |.|
[24.861115000] dev=8 RADIO->APP (1 bytes)
    00                                               |.|
[24.862265000] dev=8 RADIO->APP (1 bytes)
    00                                               |.|
[24.863388000] dev=8 RADIO->APP (1 bytes)
    00                                               |.|
[24.864565000] dev=8 RADIO->APP (1 bytes)
    00                                               |.|
[24.865615000] dev=8 RADIO->APP (1 bytes)
    00                                               |.|
[24.866741000] dev=8 RADIO->APP (1 bytes)
    f8                                               |.|
[24.867914000] dev=8 RADIO->APP (1 bytes)
    ff                                               |.|
[24.869037000] dev=8 RADIO->APP (1 bytes)
    ff                                               |.|
[24.898312000] dev=8 APP->RADIO (4 bytes)
    52 03 d0 08                                      |R...|
[24.903596000] dev=8 RADIO->APP (1 bytes)
    57                                               |W|
[24.904716000] dev=8 RADIO->APP (1 bytes)
    03                                               |.|
[24.905840000] dev=8 RADIO->APP (1 bytes)
    d0                                               |.|
[24.906976000] dev=8 RADIO->APP (1 bytes)
    08                                               |.|
[24.908094000] dev=8 RADIO->APP (1 bytes)
    53                                               |S|
[24.909192000] dev=8 RADIO->APP (1 bytes)
    4d                                               |M|
[24.910342000] dev=8 RADIO->APP (1 bytes)
    ff                                               |.|
[24.911467000] dev=8 RADIO->APP (1 bytes)
    50                                               |P|
[24.912591000] dev=8 RADIO->APP (1 bytes)
    35                                               |5|
[24.913720000] dev=8 RADIO->APP (1 bytes)
    35                                               |5|
[24.914844000] dev=8 RADIO->APP (1 bytes)
    38                                               |8|
[24.915973000] dev=8 RADIO->APP (1 bytes)
    ff                                               |.|
[24.945334000] dev=8 APP->RADIO (4 bytes)
    52 03 d8 08                                      |R...|
[24.950596000] dev=8 RADIO->APP (1 bytes)
    57                                               |W|
[24.951714000] dev=8 RADIO->APP (1 bytes)
    03                                               |.|
[24.952864000] dev=8 RADIO->APP (1 bytes)
    d8                                               |.|
[24.953990000] dev=8 RADIO->APP (1 bytes)
    08                                               |.|
[24.955114000] dev=8 RADIO->APP (1 bytes)
    ff                                               |.|
[24.956227000] dev=8 RADIO->APP (1 bytes)
    ff                                               |.|
[24.957342000] dev=8 RADIO->APP (1 bytes)
    ff                                               |.|
[24.958470000] dev=8 RADIO->APP (1 bytes)
    ff                                               |.|
[24.959619000] dev=8 RADIO->APP (1 bytes)
    ff                                               |.|
[24.960745000] dev=8 RADIO->APP (1 bytes)
    ff                                               |.|
[24.961871000] dev=8 RADIO->APP (1 bytes)
    ff                                               |.|
[24.962993000] dev=8 RADIO->APP (1 bytes)
    ff                                               |.|
[24.992040000] dev=8 APP->RADIO (4 bytes)
    52 03 e0 08                                      |R...|
[24.997268000] dev=8 RADIO->APP (1 bytes)
    57                                               |W|
[24.998414000] dev=8 RADIO->APP (1 bytes)
    03                                               |.|
[24.999563000] dev=8 RADIO->APP (1 bytes)
    e0                                               |.|
[25.000664000] dev=8 RADIO->APP (1 bytes)
    08                                               |.|
[25.001815000] dev=8 RADIO->APP (1 bytes)
    ff                                               |.|
[25.002940000] dev=8 RADIO->APP (1 bytes)
    ff                                               |.|
[25.004068000] dev=8 RADIO->APP (1 bytes)
    ff                                               |.|
[25.005237000] dev=8 RADIO->APP (1 bytes)
    ff                                               |.|
[25.006365000] dev=8 RADIO->APP (1 bytes)
    ff                                               |.|
[25.007537000] dev=8 RADIO->APP (1 bytes)
    ff                                               |.|
[25.008704000] dev=8 RADIO->APP (1 bytes)
    ff                                               |.|
[25.009719000] dev=8 RADIO->APP (1 bytes)
    ff                                               |.|
[25.038556000] dev=8 APP->RADIO (4 bytes)
    52 03 e8 08                                      |R...|
[25.043893000] dev=8 RADIO->APP (1 bytes)
    57                                               |W|
[25.044997000] dev=8 RADIO->APP (1 bytes)
    03                                               |.|
[25.046141000] dev=8 RADIO->APP (1 bytes)
    e8                                               |.|
[25.047243000] dev=8 RADIO->APP (1 bytes)
    08                                               |.|
[25.048394000] dev=8 RADIO->APP (1 bytes)
    ff                                               |.|
[25.049535000] dev=8 RADIO->APP (1 bytes)
    ff                                               |.|
[25.050660000] dev=8 RADIO->APP (1 bytes)
    ff                                               |.|
[25.051784000] dev=8 RADIO->APP (1 bytes)
    ff                                               |.|
[25.052914000] dev=8 RADIO->APP (1 bytes)
    ff                                               |.|
[25.054061000] dev=8 RADIO->APP (1 bytes)
    ff                                               |.|
[25.055114000] dev=8 RADIO->APP (1 bytes)
    ff                                               |.|
[25.056239000] dev=8 RADIO->APP (1 bytes)
    ff                                               |.|
[25.151597000] dev=8 RADIO->APP (10 bytes)
    a1 20 00 00 00 00 02 00 00 1e                    |. ........|
